<?xml version="1.0" encoding="UTF-8"?>
<!DOCTYPE X3D PUBLIC "ISO//Web3D//DTD X3D 4.1//EN" "https://www.web3d.org/specifications/x3d-3.3.dtd">
<X3D xmlns:xsd="https://www.w3.org/2001/XMLSchema-instance" profile="Immersive" version="4.1" xsd:noNamespaceSchemaLocation="https://www.web3d.org/specifications/x3d-4.1.xsd">
  <head>
    <component level="1" name="HAnim" />
    <meta content="LaughingUpperSkeleton.x3d" name="title" />
    <meta content="Human bone model upper torso with animation, touch box to toggle" name="description" />
    <meta content="24 February 2026" name="created" />
    <meta content="1 March 2026" name="translated" />
    <meta content="31 March 2026" name="modified" />
    <meta content="Joe Williams, Don Brutzman" name="creator" />
    <meta content="Joe Williams, Don Brutzman" name="translator" />
    <meta content="replace geometry definitions with InlineGeometry" name="TODO" />
    <meta content="document unit conversions applied: approximation of inches to meters, which ordinarily is a scale factor of 0.0254" name="TODO" />
    <meta content="X_ITE V14.0.6, https://create3000.github.io/x_ite/" name="generator" />
    <meta content="X3D-Edit 4.0, https://www.web3d.org/x3d/tools/X3D-Edit" name="generator" />
    <meta content="https://www.web3d.org/x3d/content/examples/HumanoidAnimation/Medical/LaughingUpperSkeleton.x3d" name="identifier" />
    <meta content="../license.html" name="license" />
  </head>
  <Scene>
    <WorldInfo title="LaughingUpperSkeleton.x3d" />
    <NavigationInfo headlight="false" speed="0.5" />
    <Viewpoint DEF="Joe_FrontView_1" centerOfRotation="0 1.5675 -0.0256" description="Joe_Front View" position="0 1.55 1.2" />
    <Viewpoint DEF="Joe_SideView" description="Joe_Side View" orientation="0 1 0 1.5708" position="2 1.3 0" />
    <Viewpoint DEF="Joe_TopView" description="Joe_Top View" orientation="1 0 0 -1.5708" position="0 3.5 0" />
    <Viewpoint DEF="Joe_FrontView" centerOfRotation="0 1.5675 -0.0256" description="Joe2_Front View" position="0 1.55 0.55" />
    <Viewpoint DEF="Joe_InclinedView" description="Joe_Inclined View" orientation="-0.113 0.993 0.0347 0.671" position="1.62 1.75 1.76" />
    <DirectionalLight global="true" intensity="0.7" />
    <DirectionalLight direction="0 0 1" global="true" intensity="0.8" />
    <DirectionalLight direction="0.15 0 0" global="true" intensity="0.5" />
    <Transform DEF="MatDefBox" scale="0.12 0.02 0.02">
      <Shape>
        <Appearance DEF="Bone">
          <Material ambientIntensity="0.7" diffuseColor="1 0.98 0.87" emissiveColor="0.1 0.1 0.1" shininess="0.7" specularColor="0.95 0.95 0.95" />
        </Appearance>
        <Box />
      </Shape>
    </Transform>
    <Transform DEF="MatDefBox1" scale="0.02 0.02 0.12">
      <Shape>
        <Appearance DEF="Teeth">
          <Material ambientIntensity="0.9" diffuseColor="1 0.98 0.87" emissiveColor="0.5 0.5 0.5" shininess="0.9" specularColor="0.35 0.35 0.35" />
        </Appearance>
        <Box />
      </Shape>
    </Transform>
    <Transform DEF="Box" scale="0.25 0.25 0.25" translation="0 2 -0.5">
      <TouchSensor DEF="GoTimer" />
      <Shape>
        <Appearance>
          <Material diffuseColor="0.9 0 0.7" emissiveColor="0.424956 0.483976 1" />
        </Appearance>
        <Box size="1.5 0.35 1" />
      </Shape>
    </Transform>
    <HAnimHumanoid DEF="Joe_Humanoid" name="JoeISO">
      <HAnimJoint DEF="Joe_HumanoidRoot" center="0 0.875 0" containerField="skeleton" name="humanoid_root">
        <HAnimJoint DEF="Joe_vt9" center="0 1.268 -0.1" name="vt9">
          <HAnimSegment DEF="Joe_t9" name="t9">
            <Transform DEF="SpineSkeletonParts">
              
              <Shape DEF="c4disc">
                <Appearance DEF="ReplacementAppearance">
                  <Material diffuseColor="0.741176 1 0.6" />
                </Appearance>
                <InlineGeometry url="&quot;BonesHead.x3d#c4_Geo&quot; &quot;https://www.web3d.org/x3d/content/examples/HumanoidAnimation/Medical/BonesHead.x3d#c4_Geo&quot;" />
                
              </Shape>
              <Shape DEF="c5">
                <Appearance USE="Bone" />
                <IndexedFaceSet coordIndex="6 7 8 -1 3 11 12 -1 20 14 23 -1 25 30 24 -1 33 34 35 -1 36 37 5 -1 4 8 7 -1 39 5 2 -1 13 15 10 -1 48 45 43 -1 36 0 59 -1 60 61 62 -1 41 64 65 -1 43 67 68 -1 71 42 41 -1 42 64 41 -1 59 75 74 -1 62 63 0 -1 41 49 72 -1 42 45 41 -1 73 50 41 -1 72 48 41 -1 69 42 71 -1 60 59 61 -1 57 78 54 -1 43 45 44 -1 79 16 34 -1 14 16 79 -1 14 13 10 -1 5 39 0 -1 27 81 19 -1 35 26 33 -1 20 23 24 -1 79 16 14 -1 22 18 17 -1 14 17 13 -1 0 4 9 -1 18 23 19 -1 3 18 19 -1 20 16 14 -1 14 10 27 -1 23 27 19 -1 81 6 19 -1 5 0 9 -1 36 1 0 -1 0 1 4 -1 18 3 12 -1 17 15 13 -1 34 22 79 -1 34 31 18 -1 47 46 43 -1 43 46 48 -1 57 56 54 -1 54 77 57 -1 0 39 60 -1 60 37 59 -1 26 44 32 -1 29 70 76 -1 72 51 48 -1 54 41 65 -1 71 41 48 -1 46 47 48 -1 60 62 0 -1 52 54 56 -1 54 49 41 -1 50 52 53 -1 41 50 53 -1 73 51 50 -1 51 49 50 -1 34 16 35 -1 18 22 34 -1 36 8 1 -1 32 31 26 -1 20 24 30 -1 18 31 80 -1 23 14 27 -1 16 21 14 -1 2 40 39 -1 5 37 2 -1 4 3 19 -1 17 14 22 -1 35 20 28 -1 19 8 4 -1 18 15 17 -1 25 24 23 -1 26 35 68 -1 7 6 38 -1 81 38 6 -1 3 4 11 -1 83 25 80 -1 32 83 31 -1 83 42 25 -1 41 51 73 -1 54 50 49 -1 51 72 49 -1 59 37 36 -1 61 63 62 -1 67 26 68 -1 70 69 71 -1 25 42 69 -1 30 25 69 -1 64 59 74 -1 41 48 51 -1 40 60 39 -1 64 42 57 -1 57 59 64 -1 63 74 59 -1 70 30 69 -1 70 29 30 -1 63 59 74 -1 54 66 55 -1 54 65 66 -1 59 57 75 -1 54 75 77 -1 57 58 56 -1 57 41 58 -1 42 32 44 -1 34 35 82 -1 83 80 31 -1 8 5 9 -1 35 76 68 -1 26 31 33 -1 22 14 21 -1 20 35 16 -1 82 35 34 -1 9 4 8 -1 30 28 20 -1 30 29 28 -1 28 29 76 -1 31 34 33 -1 8 36 5 -1 38 81 10 -1 19 6 8 -1 11 10 15 -1 22 21 16 -1 45 42 44 -1 76 70 47 -1 50 54 52 -1 56 58 52 -1 77 75 57 -1 66 75 54 -1 74 75 66 -1 59 63 61 -1 43 68 76 -1 71 47 70 -1 41 57 42 -1 57 54 78 -1 74 65 64 -1 37 60 40 -1 74 66 65 -1 47 71 48 -1 59 0 63 -1 67 44 26 -1 44 67 43 -1 66 54 55 -1 52 41 53 -1 52 58 41 -1 41 45 48 -1 32 42 83 -1 76 47 43 -1 28 76 35 -1 23 80 25 -1 23 18 80 -1 16 79 22 -1 12 15 18 -1 11 4 7 -1 1 8 4 -1 7 10 11 -1 27 10 81 -1 7 38 10 -1 15 12 11 -1 2 37 40 -1" creaseAngle="1.57">
                  <Coordinate point="0.0026 1.5569 -0.0514 -0.0056 1.5574 -0.0521 -0.0042 1.5487 -0.0650 -0.0124 1.5603 -0.0383 -0.0081 1.5584 -0.0472 -0.0043 1.5496 -0.0574 -0.0117 1.5534 -0.0426 -0.0154 1.5541 -0.0450 -0.0075 1.5535 -0.0503 -0.0020 1.5541 -0.0519 -0.0234 1.5542 -0.0366 -0.0173 1.5584 -0.0425 -0.0186 1.5626 -0.0382 -0.0251 1.5535 -0.0304 -0.0202 1.5530 -0.0265 -0.0221 1.5649 -0.0342 -0.0138 1.5548 -0.0237 -0.0177 1.5558 -0.0310 -0.0122 1.5582 -0.0379 -0.0115 1.5554 -0.0411 -0.0119 1.5498 -0.0304 -0.0141 1.5541 -0.0283 -0.0133 1.5600 -0.0281 -0.0132 1.5532 -0.0350 -0.0093 1.5496 -0.0365 -0.0030 1.5492 -0.0368 -0.0001 1.5588 -0.0273 -0.0182 1.5531 -0.0366 -0.0074 1.5456 -0.0251 -0.0020 1.5449 -0.0254 -0.0020 1.5475 -0.0336 -0.0073 1.5615 -0.0318 0.0010 1.5593 -0.0295 -0.0084 1.5612 -0.0250 -0.0122 1.5627 -0.0260 -0.0062 1.5539 -0.0214 -0.0011 1.5571 -0.0567 0.0025 1.5535 -0.0597 -0.0217 1.5497 -0.0437 0.0004 1.5506 -0.0574 0.0000 1.5517 -0.0640 0.0168 1.5582 -0.0324 0.0078 1.5516 -0.0366 0.0106 1.5621 -0.0240 0.0091 1.5630 -0.0319 0.0137 1.5589 -0.0301 0.0123 1.5549 -0.0236 0.0078 1.5522 -0.0231 0.0146 1.5540 -0.0243 0.0266 1.5514 -0.0298 0.0249 1.5578 -0.0312 0.0219 1.5503 -0.0273 0.0220 1.5652 -0.0345 0.0212 1.5654 -0.0320 0.0239 1.5567 -0.0373 0.0259 1.5498 -0.0410 0.0201 1.5619 -0.0395 0.0138 1.5619 -0.0395 0.0180 1.5642 -0.0361 0.0069 1.5562 -0.0508 0.0039 1.5490 -0.0611 0.0048 1.5495 -0.0547 0.0021 1.5541 -0.0519 0.0068 1.5513 -0.0499 0.0097 1.5543 -0.0423 0.0164 1.5518 -0.0389 0.0216 1.5497 -0.0438 0.0072 1.5605 -0.0264 0.0025 1.5569 -0.0221 0.0057 1.5472 -0.0321 0.0022 1.5449 -0.0244 0.0119 1.5498 -0.0304 0.0185 1.5528 -0.0306 0.0212 1.5549 -0.0305 0.0107 1.5519 -0.0448 0.0144 1.5537 -0.0454 0.0009 1.5491 -0.0202 0.0160 1.5543 -0.0448 0.0189 1.5590 -0.0421 -0.0157 1.5570 -0.0249 -0.0063 1.5554 -0.0365 -0.0158 1.5502 -0.0407 -0.0095 1.5605 -0.0208 -0.0003 1.5559 -0.0362" />
                </IndexedFaceSet>
              </Shape>
              <Shape DEF="c5disc">
                <Appearance USE="Bone" />
                <IndexedFaceSet coordIndex="5 6 7 -1 11 12 10 -1 17 8 18 -1 2 21 3 -1 4 13 11 -1 10 7 6 -1 2 11 9 -1 11 3 4 -1 16 2 20 -1 3 21 4 -1 18 0 17 -1 22 15 19 -1 11 13 12 -1 0 18 8 -1 5 17 0 -1 5 23 6 -1 9 23 1 -1 9 6 23 -1 12 13 4 -1 16 24 21 -1 2 16 21 -1 8 25 14 -1 19 8 22 -1 8 19 1 -1 20 9 15 -1 14 15 22 -1 24 8 17 -1 24 16 25 -1 11 2 3 -1 17 12 4 -1 19 15 9 -1 5 12 17 -1 5 7 12 -1 1 5 0 -1 5 1 23 -1 10 6 11 -1 16 15 14 -1 16 20 15 -1 16 14 25 -1 24 4 21 -1 17 4 24 -1 14 22 8 -1 19 9 1 -1 2 9 20 -1 24 25 8 -1 6 9 11 -1 8 1 0 -1 12 7 10 -1" creaseAngle="1.57">
                  <Coordinate point="0.0085 1.5469 -0.0338 0.0083 1.5425 -0.0254 -0.0099 1.5454 -0.0280 -0.0092 1.5463 -0.0321 -0.0070 1.5472 -0.0362 0.0050 1.5435 -0.0318 0.0016 1.5413 -0.0265 0.0021 1.5439 -0.0333 0.0071 1.5461 -0.0279 -0.0018 1.5406 -0.0243 -0.0015 1.5434 -0.0325 -0.0048 1.5426 -0.0296 -0.0004 1.5460 -0.0364 -0.0042 1.5458 -0.0358 -0.0012 1.5436 -0.0228 -0.0028 1.5415 -0.0212 -0.0055 1.5456 -0.0276 0.0015 1.5469 -0.0356 0.0110 1.5476 -0.0293 0.0037 1.5425 -0.0211 -0.0081 1.5435 -0.0234 -0.0055 1.5466 -0.0299 0.0026 1.5438 -0.0233 0.0061 1.5423 -0.0282 0.0000 1.5472 -0.0331 0.0000 1.5466 -0.0284" />
                </IndexedFaceSet>
              </Shape>
              <Shape DEF="c6">
                <Appearance USE="Bone" />
                <IndexedFaceSet coordIndex="9 10 11 -1 23 22 24 -1 8 30 26 -1 8 31 32 -1 38 3 34 -1 36 6 29 -1 30 35 21 -1 43 44 5 -1 8 45 26 -1 58 59 60 -1 62 50 64 -1 2 72 73 -1 69 73 72 -1 76 75 77 -1 77 61 78 -1 70 11 71 -1 82 69 1 -1 18 79 65 -1 85 83 84 -1 75 2 74 -1 0 80 50 -1 50 51 55 -1 56 87 57 -1 61 50 62 -1 80 58 57 -1 54 88 59 -1 53 54 0 -1 16 4 7 -1 4 23 19 -1 14 46 13 -1 42 22 21 -1 90 13 15 -1 6 49 37 -1 5 35 30 -1 16 7 4 -1 84 25 9 -1 92 9 25 -1 23 4 22 -1 91 20 18 -1 4 6 37 -1 4 27 22 -1 44 43 8 -1 4 7 26 -1 49 6 12 -1 13 90 7 -1 13 7 49 -1 81 0 54 -1 55 51 61 -1 61 51 50 -1 50 79 62 -1 67 78 63 -1 59 58 54 -1 56 57 50 -1 75 76 2 -1 74 2 73 -1 58 66 57 -1 50 62 64 -1 50 57 65 -1 68 55 61 -1 65 79 50 -1 61 62 63 -1 58 81 54 -1 90 18 7 -1 4 26 27 -1 20 19 18 -1 48 14 89 -1 18 90 15 -1 7 18 39 -1 36 4 6 -1 28 17 18 -1 22 27 21 -1 14 49 47 -1 9 44 10 -1 12 17 28 -1 39 24 5 -1 92 25 5 -1 26 41 21 -1 37 7 4 -1 49 7 37 -1 5 25 33 -1 5 44 92 -1 71 9 38 -1 14 60 46 -1 18 19 39 -1 89 14 47 -1 4 19 20 -1 18 15 94 -1 81 58 80 -1 48 40 60 -1 15 46 59 -1 1 55 68 -1 0 55 1 -1 69 84 83 -1 84 69 11 -1 69 72 11 -1 61 77 75 -1 18 95 79 -1 54 18 88 -1 54 95 18 -1 0 50 55 -1 85 2 83 -1 52 2 0 -1 9 71 86 -1 0 1 52 -1 79 95 54 -1 78 76 77 -1 82 74 69 -1 84 86 85 -1 46 60 59 -1 67 62 53 -1 48 89 40 -1 88 15 59 -1 88 94 15 -1 19 23 24 -1 47 12 89 -1 40 89 12 -1 46 15 13 -1 7 8 26 -1 26 45 8 -1 32 84 11 -1 84 32 31 -1 11 93 32 -1 32 44 8 -1 93 44 32 -1 30 43 5 -1 30 8 43 -1 41 30 21 -1 28 40 12 -1 20 18 17 -1 20 91 18 -1 11 38 9 -1 8 33 31 -1 20 17 12 -1 6 29 12 -1 29 6 36 -1 10 44 11 -1 8 7 33 -1 12 29 20 -1 35 24 21 -1 35 5 24 -1 24 42 21 -1 21 27 26 -1 29 4 20 -1 29 6 4 -1 44 9 92 -1 93 11 44 -1 49 12 47 -1 49 14 13 -1 60 40 66 -1 62 79 53 -1 2 86 72 -1 69 74 73 -1 82 75 74 -1 68 75 1 -1 2 78 67 -1 65 28 18 -1 50 57 56 -1 88 18 94 -1 71 11 72 -1 57 50 80 -1 75 68 61 -1 2 76 78 -1 69 52 1 -1 54 53 79 -1 67 53 2 -1 2 52 83 -1 53 0 2 -1 38 3 70 -1 71 38 70 -1 69 83 52 -1 65 40 28 -1 75 82 1 -1 63 78 61 -1 86 2 85 -1 86 84 9 -1 86 71 72 -1 11 70 3 -1 40 57 66 -1 40 65 57 -1 67 63 62 -1 58 60 66 -1 56 57 87 -1 81 80 0 -1 4 36 6 -1 19 24 39 -1 31 25 84 -1 42 24 22 -1 30 41 26 -1 48 60 14 -1 33 25 31 -1 38 11 3 -1 3 38 34 -1 7 39 5 -1 5 33 7 -1" creaseAngle="1.57">
                  <Coordinate point="-0.0162 1.5393 -0.0404 -0.0172 1.5350 -0.0462 -0.0129 1.5471 -0.0456 0.0006 1.5367 -0.0704 0.0249 1.5431 -0.0338 0.0134 1.5445 -0.0463 0.0200 1.5360 -0.0268 0.0163 1.5387 -0.0413 0.0105 1.5360 -0.0510 -0.0002 1.5449 -0.0605 0.0046 1.5424 -0.0601 0.0014 1.5378 -0.0623 0.0078 1.5414 -0.0250 0.0110 1.5342 -0.0333 0.0078 1.5311 -0.0269 0.0031 1.5336 -0.0385 0.0205 1.5413 -0.0348 0.0099 1.5469 -0.0317 0.0035 1.5428 -0.0362 0.0183 1.5471 -0.0350 0.0150 1.5458 -0.0299 0.0223 1.5462 -0.0422 0.0263 1.5495 -0.0363 0.0235 1.5508 -0.0332 0.0191 1.5522 -0.0350 0.0070 1.5455 -0.0507 0.0230 1.5367 -0.0434 0.0251 1.5410 -0.0400 0.0017 1.5429 -0.0307 0.0150 1.5423 -0.0257 0.0176 1.5408 -0.0479 0.0064 1.5371 -0.0541 0.0078 1.5364 -0.0542 0.0111 1.5407 -0.0464 0.0050 1.5390 -0.0720 0.0147 1.5469 -0.0443 0.0203 1.5378 -0.0259 0.0157 1.5405 -0.0297 0.0000 1.5421 -0.0696 0.0142 1.5414 -0.0380 -0.0035 1.5383 -0.0233 0.0241 1.5415 -0.0448 0.0192 1.5514 -0.0363 0.0117 1.5392 -0.0511 0.0076 1.5442 -0.0541 0.0167 1.5349 -0.0463 0.0013 1.5322 -0.0321 0.0098 1.5367 -0.0255 -0.0000 1.5326 -0.0242 0.0151 1.5367 -0.0293 -0.0192 1.5419 -0.0324 -0.0280 1.5411 -0.0331 -0.0113 1.5417 -0.0456 -0.0137 1.5415 -0.0398 -0.0091 1.5387 -0.0382 -0.0233 1.5394 -0.0399 -0.0198 1.5402 -0.0258 -0.0149 1.5394 -0.0264 -0.0112 1.5342 -0.0335 -0.0048 1.5328 -0.0345 -0.0066 1.5304 -0.0262 -0.0258 1.5465 -0.0362 -0.0181 1.5466 -0.0356 -0.0214 1.5509 -0.0339 -0.0206 1.5422 -0.0343 -0.0111 1.5467 -0.0300 -0.0096 1.5362 -0.0255 -0.0153 1.5503 -0.0393 -0.0253 1.5381 -0.0418 -0.0092 1.5372 -0.0521 -0.0050 1.5392 -0.0721 -0.0031 1.5401 -0.0620 -0.0078 1.5399 -0.0569 -0.0115 1.5430 -0.0500 -0.0152 1.5420 -0.0477 -0.0215 1.5428 -0.0458 -0.0143 1.5471 -0.0441 -0.0239 1.5453 -0.0423 -0.0210 1.5493 -0.0396 -0.0133 1.5464 -0.0308 -0.0135 1.5355 -0.0305 -0.0130 1.5377 -0.0366 -0.0183 1.5379 -0.0487 -0.0079 1.5460 -0.0497 -0.0022 1.5423 -0.0542 -0.0070 1.5463 -0.0530 -0.0076 1.5442 -0.0542 -0.0202 1.5336 -0.0281 -0.0036 1.5395 -0.0376 0.0032 1.5354 -0.0234 0.0102 1.5362 -0.0384 0.0126 1.5485 -0.0323 0.0070 1.5463 -0.0530 0.0073 1.5404 -0.0579 0.0000 1.5374 -0.0385 -0.0066 1.5440 -0.0365" />
                </IndexedFaceSet>
              </Shape>
              <Shape DEF="c6disc">
                <Appearance USE="Bone" />
                <IndexedFaceSet coordIndex="0 1 8 -1 10 9 3 -1 11 3 9 -1 18 10 3 -1 2 5 6 -1 3 12 13 -1 3 11 12 -1 20 1 0 -1 17 7 10 -1 19 2 6 -1 6 8 19 -1 13 4 3 -1 15 4 13 -1 15 2 4 -1 11 9 7 -1 15 0 14 -1 1 20 17 -1 7 9 10 -1 22 18 16 -1 2 16 4 -1 22 17 18 -1 17 20 7 -1 6 15 14 -1 2 15 5 -1 14 0 6 -1 0 23 20 -1 12 15 13 -1 7 12 11 -1 7 21 12 -1 21 15 12 -1 21 23 15 -1 6 0 8 -1 1 17 22 -1 22 16 1 -1 2 1 16 -1 19 1 2 -1 16 18 4 -1 19 8 1 -1 4 18 3 -1 18 17 10 -1 0 15 23 -1 6 5 15 -1 20 21 7 -1 23 21 20 -1" creaseAngle="1.57">
                  <Coordinate point="-0.0060 1.5331 -0.0380 -0.0072 1.5280 -0.0340 -0.0018 1.5278 -0.0282 0.0087 1.5288 -0.0290 0.0038 1.5293 -0.0270 -0.0045 1.5301 -0.0288 -0.0086 1.5312 -0.0308 0.0069 1.5315 -0.0400 -0.0095 1.5322 -0.0367 0.0111 1.5316 -0.0339 0.0079 1.5280 -0.0337 0.0082 1.5326 -0.0328 0.0013 1.5321 -0.0321 0.0042 1.5313 -0.0291 -0.0084 1.5324 -0.0325 -0.0013 1.5320 -0.0321 0.0012 1.5273 -0.0300 0.0017 1.5287 -0.0381 0.0048 1.5277 -0.0323 -0.0082 1.5287 -0.0288 -0.0020 1.5309 -0.0408 0.0037 1.5332 -0.0368 0.0005 1.5282 -0.0369 0.0000 1.5329 -0.0365" />
                </IndexedFaceSet>
              </Shape>
              <Shape DEF="c7">
                <Appearance USE="Bone" />
                <IndexedFaceSet coordIndex="3 25 26 -1 44 18 17 -1 16 44 17 -1 5 4 52 -1 18 16 17 -1 0 4 1 -1 20 33 34 -1 56 57 62 -1 75 63 57 -1 79 58 80 -1 81 82 74 -1 77 71 74 -1 69 68 85 -1 82 72 62 -1 76 74 60 -1 66 74 76 -1 57 56 58 -1 74 82 62 -1 53 72 70 -1 65 79 67 -1 78 58 65 -1 78 63 64 -1 73 80 74 -1 71 69 81 -1 55 64 29 -1 70 82 81 -1 56 37 58 -1 60 65 67 -1 67 73 66 -1 29 27 0 -1 7 31 29 -1 19 15 2 -1 2 90 19 -1 11 13 91 -1 8 34 35 -1 25 14 8 -1 7 50 27 -1 19 26 25 -1 3 4 32 -1 24 19 25 -1 38 84 42 -1 29 31 55 -1 36 19 11 -1 49 27 28 -1 4 3 22 -1 25 23 24 -1 28 27 49 -1 0 6 29 -1 22 15 4 -1 3 37 22 -1 11 10 36 -1 45 44 16 -1 25 32 4 -1 27 48 7 -1 52 4 51 -1 25 8 35 -1 53 54 2 -1 54 13 90 -1 54 90 2 -1 4 15 19 -1 82 70 72 -1 72 56 62 -1 75 57 78 -1 81 69 70 -1 16 18 45 -1 68 71 59 -1 85 89 69 -1 80 58 77 -1 64 92 78 -1 87 65 86 -1 65 87 78 -1 58 79 65 -1 62 57 63 -1 62 61 60 -1 86 65 60 -1 92 45 47 -1 29 49 27 -1 19 90 11 -1 53 13 54 -1 51 4 27 -1 51 50 6 -1 48 47 46 -1 20 23 34 -1 13 11 90 -1 8 4 5 -1 19 24 20 -1 24 23 20 -1 30 4 8 -1 1 9 0 -1 4 30 25 -1 27 4 0 -1 20 34 33 -1 15 37 2 -1 15 22 37 -1 40 39 84 -1 42 84 10 -1 83 84 38 -1 38 41 10 -1 91 38 10 -1 49 48 27 -1 27 50 51 -1 51 6 52 -1 13 12 43 -1 91 10 11 -1 4 19 1 -1 87 63 78 -1 29 75 78 -1 75 29 64 -1 58 78 57 -1 63 61 62 -1 83 89 85 -1 83 93 89 -1 81 74 71 -1 55 45 64 -1 53 2 72 -1 89 43 12 -1 61 63 86 -1 75 64 63 -1 70 89 12 -1 88 53 70 -1 79 73 67 -1 79 80 73 -1 45 92 64 -1 45 46 47 -1 45 18 46 -1 89 93 43 -1 68 40 84 -1 37 40 58 -1 72 2 56 -1 20 34 8 -1 0 9 6 -1 53 12 13 -1 14 25 8 -1 48 46 7 -1 45 46 44 -1 10 3 26 -1 84 39 10 -1 39 37 3 -1 21 19 20 -1 5 20 8 -1 42 10 41 -1 5 1 19 -1 20 5 19 -1 20 19 21 -1 3 32 25 -1 34 23 35 -1 31 7 55 -1 38 42 41 -1 83 38 43 -1 38 91 43 -1 19 10 26 -1 7 46 55 -1 46 18 44 -1 48 49 47 -1 6 50 7 -1 43 91 13 -1 7 29 6 -1 6 9 1 -1 52 1 5 -1 74 62 60 -1 77 74 80 -1 73 74 66 -1 68 59 58 -1 93 83 43 -1 47 49 92 -1 12 88 70 -1 61 86 60 -1 67 76 60 -1 67 66 76 -1 70 69 89 -1 86 63 87 -1 92 49 78 -1 77 59 71 -1 58 59 77 -1 71 68 69 -1 68 83 85 -1 68 84 83 -1 40 68 58 -1 37 56 2 -1 12 53 88 -1 78 49 29 -1 6 1 52 -1 25 30 8 -1 46 45 55 -1 36 10 19 -1 10 39 3 -1 40 37 39 -1 25 35 23 -1" creaseAngle="1.57">
                  <Coordinate point="-0.0101 1.5236 -0.0523 -0.0145 1.5224 -0.0517 -0.0045 1.5192 -0.0444 -0.0082 1.5305 -0.0410 -0.0136 1.5288 -0.0503 -0.0210 1.5243 -0.0489 -0.0084 1.5196 -0.0582 -0.0057 1.5224 -0.0649 -0.0221 1.5317 -0.0464 -0.0101 1.5190 -0.0581 -0.0136 1.5290 -0.0353 -0.0120 1.5182 -0.0362 0.0037 1.5142 -0.0315 -0.0079 1.5146 -0.0333 -0.0189 1.5362 -0.0427 -0.0070 1.5232 -0.0453 -0.0003 1.5241 -0.0781 -0.0037 1.5273 -0.0805 0.0022 1.5284 -0.0787 -0.0142 1.5226 -0.0425 -0.0243 1.5242 -0.0423 -0.0191 1.5228 -0.0394 -0.0073 1.5271 -0.0442 -0.0224 1.5312 -0.0408 -0.0182 1.5279 -0.0420 -0.0164 1.5351 -0.0424 -0.0130 1.5300 -0.0405 -0.0081 1.5285 -0.0559 -0.0047 1.5283 -0.0557 -0.0035 1.5228 -0.0587 -0.0140 1.5342 -0.0460 -0.0027 1.5199 -0.0651 -0.0126 1.5342 -0.0438 -0.0299 1.5266 -0.0412 -0.0275 1.5310 -0.0436 -0.0238 1.5331 -0.0445 -0.0153 1.5222 -0.0371 -0.0002 1.5267 -0.0432 -0.0060 1.5234 -0.0289 -0.0039 1.5289 -0.0380 0.0039 1.5289 -0.0380 -0.0081 1.5279 -0.0333 -0.0017 1.5273 -0.0310 -0.0029 1.5184 -0.0295 -0.0030 1.5251 -0.0756 0.0021 1.5245 -0.0704 -0.0027 1.5265 -0.0706 -0.0000 1.5305 -0.0637 -0.0047 1.5286 -0.0628 0.0000 1.5311 -0.0590 -0.0101 1.5255 -0.0591 -0.0151 1.5254 -0.0556 -0.0193 1.5231 -0.0542 0.0023 1.5174 -0.0387 -0.0053 1.5163 -0.0370 0.0017 1.5236 -0.0691 0.0078 1.5253 -0.0451 0.0104 1.5247 -0.0511 0.0104 1.5305 -0.0431 0.0124 1.5315 -0.0370 0.0218 1.5241 -0.0493 0.0157 1.5220 -0.0515 0.0154 1.5237 -0.0466 0.0102 1.5219 -0.0588 0.0056 1.5229 -0.0635 0.0119 1.5299 -0.0497 0.0279 1.5299 -0.0421 0.0223 1.5321 -0.0463 0.0083 1.5281 -0.0331 0.0120 1.5208 -0.0350 0.0112 1.5169 -0.0360 0.0152 1.5271 -0.0369 0.0109 1.5207 -0.0432 0.0213 1.5356 -0.0421 0.0237 1.5280 -0.0408 0.0072 1.5214 -0.0576 0.0251 1.5251 -0.0431 0.0214 1.5266 -0.0408 0.0079 1.5292 -0.0555 0.0152 1.5327 -0.0469 0.0149 1.5346 -0.0429 0.0156 1.5223 -0.0376 0.0143 1.5213 -0.0405 0.0028 1.5248 -0.0271 -0.0001 1.5277 -0.0347 0.0082 1.5258 -0.0294 0.0179 1.5246 -0.0547 0.0131 1.5285 -0.0535 0.0058 1.5131 -0.0331 0.0076 1.5202 -0.0305 -0.0106 1.5161 -0.0394 -0.0093 1.5189 -0.0321 0.0047 1.5286 -0.0628 0.0009 1.5195 -0.0285" />
                </IndexedFaceSet>
              </Shape>
              <Shape DEF="c7disc">
                <Appearance USE="Bone" />
                <IndexedFaceSet coordIndex="4 12 6 -1 1 10 18 -1 18 15 13 -1 13 14 16 -1 7 0 11 -1 8 20 7 -1 1 8 4 -1 4 8 2 -1 2 3 4 -1 12 3 21 -1 9 2 8 -1 4 10 1 -1 1 13 16 -1 6 18 4 -1 14 13 19 -1 6 19 22 -1 6 15 18 -1 18 13 1 -1 1 16 0 -1 7 11 5 -1 9 5 2 -1 5 3 2 -1 0 7 1 -1 11 0 5 -1 5 23 21 -1 21 6 12 -1 21 23 6 -1 20 1 7 -1 23 14 19 -1 14 23 0 -1 19 6 23 -1 6 13 15 -1 22 13 6 -1 4 3 12 -1 8 7 9 -1 5 0 23 -1 5 21 3 -1 8 1 20 -1 9 7 5 -1 0 16 14 -1 4 18 10 -1 1 17 13 -1 13 22 19 -1 17 1 13 -1" creaseAngle="1.57">
                  <Coordinate point="-0.0001 1.5105 -0.0351 -0.0025 1.5147 -0.0346 0.0110 1.5159 -0.0419 0.0091 1.5173 -0.0449 0.0033 1.5180 -0.0438 0.0069 1.5122 -0.0387 -0.0022 1.5164 -0.0466 0.0073 1.5120 -0.0349 0.0050 1.5168 -0.0375 0.0101 1.5135 -0.0361 0.0000 1.5181 -0.0402 0.0071 1.5117 -0.0363 0.0030 1.5163 -0.0467 -0.0102 1.5135 -0.0378 -0.0075 1.5116 -0.0369 -0.0097 1.5176 -0.0447 -0.0057 1.5110 -0.0335 -0.0048 1.5138 -0.0345 -0.0032 1.5186 -0.0409 -0.0067 1.5132 -0.0420 0.0040 1.5140 -0.0342 0.0056 1.5138 -0.0436 -0.0093 1.5145 -0.0434 0.0000 1.5126 -0.0417" />
                </IndexedFaceSet>
              </Shape>
              <Shape DEF="t">
                <Appearance USE="Bone" />
                <IndexedFaceSet coordIndex="2 4 5 -1 16 15 17 -1 27 28 1 -1 26 22 36 -1 26 36 13 -1 12 37 27 -1 18 1 6 -1 6 5 39 -1 5 40 2 -1 3 8 9 -1 12 21 41 -1 23 25 42 -1 43 17 15 -1 12 38 18 -1 46 40 29 -1 48 49 50 -1 54 70 56 -1 51 49 48 -1 68 54 67 -1 3 40 8 -1 53 73 48 -1 78 77 42 -1 76 58 56 -1 74 56 60 -1 59 65 6 -1 16 58 59 -1 58 16 60 -1 61 56 60 -1 29 65 66 -1 48 50 52 -1 75 72 74 -1 64 49 51 -1 54 71 70 -1 63 62 56 -1 63 77 78 -1 47 9 8 -1 59 19 15 -1 20 19 82 -1 9 47 16 -1 26 20 35 -1 26 41 20 -1 6 7 18 -1 1 32 82 -1 12 18 38 -1 10 37 12 -1 1 12 30 -1 30 27 1 -1 0 34 1 -1 36 84 13 -1 9 43 15 -1 26 25 23 -1 22 26 23 -1 11 0 27 -1 14 13 84 -1 41 0 12 -1 39 5 4 -1 16 17 9 -1 82 32 20 -1 20 21 18 -1 59 15 16 -1 40 45 29 -1 53 48 64 -1 71 77 63 -1 71 54 69 -1 72 56 74 -1 40 29 45 -1 3 2 40 -1 29 74 57 -1 73 56 72 -1 56 62 68 -1 8 40 47 -1 47 57 16 -1 56 68 76 -1 52 50 48 -1 50 64 48 -1 29 6 65 -1 76 68 66 -1 66 68 67 -1 51 72 75 -1 75 74 66 -1 44 64 51 -1 64 50 49 -1 67 44 75 -1 67 54 44 -1 44 73 53 -1 44 53 64 -1 69 80 71 -1 80 69 55 -1 56 70 63 -1 51 75 44 -1 18 21 12 -1 43 9 17 -1 20 32 35 -1 32 31 35 -1 15 7 6 -1 5 29 40 -1 18 12 1 -1 12 27 30 -1 27 1 28 -1 20 41 21 -1 6 29 5 -1 3 4 2 -1 0 1 27 -1 42 24 62 -1 13 32 34 -1 14 31 13 -1 86 31 14 -1 37 11 27 -1 10 12 83 -1 83 0 10 -1 68 62 35 -1 9 15 4 -1 6 82 19 -1 47 57 81 -1 60 56 61 -1 55 85 80 -1 63 70 71 -1 54 55 69 -1 73 54 56 -1 65 76 66 -1 46 29 57 -1 79 31 68 -1 56 58 60 -1 42 62 78 -1 48 73 72 -1 40 46 57 -1 29 66 74 -1 55 86 85 -1 60 16 57 -1 19 18 15 -1 22 23 42 -1 24 42 25 -1 35 31 68 -1 39 4 15 -1 82 6 1 -1 33 13 34 -1 13 33 26 -1 26 24 25 -1 32 1 34 -1 13 31 32 -1 84 86 14 -1 85 84 36 -1 85 36 22 -1 34 0 26 -1 6 39 15 -1 7 15 18 -1 62 24 35 -1 57 47 81 -1 68 31 54 -1 31 55 54 -1 55 31 86 -1 51 48 72 -1 62 63 78 -1 57 47 40 -1 76 59 58 -1 65 59 76 -1 57 74 60 -1 68 31 79 -1 66 67 75 -1 54 73 44 -1 77 85 22 -1 77 71 85 -1 71 80 85 -1 59 6 19 -1 20 18 19 -1 77 22 42 -1 24 26 35 -1 26 0 41 -1 0 83 12 -1 9 4 3 -1 10 11 37 -1 26 33 34 -1 85 86 84 -1 11 10 0 -1" creaseAngle="1.57">
                  <Coordinate point="-0.0242 1.5161 -0.0502 -0.0142 1.5180 -0.0542 0.0000 1.5099 -0.0819 -0.0013 1.5050 -0.0931 -0.0021 1.5072 -0.0809 0.0021 1.5120 -0.0704 -0.0017 1.5113 -0.0647 -0.0088 1.5077 -0.0680 0.0022 1.5030 -0.0929 -0.0010 1.5019 -0.0923 -0.0327 1.5144 -0.0597 -0.0368 1.5188 -0.0570 -0.0233 1.5118 -0.0604 -0.0085 1.5133 -0.0426 -0.0069 1.5091 -0.0350 -0.0081 1.4993 -0.0710 0.0030 1.4978 -0.0724 -0.0028 1.4974 -0.0746 -0.0148 1.5068 -0.0639 -0.0090 1.5037 -0.0632 -0.0131 1.5070 -0.0551 -0.0184 1.5053 -0.0577 -0.0058 1.4951 -0.0380 -0.0093 1.4949 -0.0427 -0.0110 1.4996 -0.0541 -0.0100 1.4975 -0.0477 -0.0148 1.5036 -0.0457 -0.0291 1.5225 -0.0553 -0.0244 1.5212 -0.0495 0.0045 1.5118 -0.0674 -0.0211 1.5177 -0.0589 -0.0050 1.5138 -0.0439 -0.0079 1.5139 -0.0523 -0.0147 1.5087 -0.0461 -0.0136 1.5175 -0.0479 -0.0059 1.5079 -0.0533 -0.0089 1.5024 -0.0367 -0.0325 1.5180 -0.0630 -0.0211 1.5083 -0.0605 -0.0040 1.5091 -0.0720 0.0027 1.5036 -0.0893 -0.0196 1.5105 -0.0538 0.0001 1.4971 -0.0476 -0.0022 1.4989 -0.0839 0.0241 1.5213 -0.0510 0.0007 1.5122 -0.0738 0.0022 1.5079 -0.0780 0.0004 1.4984 -0.0825 0.0302 1.5136 -0.0574 0.0294 1.5186 -0.0642 0.0359 1.5212 -0.0599 0.0233 1.5168 -0.0609 0.0353 1.5157 -0.0621 0.0246 1.5194 -0.0496 0.0125 1.5138 -0.0451 0.0070 1.5109 -0.0364 0.0161 1.5055 -0.0568 0.0059 1.5028 -0.0743 0.0090 1.5037 -0.0632 0.0018 1.5055 -0.0659 0.0106 1.4985 -0.0678 0.0104 1.4971 -0.0670 0.0032 1.5025 -0.0535 0.0155 1.4991 -0.0438 0.0299 1.5219 -0.0552 0.0018 1.5113 -0.0627 0.0067 1.5129 -0.0611 0.0170 1.5204 -0.0502 0.0058 1.5112 -0.0523 0.0114 1.5068 -0.0386 0.0135 1.5048 -0.0428 0.0089 1.5024 -0.0367 0.0208 1.5079 -0.0595 0.0213 1.5118 -0.0528 0.0121 1.5069 -0.0660 0.0154 1.5159 -0.0569 0.0090 1.5105 -0.0593 0.0064 1.4949 -0.0408 0.0092 1.4978 -0.0483 0.0041 1.5114 -0.0513 0.0048 1.5087 -0.0337 0.0043 1.4990 -0.0787 -0.0090 1.5105 -0.0594 -0.0283 1.5130 -0.0559 -0.0073 1.5068 -0.0345 -0.0001 1.5017 -0.0346 0.0001 1.5121 -0.0402" />
                </IndexedFaceSet>
              </Shape>
              <Shape DEF="t1disc">
                <Appearance USE="Bone" />
                <IndexedFaceSet coordIndex="15 16 13 -1 6 16 15 -1 1 17 0 -1 19 10 18 -1 3 4 5 -1 22 9 7 -1 6 22 7 -1 4 8 5 -1 10 20 8 -1 24 21 16 -1 18 10 8 -1 26 7 3 -1 23 8 4 -1 9 3 7 -1 9 2 3 -1 10 14 21 -1 14 10 11 -1 19 12 11 -1 0 17 23 -1 23 18 8 -1 11 10 19 -1 23 17 12 -1 21 14 16 -1 14 13 16 -1 13 11 12 -1 23 4 2 -1 1 2 9 -1 1 0 2 -1 2 4 3 -1 5 8 26 -1 26 6 7 -1 5 26 3 -1 8 6 26 -1 12 25 13 -1 25 12 1 -1 8 24 6 -1 24 8 10 -1 6 13 25 -1 6 15 13 -1 17 1 12 -1 12 18 23 -1 18 12 19 -1 8 20 10 -1 25 1 6 -1 6 24 16 -1 10 21 24 -1 13 14 11 -1 9 6 1 -1 6 9 22 -1 0 23 2 -1" creaseAngle="1.57">
                  <Coordinate point="0.0007 1.4911 -0.0458 0.0027 1.4911 -0.0390 0.0115 1.4906 -0.0447 0.0122 1.4963 -0.0522 0.0055 1.4932 -0.0517 0.0091 1.4975 -0.0545 -0.0001 1.4965 -0.0448 0.0078 1.4971 -0.0456 -0.0001 1.4965 -0.0544 0.0104 1.4927 -0.0411 -0.0099 1.4963 -0.0544 -0.0120 1.4954 -0.0532 -0.0106 1.4907 -0.0434 -0.0107 1.4938 -0.0409 -0.0134 1.4963 -0.0470 -0.0076 1.4950 -0.0423 -0.0078 1.4971 -0.0456 -0.0007 1.4900 -0.0412 -0.0052 1.4924 -0.0502 -0.0073 1.4922 -0.0504 -0.0085 1.4972 -0.0549 -0.0119 1.4980 -0.0505 0.0076 1.4950 -0.0422 0.0017 1.4919 -0.0485 -0.0076 1.4983 -0.0496 -0.0024 1.4934 -0.0385 0.0049 1.4980 -0.0506" />
                </IndexedFaceSet>
              </Shape>
              <Shape DEF="t2">
                <Appearance USE="Bone" />
                <IndexedFaceSet coordIndex="10 11 7 -1 8 17 12 -1 17 31 30 -1 34 35 33 -1 41 43 42 -1 45 42 46 -1 55 32 56 -1 57 37 36 -1 40 38 37 -1 0 59 58 -1 29 49 61 -1 49 47 50 -1 43 41 64 -1 38 34 44 -1 50 62 51 -1 62 50 54 -1 53 41 42 -1 65 1 0 -1 36 33 35 -1 1 65 57 -1 53 52 40 -1 50 47 46 -1 33 36 37 -1 55 66 16 -1 16 66 31 -1 17 28 4 -1 27 8 17 -1 1 67 68 -1 0 68 2 -1 12 17 14 -1 7 11 6 -1 25 5 26 -1 20 29 63 -1 22 13 20 -1 1 68 0 -1 27 5 23 -1 16 32 55 -1 25 27 17 -1 50 46 54 -1 46 42 54 -1 48 56 36 -1 36 56 32 -1 58 65 0 -1 40 52 38 -1 51 62 19 -1 9 36 42 -1 0 2 3 -1 64 6 43 -1 45 53 42 -1 9 4 1 -1 33 39 34 -1 30 24 21 -1 30 21 13 -1 15 8 12 -1 13 14 17 -1 31 66 30 -1 12 14 13 -1 20 13 21 -1 4 15 12 -1 4 9 15 -1 8 15 9 -1 64 69 10 -1 12 13 18 -1 18 13 22 -1 10 3 68 -1 67 11 10 -1 70 11 67 -1 1 11 70 -1 28 11 1 -1 8 27 23 -1 12 16 4 -1 5 25 23 -1 69 3 10 -1 36 35 45 -1 41 53 40 -1 56 49 55 -1 38 39 37 -1 49 56 47 -1 41 37 60 -1 0 64 59 -1 49 29 61 -1 19 20 51 -1 43 9 42 -1 43 71 9 -1 6 71 43 -1 52 35 34 -1 41 59 64 -1 41 72 59 -1 60 65 72 -1 60 57 65 -1 57 36 9 -1 48 47 56 -1 32 42 36 -1 35 53 45 -1 29 51 63 -1 4 16 17 -1 24 30 29 -1 16 31 17 -1 27 25 26 -1 66 29 30 -1 4 28 1 -1 10 68 67 -1 2 68 3 -1 13 17 30 -1 20 19 18 -1 64 3 69 -1 7 64 10 -1 7 6 64 -1 9 11 8 -1 6 11 9 -1 20 18 22 -1 29 21 24 -1 1 70 67 -1 5 27 26 -1 34 38 52 -1 29 55 49 -1 32 62 42 -1 62 32 19 -1 33 37 39 -1 38 44 39 -1 37 57 60 -1 37 41 40 -1 49 50 51 -1 51 20 63 -1 54 42 62 -1 9 71 6 -1 51 29 49 -1 48 46 47 -1 36 46 48 -1 64 0 3 -1 60 72 41 -1 72 58 59 -1 72 65 58 -1 57 9 1 -1 34 39 44 -1 35 52 53 -1 36 45 46 -1 23 17 8 -1 12 32 16 -1 55 29 66 -1 18 32 12 -1 18 19 32 -1 28 8 11 -1 17 8 28 -1 17 23 25 -1 21 29 20 -1" creaseAngle="1.57">
                  <Coordinate point="-0.0010 1.4858 -0.0926 0.0024 1.4919 -0.0807 0.0011 1.4790 -0.1009 -0.0019 1.4771 -0.0973 0.0066 1.4937 -0.0690 0.0320 1.4956 -0.0732 0.0015 1.4809 -0.0780 0.0014 1.4789 -0.0798 0.0160 1.4864 -0.0712 -0.0011 1.4885 -0.0728 0.0058 1.4771 -0.0847 0.0130 1.4842 -0.0740 0.0101 1.4860 -0.0637 0.0148 1.4830 -0.0543 0.0164 1.4878 -0.0615 0.0077 1.4898 -0.0685 0.0096 1.4960 -0.0604 0.0152 1.4964 -0.0608 0.0104 1.4791 -0.0637 0.0004 1.4787 -0.0608 0.0077 1.4767 -0.0543 0.0098 1.4801 -0.0453 0.0162 1.4782 -0.0580 0.0258 1.4903 -0.0674 0.0029 1.4866 -0.0407 0.0272 1.4974 -0.0642 0.0323 1.5008 -0.0708 0.0227 1.4989 -0.0693 0.0088 1.4930 -0.0731 0.0003 1.4839 -0.0413 0.0137 1.4881 -0.0463 0.0104 1.4933 -0.0515 -0.0012 1.4878 -0.0590 -0.0170 1.4961 -0.0635 -0.0272 1.4974 -0.0643 -0.0209 1.4944 -0.0610 -0.0110 1.4977 -0.0619 -0.0182 1.4923 -0.0706 -0.0300 1.4951 -0.0724 -0.0242 1.5006 -0.0662 -0.0206 1.4850 -0.0699 -0.0141 1.4802 -0.0748 -0.0104 1.4871 -0.0673 -0.0085 1.4813 -0.0751 -0.0306 1.4978 -0.0730 -0.0173 1.4901 -0.0599 -0.0160 1.4887 -0.0580 -0.0148 1.4901 -0.0510 -0.0126 1.4945 -0.0531 -0.0112 1.4842 -0.0454 -0.0136 1.4782 -0.0524 -0.0080 1.4771 -0.0563 -0.0254 1.4903 -0.0660 -0.0186 1.4879 -0.0653 -0.0146 1.4831 -0.0591 0.0003 1.4916 -0.0477 -0.0063 1.4931 -0.0517 -0.0088 1.4930 -0.0732 -0.0021 1.4901 -0.0844 -0.0046 1.4851 -0.0837 -0.0107 1.4881 -0.0746 -0.0054 1.4870 -0.0401 -0.0090 1.4794 -0.0644 -0.0009 1.4745 -0.0464 -0.0041 1.4769 -0.0851 -0.0031 1.4918 -0.0806 0.0069 1.4915 -0.0482 0.0046 1.4851 -0.0836 0.0033 1.4804 -0.0908 0.0036 1.4751 -0.0892 0.0068 1.4862 -0.0795 -0.0042 1.4829 -0.0761 -0.0068 1.4862 -0.0796" />
                </IndexedFaceSet>
              </Shape>
              <Shape DEF="t2disc">
                <Appearance USE="Bone" />
                <IndexedFaceSet coordIndex="6 14 15 -1 4 14 18 -1 0 8 12 -1 12 13 9 -1 2 5 8 -1 4 19 3 -1 4 18 19 -1 9 11 12 -1 16 17 9 -1 16 9 14 -1 10 9 13 -1 1 0 2 -1 1 8 0 -1 7 8 5 -1 18 14 21 -1 11 9 20 -1 9 10 14 -1 13 7 10 -1 14 0 16 -1 4 0 14 -1 9 12 20 -1 17 0 12 -1 16 0 17 -1 12 7 13 -1 7 12 8 -1 15 10 7 -1 21 14 6 -1 2 8 1 -1 19 5 3 -1 19 7 5 -1 6 15 7 -1 22 19 18 -1 0 3 2 -1 23 4 3 -1 7 19 6 -1 18 21 6 -1 11 20 12 -1 17 12 9 -1 14 10 15 -1 22 18 6 -1 5 2 3 -1 6 19 22 -1 0 4 23 -1 0 23 3 -1" creaseAngle="1.57">
                  <Coordinate point="-0.0004 1.4775 -0.0565 0.0016 1.4770 -0.0637 0.0129 1.4765 -0.0611 0.0123 1.4751 -0.0563 0.0053 1.4741 -0.0490 0.0110 1.4720 -0.0617 0.0014 1.4688 -0.0481 0.0023 1.4705 -0.0584 -0.0008 1.4748 -0.0641 -0.0121 1.4745 -0.0544 -0.0101 1.4698 -0.0566 -0.0137 1.4720 -0.0637 -0.0096 1.4762 -0.0642 -0.0046 1.4706 -0.0591 -0.0089 1.4713 -0.0498 -0.0027 1.4693 -0.0520 -0.0077 1.4763 -0.0533 -0.0082 1.4779 -0.0586 -0.0056 1.4731 -0.0471 0.0097 1.4711 -0.0508 -0.0156 1.4744 -0.0602 -0.0033 1.4694 -0.0468 0.0030 1.4710 -0.0457 0.0066 1.4775 -0.0566" />
                </IndexedFaceSet>
              </Shape>
              <Shape DEF="t3">
                <Appearance USE="Bone" />
                <IndexedFaceSet coordIndex="23 24 22 -1 32 31 21 -1 32 17 31 -1 8 10 7 -1 34 7 13 -1 50 51 52 -1 15 46 55 -1 13 58 34 -1 18 44 20 -1 53 52 33 -1 30 48 29 -1 24 15 44 -1 13 15 9 -1 13 20 44 -1 13 7 20 -1 39 54 50 -1 3 57 56 -1 2 45 56 -1 49 47 48 -1 51 50 49 -1 9 58 13 -1 46 44 45 -1 1 38 4 -1 29 40 30 -1 16 40 29 -1 11 10 35 -1 4 12 11 -1 25 60 32 -1 21 23 41 -1 12 23 10 -1 8 34 58 -1 7 23 19 -1 23 22 19 -1 22 27 19 -1 21 31 23 -1 61 33 25 -1 19 18 20 -1 22 21 27 -1 59 4 38 -1 1 4 35 -1 59 38 1 -1 49 48 51 -1 6 9 5 -1 3 56 6 -1 28 47 24 -1 39 50 52 -1 15 14 9 -1 47 50 15 -1 50 46 15 -1 8 58 43 -1 56 57 3 -1 55 2 15 -1 44 54 24 -1 45 44 18 -1 27 26 19 -1 32 16 17 -1 21 42 39 -1 26 37 0 -1 37 23 0 -1 36 19 0 -1 1 35 36 -1 25 32 21 -1 31 17 23 -1 17 16 24 -1 26 27 21 -1 7 34 8 -1 5 14 6 -1 7 10 23 -1 39 22 24 -1 60 40 16 -1 21 41 23 -1 53 61 39 -1 25 39 61 -1 10 19 35 -1 35 19 36 -1 0 4 59 -1 0 59 1 -1 20 7 19 -1 2 6 62 -1 43 45 18 -1 15 2 62 -1 62 6 15 -1 6 56 45 -1 45 43 9 -1 8 43 18 -1 46 45 2 -1 48 30 51 -1 64 30 48 -1 48 30 64 -1 47 28 63 -1 39 24 54 -1 15 13 44 -1 54 46 50 -1 46 2 55 -1 11 35 4 -1 19 10 18 -1 21 39 42 -1 12 4 23 -1 19 26 0 -1 60 30 40 -1 29 28 16 -1 0 23 4 -1 14 15 6 -1 22 39 21 -1 21 39 25 -1 28 24 16 -1 60 16 32 -1 33 60 25 -1 33 30 60 -1 53 33 61 -1 18 10 8 -1 21 23 37 -1 3 2 56 -1 50 47 49 -1 63 48 47 -1 43 58 9 -1 9 6 45 -1 63 29 48 -1 63 28 29 -1 9 14 5 -1 51 30 52 -1 30 33 52 -1 2 3 6 -1 44 46 54 -1 39 52 53 -1 15 24 47 -1 0 1 36 -1 23 17 24 -1 21 37 26 -1 12 10 11 -1" creaseAngle="1.57">
                  <Coordinate point="0.0224 1.4755 -0.0740 0.0305 1.4771 -0.0825 -0.0255 1.4720 -0.0762 -0.0318 1.4772 -0.0819 0.0221 1.4679 -0.0802 -0.0183 1.4581 -0.0851 -0.0255 1.4695 -0.0816 0.0033 1.4613 -0.0875 0.0020 1.4609 -0.0990 -0.0126 1.4651 -0.0847 0.0081 1.4650 -0.0876 0.0125 1.4601 -0.0862 0.0161 1.4651 -0.0791 -0.0080 1.4645 -0.0839 -0.0161 1.4651 -0.0795 -0.0155 1.4684 -0.0739 0.0099 1.4565 -0.0648 0.0162 1.4591 -0.0697 0.0005 1.4714 -0.0909 0.0114 1.4735 -0.0797 -0.0018 1.4698 -0.0812 0.0123 1.4741 -0.0652 0.0073 1.4711 -0.0705 0.0139 1.4662 -0.0736 -0.0032 1.4675 -0.0699 0.0110 1.4691 -0.0562 0.0144 1.4807 -0.0697 0.0084 1.4784 -0.0722 -0.0015 1.4569 -0.0661 -0.0010 1.4542 -0.0584 -0.0020 1.4560 -0.0527 0.0151 1.4627 -0.0654 0.0133 1.4621 -0.0598 -0.0012 1.4644 -0.0488 -0.0003 1.4566 -0.0925 0.0158 1.4707 -0.0824 0.0281 1.4771 -0.0813 0.0170 1.4746 -0.0715 0.0294 1.4675 -0.0784 -0.0055 1.4715 -0.0604 0.0096 1.4537 -0.0574 0.0139 1.4724 -0.0653 0.0023 1.4744 -0.0646 -0.0047 1.4648 -0.0918 -0.0074 1.4771 -0.0751 -0.0124 1.4740 -0.0795 -0.0164 1.4780 -0.0702 -0.0092 1.4604 -0.0733 -0.0130 1.4548 -0.0637 -0.0174 1.4581 -0.0686 -0.0146 1.4691 -0.0670 -0.0136 1.4594 -0.0616 -0.0119 1.4655 -0.0561 -0.0027 1.4693 -0.0520 -0.0095 1.4765 -0.0666 -0.0205 1.4759 -0.0735 -0.0215 1.4780 -0.0784 -0.0298 1.4777 -0.0835 -0.0033 1.4568 -0.0922 0.0258 1.4718 -0.0752 0.0090 1.4611 -0.0536 0.0041 1.4694 -0.0531 -0.0184 1.4675 -0.0768 -0.0090 1.4566 -0.0670 -0.0097 1.4589 -0.0554" />
                </IndexedFaceSet>
              </Shape>
              <Shape DEF="t3disc">
                <Appearance USE="Bone" />
                <IndexedFaceSet coordIndex="10 8 5 -1 13 14 15 -1 6 17 16 -1 19 20 2 -1 6 16 22 -1 21 16 14 -1 22 23 6 -1 19 1 20 -1 6 7 11 -1 12 15 16 -1 15 12 13 -1 2 3 0 -1 0 3 6 -1 3 2 8 -1 11 7 12 -1 12 4 9 -1 5 4 10 -1 16 18 12 -1 3 8 6 -1 17 6 18 -1 18 16 17 -1 7 10 4 -1 13 20 24 -1 6 8 7 -1 5 9 4 -1 1 2 0 -1 5 8 20 -1 20 8 2 -1 21 0 22 -1 0 6 23 -1 24 20 1 -1 2 1 19 -1 1 0 21 -1 12 7 4 -1 9 13 12 -1 14 13 24 -1 9 5 13 -1 10 7 8 -1 15 14 16 -1 18 6 11 -1 12 18 11 -1 13 5 20 -1 21 24 1 -1 24 21 14 -1 22 16 21 -1 22 0 23 -1" creaseAngle="1.57">
                  <Coordinate point="0.0120 1.4552 -0.0664 0.0090 1.4498 -0.0610 0.0088 1.4537 -0.0743 0.0027 1.4570 -0.0728 -0.0117 1.4501 -0.0697 -0.0032 1.4498 -0.0670 -0.0023 1.4578 -0.0710 -0.0107 1.4547 -0.0748 -0.0026 1.4536 -0.0742 -0.0097 1.4488 -0.0614 -0.0089 1.4517 -0.0727 -0.0140 1.4562 -0.0713 -0.0130 1.4528 -0.0651 -0.0072 1.4506 -0.0572 0.0000 1.4527 -0.0541 -0.0049 1.4528 -0.0554 -0.0031 1.4552 -0.0608 -0.0044 1.4573 -0.0678 -0.0101 1.4562 -0.0668 0.0099 1.4514 -0.0720 0.0027 1.4497 -0.0658 0.0061 1.4531 -0.0567 0.0010 1.4558 -0.0621 0.0044 1.4573 -0.0676 0.0022 1.4484 -0.0558" />
                </IndexedFaceSet>
              </Shape>
              <Shape DEF="xpt">
                <Appearance USE="Bone" />
                <IndexedFaceSet coordIndex="0 10 11 -1 2 13 7 -1 5 24 22 -1 27 13 28 -1 1 4 30 -1 12 10 32 -1 40 41 36 -1 44 41 43 -1 42 40 50 -1 56 57 51 -1 37 36 44 -1 35 40 36 -1 36 37 61 -1 10 33 26 -1 34 33 35 -1 40 35 51 -1 62 37 60 -1 63 57 17 -1 35 31 53 -1 64 6 38 -1 0 11 33 -1 42 48 49 -1 51 57 63 -1 54 17 65 -1 36 41 44 -1 39 52 35 -1 64 35 33 -1 19 17 68 -1 24 5 69 -1 68 5 22 -1 15 16 69 -1 15 2 9 -1 27 12 13 -1 23 25 6 -1 5 23 2 -1 5 2 15 -1 8 12 0 -1 7 13 12 -1 13 2 18 -1 1 9 2 -1 24 69 68 -1 18 28 13 -1 62 46 47 -1 44 45 60 -1 38 35 64 -1 51 35 53 -1 54 53 66 -1 65 55 54 -1 58 50 51 -1 31 35 52 -1 47 0 37 -1 58 51 50 -1 63 17 70 -1 41 40 42 -1 44 60 37 -1 59 50 67 -1 51 55 56 -1 55 51 53 -1 44 43 45 -1 26 29 10 -1 18 2 12 -1 25 23 1 -1 10 12 6 -1 15 14 5 -1 12 8 7 -1 1 5 3 -1 4 50 30 -1 25 1 7 -1 17 19 16 -1 22 24 68 -1 5 20 3 -1 5 68 20 -1 12 23 6 -1 12 27 18 -1 30 59 1 -1 15 59 70 -1 17 16 15 -1 50 46 48 -1 63 70 72 -1 70 59 67 -1 67 51 72 -1 34 35 33 -1 55 53 54 -1 17 66 21 -1 66 17 54 -1 56 55 65 -1 35 0 33 -1 49 62 42 -1 37 62 47 -1 33 11 29 -1 49 46 62 -1 52 4 31 -1 61 37 36 -1 66 53 31 -1 6 64 10 -1 45 42 60 -1 45 43 42 -1 70 67 72 -1 52 50 4 -1 51 63 72 -1 48 42 50 -1 47 38 6 -1 1 2 7 -1 12 10 0 -1 15 70 17 -1 9 59 15 -1 59 30 50 -1 4 1 3 -1 47 71 7 -1 47 7 8 -1 9 1 59 -1 10 29 11 -1 5 14 69 -1 16 19 69 -1 20 17 21 -1 32 10 12 -1 71 6 25 -1 47 8 0 -1 39 47 46 -1 50 52 46 -1 31 4 3 -1 56 17 57 -1 64 33 10 -1 39 35 38 -1 31 21 66 -1 65 17 56 -1 50 40 51 -1 50 51 67 -1 49 48 46 -1 36 0 35 -1 0 36 37 -1 60 42 62 -1 29 26 33 -1 52 39 46 -1 41 42 43 -1 47 39 38 -1 71 47 6 -1 28 18 27 -1 25 7 71 -1 5 1 23 -1 12 2 23 -1 21 3 20 -1 31 3 21 -1 17 20 68 -1 68 69 19 -1 14 15 69 -1" creaseAngle="1.57">
                  <Coordinate point="-0.0004 1.4483 -0.0980 0.0081 1.4529 -0.0788 0.0158 1.4573 -0.0788 0.0041 1.4421 -0.0806 -0.0013 1.4482 -0.0777 0.0118 1.4418 -0.0796 0.0026 1.4430 -0.0922 0.0115 1.4593 -0.0817 0.0026 1.4527 -0.0921 0.0107 1.4512 -0.0716 0.0050 1.4377 -0.0990 -0.0001 1.4419 -0.1077 0.0109 1.4468 -0.0914 0.0213 1.4548 -0.0883 0.0117 1.4473 -0.0653 0.0103 1.4461 -0.0631 0.0080 1.4355 -0.0617 0.0020 1.4340 -0.0634 0.0235 1.4472 -0.0874 0.0100 1.4314 -0.0652 0.0060 1.4360 -0.0749 0.0015 1.4356 -0.0728 0.0136 1.4356 -0.0796 0.0108 1.4465 -0.0853 0.0169 1.4369 -0.0755 0.0079 1.4477 -0.0871 -0.0014 1.4320 -0.1041 0.0207 1.4513 -0.0924 0.0290 1.4535 -0.0942 0.0001 1.4336 -0.1127 0.0035 1.4537 -0.0759 -0.0059 1.4432 -0.0814 0.0112 1.4391 -0.0943 -0.0036 1.4374 -0.1021 -0.0074 1.4369 -0.0967 -0.0123 1.4432 -0.0885 -0.0144 1.4405 -0.0917 -0.0101 1.4510 -0.0909 -0.0084 1.4422 -0.0917 -0.0079 1.4480 -0.0867 -0.0170 1.4479 -0.0820 -0.0262 1.4470 -0.0891 -0.0211 1.4526 -0.0853 -0.0264 1.4561 -0.0887 -0.0243 1.4519 -0.0941 -0.0246 1.4542 -0.0940 -0.0086 1.4573 -0.0829 -0.0029 1.4521 -0.0902 -0.0168 1.4596 -0.0795 -0.0151 1.4612 -0.0798 -0.0090 1.4530 -0.0752 -0.0127 1.4439 -0.0706 -0.0073 1.4505 -0.0802 -0.0127 1.4379 -0.0796 -0.0061 1.4325 -0.0650 -0.0121 1.4337 -0.0700 -0.0080 1.4355 -0.0618 -0.0075 1.4405 -0.0616 -0.0142 1.4526 -0.0765 0.0023 1.4502 -0.0681 -0.0147 1.4523 -0.0905 -0.0101 1.4494 -0.0916 -0.0121 1.4562 -0.0854 -0.0084 1.4435 -0.0609 -0.0063 1.4378 -0.0957 -0.0087 1.4305 -0.0624 -0.0060 1.4360 -0.0752 -0.0062 1.4488 -0.0618 0.0104 1.4347 -0.0726 0.0129 1.4376 -0.0686 0.0022 1.4474 -0.0565 0.0041 1.4493 -0.0886 -0.0094 1.4474 -0.0599" />
                </IndexedFaceSet>
              </Shape>
              <Shape DEF="t4disc">
                <Appearance USE="Bone" />
                <IndexedFaceSet coordIndex="15 16 17 -1 12 15 17 -1 18 10 9 -1 16 19 17 -1 3 0 1 -1 7 20 21 -1 16 15 1 -1 19 18 12 -1 9 10 13 -1 11 12 9 -1 6 4 1 -1 22 6 0 -1 3 1 2 -1 3 24 21 -1 1 25 16 -1 20 7 22 -1 0 8 22 -1 12 11 15 -1 17 19 12 -1 18 9 12 -1 18 25 5 -1 19 25 18 -1 13 11 9 -1 23 11 13 -1 11 3 2 -1 23 26 24 -1 13 26 23 -1 13 7 26 -1 5 13 14 -1 5 7 13 -1 0 3 8 -1 0 6 1 -1 25 4 5 -1 25 1 4 -1 8 20 22 -1 3 20 8 -1 3 21 20 -1 6 7 4 -1 15 11 2 -1 10 18 14 -1 25 19 16 -1 23 3 11 -1 3 23 24 -1 5 14 18 -1 13 10 14 -1 2 1 15 -1 7 5 4 -1 26 7 21 -1 26 21 24 -1 22 7 6 -1" creaseAngle="1.57">
                  <Coordinate point="0.0121 1.4306 -0.0679 0.0066 1.4308 -0.0635 0.0006 1.4245 -0.0600 0.0019 1.4264 -0.0666 0.0059 1.4361 -0.0754 -0.0015 1.4356 -0.0729 0.0109 1.4341 -0.0732 0.0017 1.4336 -0.0804 0.0101 1.4278 -0.0679 -0.0125 1.4306 -0.0707 -0.0117 1.4327 -0.0773 -0.0056 1.4267 -0.0664 -0.0086 1.4305 -0.0642 -0.0074 1.4322 -0.0795 -0.0073 1.4365 -0.0784 -0.0027 1.4292 -0.0592 0.0059 1.4314 -0.0632 -0.0042 1.4298 -0.0606 -0.0080 1.4349 -0.0727 -0.0051 1.4335 -0.0658 0.0099 1.4296 -0.0760 0.0048 1.4283 -0.0739 0.0127 1.4327 -0.0745 -0.0050 1.4282 -0.0737 0.0000 1.4273 -0.0726 0.0000 1.4341 -0.0662 0.0001 1.4293 -0.0778" />
                </IndexedFaceSet>
              </Shape>
              <Shape DEF="t5">
                <Appearance USE="Bone" />
                <IndexedFaceSet coordIndex="6 5 7 -1 28 27 29 -1 25 31 32 -1 7 5 16 -1 29 27 38 -1 15 13 11 -1 2 3 36 -1 8 9 52 -1 45 58 44 -1 44 42 61 -1 59 63 33 -1 55 47 4 -1 49 43 2 -1 40 8 52 -1 8 40 46 -1 46 40 42 -1 48 68 67 -1 57 45 44 -1 54 53 51 -1 71 53 59 -1 57 72 14 -1 61 14 72 -1 58 54 42 -1 70 48 41 -1 53 54 62 -1 35 31 60 -1 39 13 3 -1 26 23 21 -1 30 19 4 -1 13 12 11 -1 15 18 16 -1 16 18 7 -1 22 21 14 -1 37 29 5 -1 22 75 21 -1 26 21 75 -1 27 13 31 -1 15 73 74 -1 15 14 73 -1 27 36 3 -1 38 16 29 -1 61 72 44 -1 44 72 57 -1 42 48 77 -1 52 41 40 -1 1 10 48 -1 42 44 58 -1 41 48 42 -1 48 67 1 -1 9 69 52 -1 0 1 67 -1 55 4 68 -1 70 47 55 -1 43 3 2 -1 51 49 50 -1 30 2 36 -1 18 15 11 -1 28 37 36 -1 71 33 34 -1 3 13 27 -1 23 24 65 -1 11 17 19 -1 7 11 76 -1 11 7 18 -1 0 17 1 -1 15 22 14 -1 17 20 19 -1 20 0 19 -1 26 22 25 -1 26 75 22 -1 26 25 78 -1 25 22 31 -1 27 28 36 -1 16 38 27 -1 25 34 78 -1 13 39 12 -1 78 33 63 -1 30 36 37 -1 14 60 74 -1 61 60 14 -1 66 56 23 -1 60 61 43 -1 53 71 35 -1 70 69 47 -1 69 46 47 -1 51 43 49 -1 79 56 65 -1 64 45 57 -1 45 64 54 -1 56 21 23 -1 14 21 57 -1 41 69 70 -1 52 69 41 -1 39 3 10 -1 70 55 68 -1 19 0 67 -1 56 57 21 -1 62 64 79 -1 8 46 9 -1 50 46 42 -1 42 51 50 -1 63 59 65 -1 62 59 53 -1 35 43 51 -1 60 43 35 -1 42 10 43 -1 37 28 29 -1 66 23 65 -1 71 34 35 -1 25 32 34 -1 37 5 76 -1 4 2 30 -1 24 26 78 -1 5 7 76 -1 10 1 17 -1 12 17 11 -1 63 24 78 -1 24 63 65 -1 27 31 16 -1 37 11 30 -1 37 76 11 -1 33 78 34 -1 31 35 34 -1 14 74 73 -1 40 41 42 -1 50 2 46 -1 43 61 42 -1 59 62 65 -1 47 2 4 -1 50 49 2 -1 64 62 54 -1 79 57 56 -1 64 57 79 -1 66 65 56 -1 67 68 19 -1 19 68 4 -1 10 77 48 -1 10 42 77 -1 10 3 43 -1 48 70 68 -1 62 79 65 -1 9 46 69 -1 71 59 33 -1 35 51 53 -1 58 45 54 -1 54 51 42 -1 2 47 46 -1 39 10 12 -1 31 22 15 -1 31 74 60 -1 15 74 13 -1 31 13 74 -1 31 34 32 -1 16 31 15 -1 16 5 29 -1 26 24 23 -1 0 20 17 -1 30 11 19 -1 7 5 6 -1 17 12 10 -1" creaseAngle="1.57">
                  <Coordinate point="-0.0011 1.4078 -0.1161 -0.0015 1.4093 -0.1127 -0.0037 1.4320 -0.0968 -0.0032 1.4285 -0.0955 0.0016 1.4251 -0.1071 0.0269 1.4362 -0.0972 0.0330 1.4309 -0.0996 0.0260 1.4269 -0.0975 -0.0289 1.4335 -0.1004 -0.0273 1.4361 -0.1011 -0.0033 1.4192 -0.1000 0.0152 1.4211 -0.0996 0.0056 1.4167 -0.1017 0.0065 1.4276 -0.0929 0.0085 1.4137 -0.0855 0.0143 1.4248 -0.0900 0.0212 1.4300 -0.0906 0.0040 1.4113 -0.1107 0.0211 1.4252 -0.0948 0.0036 1.4207 -0.1100 0.0030 1.4141 -0.1134 0.0053 1.4111 -0.0756 0.0167 1.4166 -0.0822 0.0048 1.4088 -0.0653 0.0073 1.4119 -0.0636 0.0142 1.4187 -0.0754 0.0128 1.4112 -0.0701 0.0116 1.4377 -0.0873 0.0128 1.4348 -0.0924 0.0203 1.4363 -0.0950 0.0091 1.4283 -0.1016 0.0109 1.4291 -0.0827 0.0117 1.4290 -0.0743 0.0033 1.4244 -0.0610 0.0055 1.4274 -0.0696 -0.0000 1.4285 -0.0756 0.0053 1.4333 -0.0953 0.0164 1.4336 -0.0992 0.0178 1.4291 -0.0894 0.0046 1.4219 -0.0980 -0.0211 1.4252 -0.0952 -0.0166 1.4207 -0.0973 -0.0135 1.4233 -0.0919 -0.0068 1.4297 -0.0876 -0.0144 1.4152 -0.0881 -0.0135 1.4123 -0.0835 -0.0167 1.4338 -0.0970 -0.0086 1.4300 -0.1012 -0.0113 1.4154 -0.1038 -0.0073 1.4375 -0.0884 -0.0154 1.4337 -0.0942 -0.0090 1.4292 -0.0772 -0.0229 1.4266 -0.0992 -0.0085 1.4282 -0.0723 -0.0151 1.4191 -0.0788 -0.0095 1.4245 -0.1036 -0.0074 1.4093 -0.0698 -0.0108 1.4122 -0.0782 -0.0174 1.4191 -0.0862 -0.0059 1.4217 -0.0628 0.0008 1.4254 -0.0826 -0.0038 1.4193 -0.0856 -0.0111 1.4214 -0.0705 0.0014 1.4177 -0.0600 -0.0148 1.4165 -0.0753 -0.0054 1.4128 -0.0633 -0.0022 1.4086 -0.0661 -0.0047 1.4163 -0.1087 -0.0047 1.4224 -0.1079 -0.0169 1.4328 -0.0997 -0.0153 1.4227 -0.1009 -0.0008 1.4265 -0.0668 -0.0064 1.4122 -0.0865 0.0091 1.4185 -0.0877 0.0070 1.4241 -0.0860 0.0158 1.4109 -0.0788 0.0238 1.4315 -0.1015 -0.0120 1.4196 -0.0977 0.0081 1.4206 -0.0644 -0.0103 1.4157 -0.0676" />
                </IndexedFaceSet>
              </Shape>
              <Shape DEF="t5disc">
                <Appearance USE="Bone" />
                <IndexedFaceSet coordIndex="1 5 6 -1 8 10 11 -1 12 9 7 -1 14 8 9 -1 4 15 11 -1 7 2 17 -1 0 1 3 -1 3 2 0 -1 1 0 19 -1 1 19 4 -1 17 2 7 -1 6 3 1 -1 4 13 21 -1 4 21 6 -1 5 1 4 -1 12 14 9 -1 13 16 14 -1 14 16 8 -1 16 13 4 -1 4 11 10 -1 11 9 8 -1 7 9 2 -1 3 14 12 -1 10 8 4 -1 21 3 6 -1 21 13 3 -1 4 11 15 -1 0 4 19 -1 6 5 4 -1 2 18 12 -1 16 4 8 -1 2 9 20 -1 4 9 11 -1 4 20 9 -1 3 13 14 -1 12 7 2 -1 3 12 18 -1 18 2 3 -1 2 4 0 -1 4 2 20 -1" creaseAngle="1.57">
                  <Coordinate point="0.0110 1.4056 -0.0825 0.0155 1.4077 -0.0814 0.0023 1.4028 -0.0696 0.0068 1.4091 -0.0707 0.0012 1.4086 -0.0851 0.0120 1.4124 -0.0864 0.0100 1.4118 -0.0784 -0.0071 1.4049 -0.0655 -0.0145 1.4073 -0.0793 -0.0114 1.4065 -0.0720 -0.0090 1.4106 -0.0880 -0.0077 1.4056 -0.0836 -0.0018 1.4063 -0.0630 -0.0043 1.4117 -0.0843 -0.0082 1.4092 -0.0709 -0.0036 1.4091 -0.0869 -0.0103 1.4120 -0.0794 0.0020 1.4032 -0.0621 0.0064 1.4061 -0.0644 0.0118 1.4094 -0.0876 0.0000 1.4033 -0.0776 0.0035 1.4122 -0.0789" />
                </IndexedFaceSet>
              </Shape>
              <Shape DEF="t6">
                <Appearance USE="Bone" />
                <IndexedFaceSet coordIndex="7 8 9 -1 10 11 9 -1 19 20 15 -1 13 21 12 -1 23 24 12 -1 25 22 26 -1 18 17 3 -1 7 33 3 -1 35 36 7 -1 35 40 41 -1 35 26 22 -1 44 18 3 -1 38 4 37 -1 34 46 60 -1 57 58 62 -1 52 63 57 -1 45 57 64 -1 65 56 63 -1 66 67 68 -1 13 48 21 -1 58 57 45 -1 65 63 52 -1 59 56 65 -1 53 65 52 -1 0 48 13 -1 47 21 48 -1 69 68 56 -1 50 55 1 -1 51 50 1 -1 45 46 58 -1 46 34 1 -1 0 54 52 -1 38 37 4 -1 3 2 25 -1 7 44 3 -1 37 34 36 -1 8 7 34 -1 33 7 3 -1 31 29 30 -1 71 22 14 -1 54 8 34 -1 9 6 7 -1 12 14 13 -1 8 13 14 -1 18 5 74 -1 23 12 21 -1 15 16 28 -1 17 2 3 -1 7 3 25 -1 39 4 23 -1 35 7 25 -1 27 30 75 -1 28 17 27 -1 16 17 28 -1 10 20 11 -1 25 43 22 -1 4 37 72 -1 5 44 7 -1 46 45 60 -1 53 54 60 -1 50 51 49 -1 49 51 55 -1 1 55 46 -1 56 66 57 -1 67 66 56 -1 51 1 0 -1 0 76 48 -1 52 54 53 -1 56 59 20 -1 54 0 13 -1 47 48 76 -1 55 51 0 -1 57 62 52 -1 39 47 4 -1 66 78 30 -1 59 65 60 -1 0 52 55 -1 4 61 37 -1 9 22 43 -1 42 35 41 -1 41 40 25 -1 25 40 35 -1 43 17 9 -1 14 12 22 -1 73 19 15 -1 15 10 16 -1 6 9 11 -1 20 10 15 -1 79 74 5 -1 9 14 22 -1 12 24 72 -1 30 19 75 -1 30 27 31 -1 70 32 31 -1 18 80 17 -1 17 25 2 -1 4 24 23 -1 6 5 7 -1 79 70 18 -1 17 80 27 -1 35 12 81 -1 22 12 35 -1 25 42 41 -1 14 22 71 -1 37 61 0 -1 6 45 5 -1 46 62 58 -1 34 37 1 -1 77 32 64 -1 77 29 32 -1 57 63 56 -1 77 30 29 -1 66 30 77 -1 19 30 78 -1 4 47 82 -1 76 0 61 -1 79 5 45 -1 56 20 69 -1 6 11 60 -1 20 59 11 -1 45 64 79 -1 76 82 47 -1 66 77 64 -1 60 54 34 -1 55 52 62 -1 60 45 6 -1 55 62 46 -1 23 21 47 -1 53 60 65 -1 72 36 81 -1 42 25 26 -1 26 35 42 -1 72 37 36 -1 36 34 7 -1 32 29 31 -1 28 27 15 -1 27 75 19 -1 10 17 16 -1 47 39 23 -1 9 17 10 -1 74 79 18 -1 17 43 25 -1 81 12 72 -1 4 72 24 -1 59 60 11 -1 50 49 55 -1 76 4 82 -1 32 70 64 -1 70 79 64 -1 68 19 66 -1 20 19 68 -1 20 68 69 -1 0 1 37 -1 66 19 78 -1 67 56 68 -1 64 57 66 -1 61 4 76 -1 27 18 31 -1 27 80 18 -1 19 15 27 -1 19 73 15 -1 35 81 36 -1 18 70 31 -1 5 18 44 -1 14 9 8 -1 13 8 54 -1" creaseAngle="1.57">
                  <Coordinate point="-0.0108 1.3925 -0.1056 -0.0145 1.4065 -0.1051 0.0153 1.4028 -0.0907 0.0146 1.4078 -0.0902 0.0000 1.3857 -0.1216 0.0019 1.4057 -0.0856 0.0019 1.4015 -0.0895 0.0104 1.4139 -0.0966 0.0066 1.4017 -0.0992 0.0079 1.4002 -0.0972 0.0089 1.3921 -0.0912 0.0016 1.3983 -0.0897 0.0070 1.3891 -0.1085 0.0017 1.3931 -0.1063 0.0091 1.3928 -0.1023 0.0111 1.3863 -0.0872 0.0142 1.3905 -0.0911 0.0157 1.3965 -0.0875 0.0099 1.4053 -0.0806 -0.0004 1.3862 -0.0811 0.0018 1.3939 -0.0898 -0.0004 1.3847 -0.1125 0.0162 1.3967 -0.1039 0.0024 1.3834 -0.1195 0.0063 1.3889 -0.1112 0.0202 1.4080 -0.0982 0.0216 1.4014 -0.1050 0.0137 1.3881 -0.0771 0.0180 1.3902 -0.0837 0.0022 1.3911 -0.0642 0.0013 1.3840 -0.0678 0.0090 1.3924 -0.0679 0.0021 1.3992 -0.0637 0.0115 1.4104 -0.0912 0.0006 1.4072 -0.1059 0.0161 1.4053 -0.1049 0.0113 1.4035 -0.1065 -0.0022 1.4020 -0.1121 -0.0001 1.4012 -0.1138 0.0001 1.3721 -0.1233 0.0191 1.4106 -0.1047 0.0247 1.4120 -0.1082 0.0287 1.4081 -0.1069 0.0154 1.3969 -0.0993 0.0108 1.4077 -0.0867 -0.0075 1.4067 -0.0854 -0.0129 1.4119 -0.0948 -0.0012 1.3800 -0.1174 -0.0041 1.3870 -0.1110 -0.0313 1.4072 -0.1071 -0.0272 1.4079 -0.1092 -0.0267 1.4045 -0.1088 -0.0144 1.3981 -0.0978 -0.0064 1.4011 -0.0999 -0.0071 1.3945 -0.1030 -0.0241 1.4041 -0.1016 -0.0165 1.3914 -0.0874 -0.0138 1.3966 -0.0783 -0.0148 1.4063 -0.0878 -0.0016 1.3986 -0.0898 -0.0076 1.4055 -0.0960 -0.0038 1.3970 -0.1143 -0.0162 1.4032 -0.0945 -0.0144 1.3993 -0.0881 -0.0074 1.4019 -0.0689 -0.0106 1.3976 -0.0941 -0.0110 1.3885 -0.0704 -0.0118 1.3850 -0.0782 -0.0092 1.3864 -0.0838 -0.0095 1.3863 -0.0862 0.0000 1.4022 -0.0673 0.0112 1.3868 -0.1031 0.0038 1.3970 -0.1143 0.0048 1.3866 -0.0853 0.0035 1.4038 -0.0789 0.0059 1.3852 -0.0745 -0.0052 1.3895 -0.1141 -0.0056 1.3909 -0.0654 -0.0059 1.3852 -0.0746 -0.0043 1.4035 -0.0754 0.0144 1.4015 -0.0772 0.0102 1.3975 -0.1075 -0.0034 1.3881 -0.1175" />
                </IndexedFaceSet>
              </Shape>
              <Shape DEF="t6disc">
                <Appearance USE="Bone" />
                <IndexedFaceSet coordIndex="3 7 8 -1 15 16 11 -1 20 6 13 -1 5 19 18 -1 17 19 21 -1 13 22 14 -1 23 15 11 -1 7 16 22 -1 20 13 25 -1 3 5 18 -1 7 3 16 -1 2 8 9 -1 26 21 5 -1 3 8 2 -1 1 9 24 -1 1 0 6 -1 12 13 14 -1 6 0 13 -1 23 11 17 -1 15 23 12 -1 18 19 11 -1 19 5 21 -1 20 25 21 -1 18 11 3 -1 25 17 21 -1 17 11 19 -1 13 12 25 -1 22 15 14 -1 10 13 0 -1 24 9 7 -1 9 8 7 -1 6 20 4 -1 4 26 1 -1 10 24 7 -1 5 1 26 -1 2 1 5 -1 6 4 1 -1 10 1 24 -1 0 1 10 -1 11 16 3 -1 14 15 12 -1 12 17 25 -1 16 15 22 -1 7 13 10 -1 7 22 13 -1 12 23 17 -1 2 9 1 -1 5 3 2 -1 20 26 4 -1 20 21 26 -1" creaseAngle="1.57">
                  <Coordinate point="0.0037 1.3805 -0.0642 0.0106 1.3825 -0.0713 0.0103 1.3849 -0.0898 0.0014 1.3829 -0.0902 0.0055 1.3792 -0.0706 0.0039 1.3795 -0.0849 0.0038 1.3792 -0.0647 0.0007 1.3857 -0.0772 0.0059 1.3864 -0.0853 0.0124 1.3856 -0.0823 0.0030 1.3838 -0.0672 -0.0103 1.3838 -0.0899 -0.0136 1.3821 -0.0773 -0.0073 1.3807 -0.0682 -0.0082 1.3855 -0.0773 -0.0112 1.3861 -0.0840 -0.0044 1.3857 -0.0885 -0.0096 1.3796 -0.0828 -0.0056 1.3811 -0.0901 -0.0066 1.3796 -0.0864 -0.0010 1.3788 -0.0699 -0.0024 1.3792 -0.0800 -0.0033 1.3862 -0.0803 -0.0143 1.3821 -0.0850 0.0073 1.3851 -0.0738 -0.0070 1.3794 -0.0747 0.0052 1.3792 -0.0769" />
                </IndexedFaceSet>
              </Shape>
              <Shape DEF="t7">
                <Appearance USE="Bone" />
                <IndexedFaceSet coordIndex="12 13 14 -1 16 10 17 -1 24 25 16 -1 34 35 4 -1 36 28 9 -1 47 48 29 -1 16 22 24 -1 13 5 14 -1 8 28 27 -1 1 33 56 -1 59 63 57 -1 78 74 79 -1 76 84 64 -1 69 91 75 -1 57 96 95 -1 3 60 98 -1 93 6 60 -1 91 81 78 -1 51 90 99 -1 49 100 87 -1 48 85 64 -1 57 82 81 -1 10 70 19 -1 1 0 33 -1 4 15 8 -1 21 40 22 -1 18 10 16 -1 3 6 54 -1 22 103 52 -1 103 37 52 -1 50 104 90 -1 32 11 105 -1 48 9 29 -1 43 27 44 -1 31 42 0 -1 37 30 21 -1 7 6 5 -1 8 11 0 -1 13 14 20 -1 13 12 14 -1 19 20 14 -1 106 38 37 -1 21 42 31 -1 31 18 52 -1 22 52 24 -1 18 25 24 -1 6 55 5 -1 6 3 54 -1 3 2 6 -1 42 22 4 -1 8 42 4 -1 80 73 74 -1 67 83 64 -1 47 85 48 -1 68 72 75 -1 62 61 94 -1 57 95 63 -1 68 95 62 -1 68 75 80 -1 70 71 69 -1 13 20 94 -1 91 92 75 -1 91 78 92 -1 81 91 71 -1 87 104 49 -1 64 108 48 -1 57 63 82 -1 82 80 81 -1 78 81 77 -1 65 63 66 -1 81 71 57 -1 63 67 66 -1 6 93 62 -1 2 60 6 -1 5 4 53 -1 52 37 31 -1 21 31 37 -1 45 46 49 -1 27 28 44 -1 30 26 21 -1 8 101 56 -1 10 1 23 -1 22 42 21 -1 16 17 19 -1 31 0 1 -1 8 27 43 -1 102 5 16 -1 28 8 29 -1 38 30 37 -1 41 21 26 -1 48 84 49 -1 11 28 36 -1 44 28 11 -1 49 109 45 -1 105 109 50 -1 90 51 50 -1 7 5 13 -1 3 6 7 -1 4 8 15 -1 4 35 8 -1 1 56 101 -1 10 96 70 -1 23 96 10 -1 57 71 96 -1 113 75 62 -1 59 88 86 -1 92 73 97 -1 80 97 73 -1 108 84 48 -1 76 49 84 -1 114 86 64 -1 115 100 76 -1 87 100 115 -1 58 89 59 -1 90 115 99 -1 90 87 115 -1 33 58 57 -1 107 58 33 -1 32 111 107 -1 98 2 3 -1 69 75 113 -1 61 13 94 -1 80 82 68 -1 85 47 64 -1 67 64 66 -1 116 55 6 -1 47 57 65 -1 56 57 47 -1 96 34 95 -1 65 57 63 -1 66 64 65 -1 63 68 82 -1 94 20 19 -1 60 2 98 -1 62 75 72 -1 89 107 111 -1 89 58 107 -1 99 89 51 -1 90 104 87 -1 59 83 67 -1 64 86 114 -1 86 64 83 -1 84 108 64 -1 77 80 74 -1 73 92 78 -1 77 74 78 -1 83 59 86 -1 71 70 96 -1 58 59 57 -1 112 56 47 -1 112 8 56 -1 5 55 4 -1 22 16 5 -1 51 32 50 -1 11 32 0 -1 109 49 110 -1 11 36 45 -1 49 9 48 -1 49 46 9 -1 9 46 45 -1 30 39 26 -1 41 40 21 -1 106 40 41 -1 41 26 106 -1 38 106 39 -1 0 32 33 -1 31 1 18 -1 19 14 16 -1 10 19 17 -1 34 23 35 -1 38 39 30 -1 110 104 109 -1 109 104 50 -1 105 50 32 -1 40 103 22 -1 102 14 5 -1 35 101 8 -1 35 23 101 -1 29 8 112 -1 112 47 29 -1 19 70 69 -1 113 94 19 -1 94 113 62 -1 113 19 69 -1 59 67 63 -1 76 117 49 -1 100 117 76 -1 49 117 100 -1 115 86 88 -1 89 115 88 -1 59 89 88 -1 51 89 111 -1 33 32 107 -1 71 91 69 -1 61 62 93 -1 93 13 61 -1 13 93 60 -1 47 65 64 -1 95 116 62 -1 63 95 68 -1 116 34 55 -1 95 34 116 -1 33 57 56 -1 96 23 34 -1 6 62 116 -1 68 62 72 -1 75 97 80 -1 60 3 13 -1 92 97 75 -1 115 89 99 -1 115 76 86 -1 76 64 86 -1 81 80 77 -1 78 74 73 -1 78 79 74 -1 101 23 1 -1 4 55 34 -1 18 16 25 -1 14 102 16 -1 3 7 13 -1 4 22 53 -1 52 18 24 -1 51 111 32 -1 11 109 105 -1 110 49 104 -1 11 45 109 -1 9 28 29 -1 9 45 36 -1 11 43 44 -1 43 11 8 -1 0 42 8 -1 106 103 40 -1 26 39 106 -1 106 37 103 -1 53 22 5 -1 1 10 18 -1" creaseAngle="1.57">
                  <Coordinate point="-0.0134 1.3759 -0.0895 -0.0093 1.3839 -0.0985 0.0002 1.3432 -0.1274 -0.0014 1.3556 -0.1234 -0.0129 1.3633 -0.1055 -0.0075 1.3684 -0.1119 0.0016 1.3529 -0.1143 -0.0052 1.3575 -0.1161 -0.0108 1.3708 -0.0946 -0.0086 1.3608 -0.0826 -0.0026 1.3842 -0.1045 -0.0136 1.3727 -0.0823 -0.0005 1.3657 -0.1224 -0.0005 1.3584 -0.1235 -0.0006 1.3734 -0.1181 -0.0110 1.3674 -0.1032 -0.0071 1.3781 -0.1095 -0.0021 1.3836 -0.1051 -0.0100 1.3878 -0.1009 0.0018 1.3784 -0.1108 0.0023 1.3720 -0.1175 -0.0239 1.3768 -0.1045 -0.0134 1.3710 -0.1084 -0.0023 1.3764 -0.1045 -0.0130 1.3817 -0.1061 -0.0113 1.3830 -0.1042 -0.0313 1.3756 -0.1121 -0.0183 1.3648 -0.0902 -0.0148 1.3604 -0.0865 -0.0057 1.3606 -0.0891 -0.0287 1.3816 -0.1074 -0.0173 1.3792 -0.1001 -0.0073 1.3794 -0.0810 -0.0036 1.3801 -0.0910 -0.0012 1.3701 -0.1070 -0.0064 1.3707 -0.1043 -0.0150 1.3607 -0.0782 -0.0254 1.3844 -0.1106 -0.0309 1.3834 -0.1138 -0.0321 1.3781 -0.1123 -0.0211 1.3752 -0.1112 -0.0280 1.3744 -0.1137 -0.0163 1.3732 -0.1019 -0.0148 1.3684 -0.0913 -0.0152 1.3652 -0.0831 -0.0121 1.3635 -0.0724 -0.0090 1.3606 -0.0782 0.0019 1.3630 -0.0921 0.0005 1.3619 -0.0821 -0.0049 1.3615 -0.0671 -0.0087 1.3790 -0.0704 0.0026 1.3789 -0.0705 -0.0196 1.3829 -0.1056 -0.0111 1.3652 -0.1099 -0.0015 1.3516 -0.1173 -0.0024 1.3622 -0.1094 -0.0028 1.3736 -0.0936 0.0081 1.3793 -0.0946 0.0124 1.3775 -0.0859 0.0143 1.3695 -0.0840 0.0024 1.3485 -0.1214 0.0026 1.3640 -0.1191 0.0081 1.3645 -0.1105 0.0116 1.3718 -0.0967 0.0124 1.3604 -0.0805 0.0112 1.3669 -0.0942 0.0158 1.3663 -0.0899 0.0156 1.3672 -0.0862 0.0150 1.3681 -0.1033 0.0112 1.3819 -0.1054 0.0048 1.3863 -0.1031 0.0104 1.3888 -0.0997 0.0153 1.3633 -0.1070 0.0265 1.3773 -0.1153 0.0306 1.3790 -0.1138 0.0134 1.3710 -0.1084 0.0097 1.3633 -0.0684 0.0286 1.3813 -0.1070 0.0246 1.3838 -0.1114 0.0259 1.3827 -0.1159 0.0209 1.3737 -0.1048 0.0213 1.3819 -0.1029 0.0164 1.3758 -0.0999 0.0155 1.3661 -0.0847 0.0053 1.3609 -0.0736 0.0055 1.3613 -0.0869 0.0134 1.3641 -0.0757 0.0050 1.3714 -0.0651 0.0126 1.3737 -0.0771 0.0120 1.3772 -0.0767 0.0037 1.3779 -0.0649 0.0194 1.3828 -0.1042 0.0209 1.3786 -0.1125 0.0052 1.3575 -0.1161 0.0037 1.3707 -0.1162 0.0059 1.3691 -0.1055 0.0063 1.3779 -0.1017 0.0200 1.3756 -0.1105 0.0015 1.3503 -0.1263 0.0094 1.3796 -0.0698 0.0082 1.3632 -0.0665 -0.0075 1.3806 -0.0991 -0.0029 1.3739 -0.1150 -0.0178 1.3790 -0.1101 -0.0053 1.3736 -0.0661 -0.0120 1.3746 -0.0747 -0.0261 1.3803 -0.1162 0.0038 1.3793 -0.0811 0.0066 1.3613 -0.0788 -0.0106 1.3686 -0.0711 -0.0050 1.3711 -0.0654 0.0025 1.3790 -0.0776 -0.0007 1.3647 -0.0929 0.0083 1.3724 -0.1103 0.0143 1.3630 -0.0776 0.0101 1.3714 -0.0709 0.0038 1.3640 -0.1080 0.0036 1.3614 -0.0619" />
                </IndexedFaceSet>
              </Shape>
              <Shape DEF="t7disc">
                <Appearance USE="Bone" />
                <IndexedFaceSet coordIndex="1 3 2 -1 2 4 5 -1 12 13 14 -1 9 6 11 -1 6 1 0 -1 2 18 17 -1 4 2 19 -1 6 16 11 -1 9 11 10 -1 6 2 5 -1 17 8 7 -1 21 4 16 -1 15 22 7 -1 19 2 22 -1 15 10 22 -1 6 13 3 -1 6 14 13 -1 10 13 12 -1 16 22 10 -1 8 10 15 -1 4 21 6 -1 2 7 22 -1 16 4 19 -1 3 13 2 -1 3 1 6 -1 13 20 18 -1 2 13 18 -1 7 8 15 -1 10 11 16 -1 6 9 14 -1 8 20 13 -1 13 10 8 -1 9 12 14 -1 9 10 12 -1 16 6 21 -1 6 0 2 -1 2 17 7 -1 6 5 4 -1 22 16 19 -1 0 1 2 -1 18 8 17 -1 8 18 20 -1" creaseAngle="1.57">
                  <Coordinate point="0.0084 1.3596 -0.0901 0.0052 1.3614 -0.0847 0.0128 1.3580 -0.0822 0.0018 1.3617 -0.0773 0.0063 1.3539 -0.0839 0.0051 1.3542 -0.0881 -0.0010 1.3594 -0.0881 0.0075 1.3558 -0.0665 -0.0066 1.3571 -0.0642 -0.0136 1.3585 -0.0848 -0.0095 1.3553 -0.0710 -0.0095 1.3537 -0.0838 -0.0101 1.3603 -0.0804 -0.0028 1.3608 -0.0716 -0.0031 1.3616 -0.0841 -0.0017 1.3557 -0.0639 -0.0046 1.3540 -0.0770 0.0085 1.3569 -0.0656 0.0068 1.3600 -0.0678 0.0062 1.3539 -0.0772 0.0002 1.3588 -0.0645 0.0000 1.3545 -0.0859 0.0020 1.3543 -0.0717" />
                </IndexedFaceSet>
              </Shape>
              <Shape DEF="t8">
                <Appearance USE="Bone" />
                <IndexedFaceSet coordIndex="9 0 10 -1 7 16 8 -1 10 24 9 -1 42 21 22 -1 39 7 44 -1 24 7 45 -1 49 50 51 -1 60 61 49 -1 61 62 63 -1 77 64 62 -1 21 54 84 -1 66 85 53 -1 86 83 49 -1 71 55 60 -1 91 76 59 -1 74 41 76 -1 72 21 42 -1 66 61 63 -1 65 63 62 -1 58 54 21 -1 14 41 42 -1 43 44 7 -1 82 81 96 -1 20 10 19 -1 6 53 97 -1 20 19 5 -1 2 1 4 -1 6 4 94 -1 33 24 10 -1 82 96 27 -1 35 99 34 -1 14 42 40 -1 22 23 34 -1 5 19 0 -1 47 71 49 -1 85 63 52 -1 70 101 53 -1 67 77 62 -1 42 74 72 -1 74 42 41 -1 82 88 89 -1 63 65 64 -1 63 85 66 -1 79 83 86 -1 86 70 87 -1 2 79 86 -1 86 87 2 -1 86 66 70 -1 66 53 101 -1 71 47 20 -1 60 49 71 -1 51 47 49 -1 82 89 81 -1 48 61 49 -1 57 103 61 -1 64 65 62 -1 76 41 75 -1 57 58 64 -1 46 73 67 -1 71 20 70 -1 10 26 32 -1 45 34 23 -1 1 94 4 -1 40 42 22 -1 32 31 33 -1 10 0 19 -1 8 43 7 -1 5 104 20 -1 1 104 5 -1 2 104 1 -1 6 12 8 -1 98 0 9 -1 5 0 98 -1 94 21 6 -1 21 53 6 -1 79 2 18 -1 33 3 2 -1 31 3 33 -1 25 105 27 -1 25 28 106 -1 25 27 28 -1 95 28 30 -1 69 109 30 -1 107 69 30 -1 34 7 35 -1 45 7 34 -1 39 34 100 -1 32 95 31 -1 3 17 18 -1 78 18 109 -1 30 17 95 -1 99 35 36 -1 49 61 48 -1 90 102 68 -1 67 57 77 -1 64 74 76 -1 13 41 15 -1 13 14 75 -1 51 50 49 -1 90 68 80 -1 111 102 112 -1 112 51 111 -1 89 88 92 -1 47 51 93 -1 47 93 20 -1 57 61 60 -1 58 56 54 -1 52 63 64 -1 59 75 14 -1 59 14 110 -1 55 54 56 -1 84 54 55 -1 87 70 2 -1 66 101 70 -1 71 84 55 -1 71 70 84 -1 90 112 102 -1 112 90 89 -1 46 103 57 -1 59 76 75 -1 75 41 13 -1 58 72 64 -1 58 21 72 -1 83 80 49 -1 80 83 79 -1 76 91 64 -1 7 8 16 -1 109 18 29 -1 22 44 43 -1 34 44 22 -1 41 13 15 -1 36 35 7 -1 24 33 37 -1 32 26 28 -1 17 30 29 -1 29 30 109 -1 69 78 109 -1 78 79 18 -1 26 106 28 -1 26 25 106 -1 10 25 26 -1 25 10 20 -1 11 23 21 -1 23 11 9 -1 14 12 110 -1 98 21 94 -1 21 9 11 -1 21 98 9 -1 18 2 3 -1 12 43 8 -1 40 43 12 -1 31 17 3 -1 105 25 20 -1 27 108 107 -1 108 81 107 -1 17 29 18 -1 107 81 69 -1 32 28 95 -1 7 24 37 -1 7 37 4 -1 7 38 36 -1 39 99 36 -1 14 13 41 -1 22 43 40 -1 34 39 44 -1 9 45 23 -1 33 10 32 -1 100 34 39 -1 61 103 62 -1 67 73 57 -1 64 72 74 -1 67 62 46 -1 57 73 46 -1 49 111 51 -1 78 69 90 -1 79 78 80 -1 49 102 111 -1 49 68 102 -1 89 51 112 -1 89 92 51 -1 92 88 93 -1 57 60 55 -1 49 66 86 -1 49 61 66 -1 110 85 59 -1 97 85 110 -1 70 53 84 -1 59 85 52 -1 20 2 70 -1 21 84 53 -1 97 53 85 -1 59 52 91 -1 64 91 52 -1 55 56 57 -1 93 105 20 -1 105 93 88 -1 92 93 51 -1 27 88 82 -1 27 105 88 -1 81 89 90 -1 90 80 78 -1 81 90 69 -1 103 46 62 -1 77 57 64 -1 57 56 58 -1 49 80 68 -1 22 21 23 -1 40 12 14 -1 38 39 36 -1 38 7 39 -1 99 39 34 -1 17 31 95 -1 28 107 30 -1 28 27 107 -1 27 81 108 -1 81 27 96 -1 45 9 24 -1 4 33 2 -1 37 33 4 -1 6 110 12 -1 6 97 110 -1 94 5 98 -1 94 1 5 -1 6 7 4 -1 8 7 6 -1 2 20 104 -1" creaseAngle="1.57">
                  <Coordinate point="0.0085 1.3567 -0.0936 0.0085 1.3471 -0.0988 0.0012 1.3414 -0.0920 0.0131 1.3363 -0.0911 0.0114 1.3440 -0.0981 0.0083 1.3495 -0.0981 0.0083 1.3397 -0.1045 0.0212 1.3451 -0.1023 0.0125 1.3343 -0.1043 0.0145 1.3601 -0.1022 0.0109 1.3540 -0.0849 0.0133 1.3609 -0.1014 0.0066 1.3350 -0.1105 -0.0003 1.3231 -0.1216 0.0008 1.3290 -0.1155 -0.0003 1.3204 -0.1283 0.0182 1.3363 -0.1023 0.0170 1.3358 -0.0839 0.0091 1.3357 -0.0875 0.0065 1.3559 -0.0914 0.0001 1.3541 -0.0834 -0.0009 1.3501 -0.1084 0.0077 1.3470 -0.1113 0.0111 1.3534 -0.1069 0.0167 1.3543 -0.0979 0.0092 1.3545 -0.0708 0.0150 1.3529 -0.0802 0.0077 1.3497 -0.0650 0.0131 1.3446 -0.0748 0.0104 1.3352 -0.0803 0.0130 1.3381 -0.0739 0.0184 1.3408 -0.0893 0.0160 1.3460 -0.0853 0.0156 1.3505 -0.0918 0.0226 1.3533 -0.1080 0.0249 1.3493 -0.1017 0.0298 1.3460 -0.1060 0.0166 1.3475 -0.0970 0.0262 1.3437 -0.1056 0.0299 1.3475 -0.1131 0.0075 1.3372 -0.1108 -0.0000 1.3334 -0.1221 0.0038 1.3444 -0.1150 0.0139 1.3407 -0.1086 0.0192 1.3443 -0.1101 0.0186 1.3551 -0.1032 -0.0326 1.3470 -0.1140 -0.0095 1.3537 -0.0833 -0.0187 1.3502 -0.0981 -0.0165 1.3430 -0.0895 -0.0156 1.3524 -0.0831 -0.0135 1.3504 -0.0746 -0.0108 1.3333 -0.1057 -0.0024 1.3466 -0.1065 -0.0061 1.3559 -0.1058 -0.0136 1.3595 -0.0998 -0.0146 1.3607 -0.1025 -0.0208 1.3538 -0.1063 -0.0111 1.3534 -0.1069 -0.0052 1.3321 -0.1099 -0.0166 1.3550 -0.0982 -0.0210 1.3468 -0.1009 -0.0257 1.3441 -0.1057 -0.0139 1.3368 -0.1028 -0.0124 1.3446 -0.1095 -0.0178 1.3380 -0.1037 -0.0123 1.3430 -0.0981 -0.0271 1.3446 -0.1132 -0.0169 1.3364 -0.0853 0.0005 1.3361 -0.0665 -0.0083 1.3510 -0.0986 -0.0110 1.3568 -0.0931 -0.0097 1.3467 -0.1106 -0.0279 1.3522 -0.1152 -0.0070 1.3452 -0.1121 -0.0023 1.3309 -0.1171 -0.0055 1.3396 -0.1135 -0.0192 1.3443 -0.1101 -0.0020 1.3367 -0.0774 -0.0027 1.3366 -0.0885 -0.0116 1.3353 -0.0813 -0.0030 1.3422 -0.0613 -0.0005 1.3547 -0.0620 -0.0090 1.3366 -0.0910 -0.0090 1.3553 -0.1026 -0.0070 1.3385 -0.1059 -0.0014 1.3442 -0.0926 -0.0072 1.3475 -0.0952 -0.0019 1.3546 -0.0690 -0.0078 1.3495 -0.0649 -0.0103 1.3363 -0.0689 -0.0092 1.3363 -0.1090 -0.0121 1.3545 -0.0692 -0.0068 1.3542 -0.0748 0.0012 1.3487 -0.1076 0.0165 1.3406 -0.0827 -0.0003 1.3447 -0.0612 0.0000 1.3381 -0.1091 0.0090 1.3553 -0.1026 0.0290 1.3513 -0.1057 0.0302 1.3532 -0.1106 -0.0095 1.3452 -0.0998 -0.0137 1.3391 -0.0738 -0.0290 1.3513 -0.1057 0.0009 1.3466 -0.0924 0.0005 1.3544 -0.0699 0.0134 1.3524 -0.0713 0.0103 1.3363 -0.0690 0.0080 1.3413 -0.0641 0.0043 1.3365 -0.0756 0.0000 1.3321 -0.1103 -0.0137 1.3459 -0.0782 -0.0111 1.3462 -0.0708" />
                </IndexedFaceSet>
              </Shape>
              <Shape DEF="t8disc">
                <Appearance USE="Bone" />
                <IndexedFaceSet coordIndex="12 13 14 -1 7 0 8 -1 6 0 4 -1 8 0 6 -1 9 8 6 -1 10 13 11 -1 4 5 6 -1 18 15 19 -1 18 20 15 -1 19 15 1 -1 1 15 3 -1 21 2 16 -1 3 2 21 -1 7 23 12 -1 18 12 20 -1 16 9 5 -1 9 16 24 -1 24 7 9 -1 7 12 23 -1 1 21 16 -1 15 13 3 -1 0 18 19 -1 13 2 3 -1 2 10 16 -1 5 4 16 -1 13 3 22 -1 1 16 4 -1 21 1 17 -1 1 3 17 -1 11 7 24 -1 11 12 7 -1 24 16 11 -1 6 5 9 -1 18 7 12 -1 11 13 12 -1 13 12 14 -1 20 12 13 -1 0 7 18 -1 10 11 16 -1 9 7 8 -1 3 21 17 -1 2 13 10 -1 0 19 1 -1 4 0 1 -1 15 20 13 -1 22 3 13 -1" creaseAngle="1.57">
                  <Coordinate point="0.0035 1.3365 -0.0846 0.0112 1.3351 -0.0777 0.0110 1.3285 -0.0681 0.0095 1.3334 -0.0648 0.0087 1.3292 -0.0872 -0.0009 1.3267 -0.0835 -0.0002 1.3353 -0.0890 -0.0133 1.3328 -0.0803 -0.0084 1.3333 -0.0898 -0.0062 1.3271 -0.0837 -0.0009 1.3281 -0.0644 -0.0092 1.3294 -0.0660 -0.0118 1.3319 -0.0694 -0.0004 1.3330 -0.0608 -0.0037 1.3352 -0.0639 0.0077 1.3351 -0.0673 0.0071 1.3268 -0.0793 0.0132 1.3336 -0.0716 -0.0021 1.3367 -0.0753 0.0021 1.3367 -0.0753 0.0000 1.3364 -0.0672 0.0134 1.3285 -0.0737 0.0015 1.3323 -0.0606 -0.0157 1.3294 -0.0753 -0.0086 1.3271 -0.0770" />
                </IndexedFaceSet>
              </Shape>
              <Shape DEF="t9">
                <Appearance USE="Bone" />
                <IndexedFaceSet coordIndex="3 0 5 -1 5 2 3 -1 7 8 16 -1 20 18 21 -1 20 22 18 -1 28 27 26 -1 30 32 29 -1 39 40 27 -1 63 47 53 -1 64 56 53 -1 65 66 63 -1 66 51 63 -1 55 51 44 -1 68 48 49 -1 45 70 71 -1 43 62 44 -1 69 10 0 -1 74 2 0 -1 68 71 43 -1 69 1 10 -1 59 68 49 -1 54 78 77 -1 61 1 45 -1 60 45 50 -1 42 22 34 -1 38 18 80 -1 12 13 6 -1 41 35 36 -1 39 27 38 -1 33 40 19 -1 7 36 37 -1 83 84 23 -1 25 85 23 -1 25 24 23 -1 8 13 14 -1 12 6 9 -1 6 1 9 -1 8 6 13 -1 4 0 10 -1 6 7 5 -1 17 18 7 -1 31 32 30 -1 9 11 12 -1 33 19 34 -1 46 53 47 -1 45 60 27 -1 45 71 50 -1 51 43 44 -1 40 61 27 -1 52 27 51 -1 55 40 54 -1 1 61 44 -1 54 77 64 -1 77 78 33 -1 63 53 56 -1 59 71 68 -1 72 44 62 -1 71 72 43 -1 71 59 50 -1 50 43 51 -1 55 47 51 -1 60 50 51 -1 61 55 44 -1 74 3 2 -1 46 54 53 -1 42 34 19 -1 20 21 29 -1 36 18 38 -1 38 41 36 -1 41 1 35 -1 38 40 39 -1 5 36 35 -1 32 34 22 -1 30 29 25 -1 28 26 38 -1 27 88 26 -1 12 17 13 -1 8 15 16 -1 10 1 4 -1 0 4 5 -1 16 90 7 -1 13 90 16 -1 11 21 17 -1 91 85 25 -1 25 29 91 -1 25 84 31 -1 84 25 23 -1 29 32 20 -1 84 83 31 -1 31 34 32 -1 86 31 83 -1 82 86 87 -1 57 92 87 -1 34 92 77 -1 42 19 22 -1 19 18 22 -1 5 44 81 -1 35 44 5 -1 81 2 5 -1 9 38 11 -1 51 66 52 -1 60 51 27 -1 2 81 44 -1 40 55 79 -1 40 33 54 -1 78 54 33 -1 95 64 77 -1 57 95 77 -1 56 58 76 -1 57 86 58 -1 58 96 76 -1 51 47 97 -1 67 96 23 -1 96 98 23 -1 99 52 67 -1 85 52 99 -1 2 75 0 -1 0 3 74 -1 44 75 2 -1 72 75 44 -1 70 1 69 -1 1 70 45 -1 85 99 23 -1 67 23 99 -1 65 96 67 -1 63 51 97 -1 96 58 83 -1 64 57 58 -1 95 57 64 -1 54 64 53 -1 45 27 61 -1 48 50 49 -1 19 93 40 -1 28 38 27 -1 44 35 1 -1 87 92 34 -1 77 33 34 -1 57 77 92 -1 31 82 34 -1 31 30 25 -1 38 26 21 -1 91 29 26 -1 26 88 85 -1 17 7 90 -1 3 89 0 -1 89 3 0 -1 4 6 5 -1 7 6 8 -1 21 18 17 -1 11 17 12 -1 27 85 88 -1 86 82 31 -1 5 37 36 -1 18 36 7 -1 18 19 80 -1 41 38 9 -1 9 1 41 -1 87 34 82 -1 93 19 40 -1 52 65 67 -1 55 61 79 -1 86 83 58 -1 76 96 56 -1 47 63 97 -1 96 65 63 -1 98 83 23 -1 94 27 52 -1 52 27 94 -1 50 68 43 -1 49 50 59 -1 43 72 62 -1 69 72 70 -1 0 75 69 -1 3 73 0 -1 0 73 3 -1 72 69 75 -1 71 70 72 -1 50 48 68 -1 27 52 85 -1 52 66 65 -1 83 98 96 -1 56 96 63 -1 56 64 58 -1 55 46 47 -1 55 54 46 -1 61 40 79 -1 13 15 14 -1 21 11 38 -1 21 26 29 -1 40 38 80 -1 19 40 80 -1 86 57 87 -1 22 20 32 -1 26 85 91 -1 24 25 23 -1 13 17 90 -1 15 13 16 -1 8 14 15 -1 1 6 4 -1 5 7 37 -1" creaseAngle="1.57">
                  <Coordinate point="-0.0005 1.3038 -0.1201 0.0015 1.3223 -0.1063 -0.0016 1.3021 -0.1095 0.0004 1.2929 -0.1235 0.0056 1.3169 -0.1105 0.0078 1.3107 -0.1080 0.0176 1.3208 -0.1107 0.0200 1.3127 -0.1018 0.0249 1.3200 -0.1159 0.0077 1.3310 -0.1045 -0.0000 1.3154 -0.1171 0.0146 1.3323 -0.0992 0.0171 1.3310 -0.1020 0.0230 1.3265 -0.1079 0.0278 1.3258 -0.1094 0.0308 1.3199 -0.1127 0.0282 1.3166 -0.1060 0.0209 1.3232 -0.0989 0.0132 1.3168 -0.0930 0.0104 1.3082 -0.0879 0.0178 1.3210 -0.0839 0.0144 1.3270 -0.0901 0.0187 1.3121 -0.0842 -0.0044 1.3283 -0.0620 0.0039 1.3293 -0.0625 0.0107 1.3273 -0.0663 0.0080 1.3273 -0.0858 -0.0071 1.3283 -0.0897 0.0007 1.3286 -0.0910 0.0144 1.3276 -0.0791 0.0159 1.3204 -0.0700 0.0126 1.3215 -0.0636 0.0176 1.3157 -0.0758 0.0066 1.3066 -0.0856 0.0117 1.3072 -0.0722 0.0046 1.3129 -0.1033 0.0086 1.3135 -0.0997 0.0146 1.3077 -0.1014 0.0073 1.3245 -0.0952 0.0015 1.3250 -0.0924 0.0000 1.3152 -0.0897 0.0071 1.3221 -0.1003 0.0170 1.3063 -0.0818 -0.0190 1.3136 -0.1016 -0.0070 1.3104 -0.1031 -0.0093 1.3296 -0.1048 -0.0169 1.3063 -0.0818 -0.0186 1.3121 -0.0842 -0.0290 1.3229 -0.1058 -0.0307 1.3199 -0.1124 -0.0233 1.3256 -0.1046 -0.0167 1.3229 -0.0912 -0.0116 1.3275 -0.0778 -0.0134 1.3057 -0.0759 -0.0075 1.3072 -0.0817 -0.0114 1.3131 -0.0902 -0.0157 1.3099 -0.0670 -0.0028 1.3071 -0.0579 -0.0088 1.3108 -0.0592 -0.0231 1.3200 -0.1144 -0.0115 1.3309 -0.1030 -0.0077 1.3186 -0.0980 -0.0081 1.3098 -0.1053 -0.0168 1.3163 -0.0727 -0.0082 1.3073 -0.0727 -0.0157 1.3265 -0.0688 -0.0170 1.3254 -0.0781 -0.0098 1.3276 -0.0717 -0.0252 1.3160 -0.1052 -0.0029 1.3167 -0.1127 -0.0063 1.3201 -0.1096 -0.0144 1.3207 -0.1088 -0.0116 1.3129 -0.1078 -0.0009 1.3011 -0.1236 -0.0002 1.2965 -0.1134 -0.0038 1.3065 -0.1117 -0.0135 1.3125 -0.0624 0.0020 1.3080 -0.0690 -0.0007 1.3078 -0.0805 -0.0053 1.3192 -0.0920 0.0064 1.3213 -0.0942 0.0008 1.3085 -0.1051 0.0118 1.3111 -0.0605 -0.0007 1.3220 -0.0582 0.0061 1.3268 -0.0586 -0.0010 1.3263 -0.0783 0.0035 1.3113 -0.0572 0.0080 1.3067 -0.0592 0.0028 1.3274 -0.0875 0.0022 1.2993 -0.1287 0.0251 1.3227 -0.1017 0.0099 1.3274 -0.0742 0.0061 1.3073 -0.0629 0.0011 1.3153 -0.0893 -0.0119 1.3278 -0.0836 -0.0040 1.3075 -0.0637 -0.0130 1.3213 -0.0641 -0.0180 1.3175 -0.0791 -0.0027 1.3242 -0.0581 -0.0010 1.3272 -0.0682" />
                </IndexedFaceSet>
              </Shape>
              <Shape DEF="t9disc">
                <Appearance USE="Bone" />
                <IndexedFaceSet coordIndex="0 1 2 -1 1 5 10 -1 16 3 15 -1 3 16 8 -1 6 5 0 -1 11 6 17 -1 11 17 13 -1 14 13 18 -1 20 9 13 -1 21 13 9 -1 11 21 9 -1 12 22 9 -1 22 15 10 -1 10 2 1 -1 12 23 22 -1 10 11 9 -1 13 21 11 -1 12 9 20 -1 13 12 20 -1 4 8 7 -1 7 13 17 -1 17 6 7 -1 6 0 4 -1 3 4 0 -1 15 14 16 -1 16 14 8 -1 6 11 5 -1 13 8 18 -1 7 8 13 -1 8 4 3 -1 12 13 14 -1 15 2 10 -1 14 23 12 -1 14 22 23 -1 14 15 22 -1 22 10 9 -1 5 11 10 -1 19 8 4 -1 1 0 5 -1 8 14 18 -1 7 6 4 -1 3 0 2 -1 15 3 2 -1 4 8 19 -1" creaseAngle="1.57">
                  <Coordinate point="0.0102 1.3031 -0.0843 0.0026 1.3057 -0.0864 0.0044 1.3074 -0.0809 0.0097 1.3068 -0.0706 0.0149 1.3011 -0.0769 -0.0004 1.2992 -0.0829 0.0067 1.2985 -0.0779 0.0095 1.3002 -0.0671 0.0126 1.3034 -0.0608 -0.0142 1.3031 -0.0754 -0.0094 1.3038 -0.0838 -0.0037 1.2989 -0.0738 -0.0113 1.3046 -0.0613 -0.0015 1.3003 -0.0634 -0.0005 1.3042 -0.0561 -0.0003 1.3080 -0.0686 0.0044 1.3073 -0.0621 0.0045 1.2991 -0.0709 0.0016 1.3005 -0.0621 0.0162 1.3033 -0.0695 -0.0140 1.3015 -0.0628 -0.0089 1.2997 -0.0690 -0.0069 1.3077 -0.0716 -0.0060 1.3073 -0.0629" />
                </IndexedFaceSet>
              </Shape>
              <Shape DEF="t10">
                <Appearance USE="Bone" />
                <IndexedFaceSet coordIndex="5 12 13 -1 17 18 19 -1 22 23 21 -1 1 22 21 -1 11 15 16 -1 11 2 25 -1 14 28 11 -1 4 34 3 -1 8 35 5 -1 43 5 42 -1 44 45 4 -1 54 55 53 -1 56 51 52 -1 48 27 38 -1 46 41 57 -1 50 45 39 -1 50 59 37 -1 39 59 50 -1 49 48 41 -1 6 8 42 -1 36 50 37 -1 41 47 40 -1 10 5 44 -1 12 7 34 -1 9 33 2 -1 1 2 33 -1 9 2 28 -1 32 58 22 -1 7 5 10 -1 5 7 12 -1 35 8 6 -1 14 30 29 -1 3 65 4 -1 54 66 21 -1 11 9 7 -1 10 31 7 -1 28 14 9 -1 34 29 14 -1 35 6 5 -1 38 59 39 -1 60 43 42 -1 49 45 48 -1 27 51 38 -1 39 62 48 -1 38 39 48 -1 47 46 57 -1 57 40 47 -1 46 39 43 -1 41 43 60 -1 4 49 41 -1 48 62 41 -1 51 37 38 -1 58 37 22 -1 45 44 39 -1 47 62 39 -1 45 27 48 -1 49 4 45 -1 43 61 5 -1 5 63 8 -1 13 12 34 -1 11 3 34 -1 11 28 2 -1 26 27 15 -1 25 67 15 -1 15 27 16 -1 11 16 68 -1 11 7 10 -1 65 11 10 -1 3 11 65 -1 9 11 68 -1 21 24 1 -1 9 14 7 -1 63 5 13 -1 4 13 34 -1 13 8 63 -1 42 5 6 -1 20 53 52 -1 55 56 53 -1 52 53 56 -1 26 52 51 -1 45 50 36 -1 44 43 39 -1 36 16 45 -1 16 36 71 -1 43 41 46 -1 60 8 4 -1 42 8 60 -1 60 4 41 -1 56 37 51 -1 16 71 64 -1 4 10 44 -1 27 26 51 -1 61 43 5 -1 8 13 4 -1 11 34 14 -1 7 14 34 -1 0 72 64 -1 25 1 24 -1 25 2 1 -1 0 33 9 -1 19 25 17 -1 10 4 65 -1 69 54 21 -1 31 10 7 -1 20 18 17 -1 20 66 54 -1 17 66 20 -1 24 17 25 -1 19 67 25 -1 67 19 26 -1 11 25 15 -1 16 0 9 -1 72 0 16 -1 1 33 0 -1 27 45 16 -1 55 54 23 -1 70 20 52 -1 70 26 20 -1 37 23 22 -1 23 37 55 -1 56 55 37 -1 70 52 26 -1 40 57 41 -1 43 44 5 -1 36 58 64 -1 36 37 58 -1 46 47 39 -1 38 37 59 -1 64 71 36 -1 41 62 47 -1 53 20 54 -1 22 0 32 -1 0 22 1 -1 0 58 32 -1 64 58 0 -1 29 34 14 -1 30 14 29 -1 20 19 18 -1 20 26 19 -1 21 54 69 -1 23 54 21 -1 24 21 66 -1 66 17 24 -1 68 16 9 -1 64 72 16 -1 26 15 67 -1" creaseAngle="1.57">
                  <Coordinate point="-0.0127 1.2766 -0.0798 -0.0190 1.2809 -0.0708 -0.0180 1.2924 -0.0809 -0.0059 1.2921 -0.1005 0.0016 1.2888 -0.1028 -0.0006 1.2684 -0.0992 0.0002 1.2606 -0.1127 -0.0121 1.2769 -0.0939 0.0012 1.2700 -0.1107 -0.0124 1.2846 -0.0893 -0.0028 1.2827 -0.0958 -0.0137 1.2985 -0.0915 -0.0131 1.2766 -0.0957 -0.0064 1.2803 -0.1017 -0.0273 1.2906 -0.1001 -0.0093 1.2992 -0.0814 -0.0001 1.2858 -0.0840 -0.0119 1.2966 -0.0584 -0.0059 1.3015 -0.0582 -0.0080 1.3003 -0.0655 -0.0008 1.2983 -0.0549 -0.0122 1.2804 -0.0549 -0.0052 1.2793 -0.0621 0.0010 1.2789 -0.0587 -0.0141 1.2906 -0.0610 -0.0160 1.2946 -0.0673 -0.0005 1.2991 -0.0712 0.0049 1.2984 -0.0831 -0.0186 1.2974 -0.0936 -0.0213 1.2900 -0.1073 -0.0267 1.2839 -0.1063 -0.0052 1.2737 -0.0951 -0.0092 1.2784 -0.0745 -0.0139 1.2821 -0.0833 -0.0129 1.2908 -0.1007 -0.0018 1.2711 -0.1088 0.0128 1.2769 -0.0798 0.0178 1.2817 -0.0693 0.0163 1.2962 -0.0827 0.0191 1.2901 -0.0908 0.0297 1.2928 -0.1053 0.0176 1.2896 -0.1035 0.0041 1.2693 -0.1014 0.0124 1.2776 -0.0967 0.0081 1.2844 -0.0919 0.0077 1.2900 -0.0883 0.0215 1.2830 -0.0981 0.0250 1.2896 -0.0958 0.0121 1.3010 -0.0954 0.0117 1.2989 -0.0975 0.0139 1.2821 -0.0833 0.0142 1.2992 -0.0719 0.0119 1.3006 -0.0629 0.0106 1.2925 -0.0568 -0.0005 1.2867 -0.0524 0.0137 1.2807 -0.0565 0.0153 1.2905 -0.0636 0.0263 1.2846 -0.1085 0.0038 1.2784 -0.0740 0.0170 1.2880 -0.0821 0.0058 1.2743 -0.1017 0.0095 1.2723 -0.0959 0.0218 1.2973 -0.0978 -0.0042 1.2722 -0.1044 -0.0013 1.2763 -0.0777 -0.0071 1.2929 -0.0944 -0.0088 1.2889 -0.0547 -0.0117 1.2992 -0.0753 -0.0051 1.2905 -0.0860 -0.0113 1.2795 -0.0543 0.0047 1.3000 -0.0650 0.0030 1.2779 -0.0834 -0.0030 1.2779 -0.0834" />
                </IndexedFaceSet>
              </Shape>
              <Shape DEF="t10disc">
                <Appearance USE="Bone" />
                <IndexedFaceSet coordIndex="6 4 7 -1 19 16 18 -1 12 21 14 -1 12 13 19 -1 6 7 10 -1 13 16 19 -1 9 23 17 -1 2 3 4 -1 1 2 0 -1 24 5 8 -1 9 8 23 -1 5 24 4 -1 10 20 6 -1 14 13 12 -1 19 18 20 -1 14 17 13 -1 6 5 4 -1 1 26 2 -1 27 11 4 -1 17 0 9 -1 11 22 4 -1 20 17 6 -1 17 20 18 -1 25 11 7 -1 11 27 12 -1 1 14 21 -1 20 15 19 -1 13 18 16 -1 13 17 18 -1 15 12 19 -1 1 17 14 -1 4 11 25 -1 27 4 3 -1 0 2 24 -1 11 4 22 -1 1 0 17 -1 27 2 26 -1 2 4 24 -1 3 2 27 -1 4 25 7 -1 5 6 23 -1 23 8 5 -1 10 12 15 -1 23 6 17 -1 10 7 11 -1 26 21 12 -1 21 26 1 -1 12 27 26 -1 20 10 15 -1 10 11 12 -1 9 0 8 -1 8 0 24 -1" creaseAngle="1.57">
                  <Coordinate point="0.0167 1.2732 -0.0577 0.0063 1.2711 -0.0552 0.0124 1.2709 -0.0671 0.0078 1.2699 -0.0754 0.0122 1.2740 -0.0769 0.0148 1.2774 -0.0661 -0.0011 1.2799 -0.0678 -0.0006 1.2779 -0.0748 0.0102 1.2789 -0.0637 0.0088 1.2778 -0.0565 -0.0104 1.2764 -0.0769 -0.0067 1.2734 -0.0805 -0.0137 1.2701 -0.0689 -0.0137 1.2759 -0.0528 -0.0070 1.2711 -0.0544 -0.0166 1.2743 -0.0718 -0.0140 1.2769 -0.0561 -0.0028 1.2781 -0.0552 -0.0102 1.2789 -0.0637 -0.0181 1.2737 -0.0616 -0.0118 1.2782 -0.0664 -0.0048 1.2699 -0.0601 0.0007 1.2734 -0.0801 0.0019 1.2798 -0.0601 0.0173 1.2745 -0.0712 0.0016 1.2754 -0.0791 0.0000 1.2694 -0.0661 0.0000 1.2701 -0.0740" />
                </IndexedFaceSet>
              </Shape>
              <Shape DEF="t11">
                <Appearance USE="Bone" />
                <IndexedFaceSet coordIndex="10 11 12 -1 21 22 23 -1 12 11 5 -1 24 18 26 -1 6 7 8 -1 34 33 20 -1 16 35 15 -1 25 6 8 -1 37 11 9 -1 1 41 36 -1 44 45 46 -1 52 53 43 -1 48 56 26 -1 44 57 45 -1 59 55 26 -1 55 59 60 -1 63 64 65 -1 63 35 68 -1 39 58 57 -1 41 40 0 -1 54 48 55 -1 67 52 54 -1 39 57 44 -1 42 43 69 -1 70 54 51 -1 59 61 60 -1 49 43 44 -1 45 28 47 -1 26 55 48 -1 27 62 59 -1 39 28 37 -1 8 13 14 -1 11 10 9 -1 19 29 15 -1 20 35 63 -1 30 3 2 -1 7 5 14 -1 6 26 38 -1 22 25 12 -1 12 19 23 -1 8 14 9 -1 8 9 10 -1 0 2 36 -1 36 2 1 -1 74 11 9 -1 29 5 6 -1 3 5 28 -1 5 30 9 -1 5 3 30 -1 18 17 31 -1 20 19 15 -1 63 34 20 -1 12 23 22 -1 8 12 25 -1 0 37 9 -1 8 7 14 -1 41 75 3 -1 0 36 41 -1 43 42 28 -1 47 49 45 -1 45 3 28 -1 59 26 76 -1 68 50 66 -1 68 35 16 -1 49 48 54 -1 69 43 53 -1 42 56 48 -1 39 37 0 -1 39 44 43 -1 54 43 49 -1 43 54 52 -1 54 70 67 -1 16 29 69 -1 63 68 66 -1 60 51 55 -1 58 3 45 -1 45 57 58 -1 62 61 59 -1 46 45 44 -1 5 9 14 -1 29 6 38 -1 19 12 29 -1 11 37 28 -1 25 24 6 -1 18 25 22 -1 18 22 21 -1 15 35 20 -1 17 32 27 -1 5 29 12 -1 24 26 6 -1 3 77 2 -1 28 4 11 -1 79 31 17 -1 21 17 18 -1 81 80 32 -1 81 32 78 -1 72 34 73 -1 32 21 84 -1 34 63 83 -1 19 20 33 -1 0 9 30 -1 75 1 3 -1 49 47 48 -1 85 50 66 -1 29 56 42 -1 29 42 69 -1 58 41 3 -1 60 61 51 -1 64 80 82 -1 86 67 87 -1 51 62 70 -1 53 52 50 -1 67 50 52 -1 1 75 41 -1 70 87 67 -1 86 64 66 -1 48 47 28 -1 53 50 16 -1 43 28 39 -1 23 19 33 -1 33 34 71 -1 84 21 23 -1 84 78 32 -1 34 78 71 -1 34 72 78 -1 27 32 80 -1 76 31 79 -1 76 26 31 -1 31 26 18 -1 6 5 7 -1 1 77 3 -1 73 65 81 -1 65 82 81 -1 72 73 78 -1 0 30 2 -1 74 9 11 -1 39 0 40 -1 48 28 42 -1 59 76 27 -1 62 27 80 -1 80 64 62 -1 82 65 64 -1 86 66 67 -1 64 87 62 -1 87 70 62 -1 68 16 50 -1 15 29 16 -1 39 40 58 -1 66 50 67 -1 38 56 29 -1 49 44 45 -1 16 69 53 -1 41 58 40 -1 85 66 50 -1 87 64 86 -1 63 66 64 -1 26 56 38 -1 62 51 61 -1 55 51 54 -1 8 14 13 -1 12 8 10 -1 23 33 71 -1 25 18 24 -1 2 77 1 -1 84 23 71 -1 78 84 71 -1 83 73 34 -1 73 83 63 -1 65 73 63 -1 80 81 82 -1 32 17 21 -1 17 76 79 -1 27 76 17 -1 28 5 4 -1 11 4 5 -1 78 73 81 -1" creaseAngle="1.57">
                  <Coordinate point="-0.0029 1.2374 -0.0957 -0.0002 1.2451 -0.1118 -0.0025 1.2404 -0.1012 0.0007 1.2512 -0.1018 -0.0073 1.2593 -0.0901 -0.0081 1.2625 -0.0898 -0.0116 1.2730 -0.0870 -0.0099 1.2643 -0.0912 -0.0228 1.2583 -0.0976 -0.0144 1.2424 -0.0903 -0.0173 1.2497 -0.0867 -0.0097 1.2489 -0.0874 -0.0177 1.2556 -0.0845 -0.0224 1.2552 -0.1001 -0.0150 1.2578 -0.0969 -0.0038 1.2443 -0.0741 0.0056 1.2441 -0.0741 -0.0135 1.2704 -0.0605 -0.0165 1.2687 -0.0742 -0.0109 1.2469 -0.0788 -0.0119 1.2456 -0.0693 -0.0187 1.2639 -0.0610 -0.0165 1.2664 -0.0760 -0.0194 1.2567 -0.0731 -0.0161 1.2646 -0.0809 -0.0173 1.2609 -0.0814 0.0021 1.2702 -0.0765 -0.0041 1.2706 -0.0500 0.0035 1.2519 -0.0904 -0.0030 1.2554 -0.0788 -0.0064 1.2512 -0.0948 -0.0088 1.2695 -0.0718 -0.0128 1.2648 -0.0504 -0.0204 1.2453 -0.0711 -0.0134 1.2465 -0.0620 -0.0003 1.2464 -0.0674 0.0006 1.2366 -0.1078 0.0000 1.2435 -0.0915 -0.0014 1.2675 -0.0791 0.0128 1.2405 -0.0885 0.0059 1.2400 -0.0954 0.0025 1.2404 -0.1012 0.0079 1.2617 -0.0834 0.0178 1.2538 -0.0858 0.0233 1.2564 -0.0981 0.0092 1.2566 -0.0930 0.0207 1.2552 -0.0992 0.0126 1.2673 -0.0906 0.0106 1.2716 -0.0859 0.0182 1.2609 -0.0866 0.0204 1.2453 -0.0711 0.0201 1.2690 -0.0649 0.0193 1.2518 -0.0752 0.0144 1.2481 -0.0791 0.0176 1.2606 -0.0815 0.0171 1.2653 -0.0776 0.0052 1.2634 -0.0806 0.0133 1.2453 -0.0926 0.0072 1.2499 -0.0946 0.0104 1.2696 -0.0648 0.0154 1.2707 -0.0634 0.0143 1.2699 -0.0532 0.0141 1.2662 -0.0519 0.0004 1.2481 -0.0577 0.0128 1.2506 -0.0486 -0.0039 1.2505 -0.0428 0.0144 1.2465 -0.0612 0.0211 1.2532 -0.0646 0.0123 1.2453 -0.0704 0.0085 1.2525 -0.0804 0.0194 1.2608 -0.0657 -0.0206 1.2473 -0.0614 -0.0186 1.2483 -0.0515 -0.0110 1.2480 -0.0481 -0.0162 1.2459 -0.0846 0.0023 1.2428 -0.1068 0.0038 1.2694 -0.0670 -0.0023 1.2428 -0.1068 -0.0175 1.2541 -0.0524 -0.0049 1.2693 -0.0645 -0.0010 1.2613 -0.0462 -0.0101 1.2548 -0.0464 0.0029 1.2546 -0.0444 -0.0059 1.2483 -0.0561 -0.0197 1.2574 -0.0617 0.0230 1.2464 -0.0643 0.0206 1.2513 -0.0559 0.0154 1.2647 -0.0537" />
                </IndexedFaceSet>
              </Shape>
              <Shape DEF="t11disc">
                <Appearance USE="Bone" />
                <IndexedFaceSet coordIndex="4 5 6 -1 11 3 0 -1 15 4 3 -1 0 17 1 -1 0 8 11 -1 11 14 3 -1 4 15 5 -1 4 19 16 -1 16 21 22 -1 1 16 20 -1 23 2 3 -1 7 21 18 -1 7 18 6 -1 12 10 24 -1 23 12 7 -1 26 0 20 -1 13 7 12 -1 22 21 7 -1 20 22 13 -1 13 25 20 -1 13 22 7 -1 13 10 25 -1 9 26 20 -1 8 0 26 -1 8 9 10 -1 10 12 14 -1 23 14 12 -1 21 6 18 -1 4 6 19 -1 1 20 0 -1 21 16 6 -1 22 20 16 -1 16 17 4 -1 16 1 17 -1 6 23 7 -1 14 23 3 -1 14 8 10 -1 14 11 8 -1 20 25 9 -1 12 10 13 -1 12 24 10 -1 9 25 10 -1 8 26 9 -1 16 19 6 -1 5 23 6 -1 2 23 5 -1 5 3 2 -1 5 15 3 -1 0 3 4 -1 17 0 4 -1" creaseAngle="1.57">
                  <Coordinate point="0.0043 1.2409 -0.0743 0.0070 1.2369 -0.0660 0.0069 1.2470 -0.0657 0.0055 1.2456 -0.0702 0.0204 1.2444 -0.0672 0.0128 1.2473 -0.0590 0.0156 1.2459 -0.0497 -0.0011 1.2470 -0.0455 -0.0094 1.2416 -0.0746 -0.0112 1.2367 -0.0653 -0.0194 1.2414 -0.0654 -0.0084 1.2453 -0.0714 -0.0142 1.2469 -0.0505 -0.0092 1.2394 -0.0491 -0.0069 1.2470 -0.0657 0.0128 1.2464 -0.0657 0.0126 1.2392 -0.0528 0.0192 1.2377 -0.0661 0.0079 1.2458 -0.0421 0.0211 1.2422 -0.0561 -0.0010 1.2376 -0.0594 0.0054 1.2403 -0.0447 0.0000 1.2390 -0.0505 0.0009 1.2484 -0.0574 -0.0217 1.2442 -0.0560 -0.0095 1.2385 -0.0549 -0.0053 1.2370 -0.0695" />
                </IndexedFaceSet>
              </Shape>
              <Shape DEF="t12">
                <Appearance USE="Bone" />
                <IndexedFaceSet coordIndex="5 4 0 -1 12 7 3 -1 20 10 16 -1 24 21 22 -1 17 3 2 -1 29 28 33 -1 13 34 35 -1 36 3 35 -1 4 37 6 -1 19 38 7 -1 46 47 45 -1 45 30 29 -1 23 31 51 -1 49 31 52 -1 60 8 59 -1 63 54 64 -1 55 65 56 -1 65 68 56 -1 58 75 76 -1 72 70 59 -1 82 64 54 -1 18 57 55 -1 67 65 86 -1 8 59 86 -1 1 88 89 -1 98 82 100 -1 102 94 103 -1 56 18 55 -1 8 58 76 -1 11 5 88 -1 0 89 5 -1 86 104 61 -1 85 70 74 -1 68 70 85 -1 64 80 63 -1 73 101 68 -1 80 25 22 -1 78 72 59 -1 71 105 72 -1 62 2 88 -1 35 3 7 -1 13 35 34 -1 13 14 35 -1 7 3 19 -1 52 22 25 -1 28 27 33 -1 14 15 27 -1 24 26 21 -1 108 38 9 -1 17 19 3 -1 10 14 16 -1 15 14 13 -1 8 0 36 -1 108 7 38 -1 32 27 28 -1 109 14 28 -1 4 6 11 -1 35 14 8 -1 4 11 0 -1 53 107 45 -1 51 31 106 -1 98 54 83 -1 2 62 57 -1 75 58 8 -1 66 67 65 -1 69 59 70 -1 18 2 57 -1 74 68 85 -1 63 81 83 -1 61 87 1 -1 94 63 101 -1 98 97 82 -1 11 88 2 -1 11 6 5 -1 0 1 89 -1 37 4 5 -1 65 104 86 -1 59 8 60 -1 86 59 67 -1 80 56 79 -1 59 71 78 -1 72 78 71 -1 67 66 65 -1 61 1 8 -1 43 46 42 -1 39 41 40 -1 24 23 26 -1 14 32 28 -1 32 14 27 -1 31 22 52 -1 29 33 26 -1 75 8 9 -1 2 3 11 -1 0 8 1 -1 17 2 18 -1 108 21 7 -1 108 22 21 -1 10 20 108 -1 8 10 9 -1 109 113 112 -1 26 50 114 -1 26 23 50 -1 109 16 14 -1 7 12 3 -1 33 27 26 -1 35 8 36 -1 42 116 43 -1 42 48 116 -1 47 46 41 -1 48 42 111 -1 42 45 107 -1 44 109 28 -1 114 50 53 -1 109 117 113 -1 74 72 105 -1 76 75 56 -1 77 90 71 -1 93 74 84 -1 84 74 105 -1 68 63 56 -1 104 62 61 -1 104 57 62 -1 76 56 77 -1 43 103 91 -1 102 43 118 -1 103 43 102 -1 73 95 94 -1 103 94 95 -1 96 120 118 -1 116 48 118 -1 96 48 49 -1 93 73 74 -1 94 99 63 -1 98 100 54 -1 82 110 49 -1 49 52 82 -1 93 84 121 -1 96 118 48 -1 96 49 110 -1 96 97 98 -1 94 118 120 -1 118 94 102 -1 95 93 92 -1 92 119 91 -1 119 92 121 -1 91 103 92 -1 5 6 37 -1 5 89 88 -1 57 104 65 -1 87 88 1 -1 69 67 59 -1 65 70 68 -1 74 73 68 -1 22 115 80 -1 82 25 80 -1 59 8 76 -1 80 77 56 -1 83 81 63 -1 91 113 117 -1 30 45 44 -1 45 42 46 -1 39 44 45 -1 43 41 46 -1 47 41 39 -1 111 107 106 -1 111 42 107 -1 0 11 36 -1 7 13 35 -1 114 29 26 -1 38 19 9 -1 90 108 20 -1 17 18 19 -1 29 30 28 -1 106 48 111 -1 108 9 10 -1 22 23 24 -1 112 16 109 -1 26 7 21 -1 27 7 26 -1 15 13 7 -1 11 3 36 -1 41 43 40 -1 39 109 44 -1 39 45 47 -1 48 31 49 -1 106 31 48 -1 53 29 114 -1 29 53 45 -1 23 51 50 -1 61 62 88 -1 65 67 69 -1 77 115 90 -1 77 80 115 -1 54 100 82 -1 82 52 25 -1 112 113 105 -1 8 86 61 -1 55 57 65 -1 116 118 43 -1 92 103 95 -1 92 93 121 -1 99 96 98 -1 96 99 120 -1 96 110 97 -1 98 63 99 -1 98 83 63 -1 119 84 113 -1 121 84 119 -1 113 91 119 -1 110 82 97 -1 94 101 73 -1 120 99 94 -1 93 95 73 -1 71 90 105 -1 61 88 87 -1 80 79 63 -1 63 83 54 -1 18 56 75 -1 84 105 113 -1 82 80 64 -1 56 63 79 -1 59 77 71 -1 76 77 59 -1 74 70 72 -1 69 70 65 -1 68 101 63 -1 28 30 44 -1 51 106 50 -1 106 53 50 -1 107 53 106 -1 117 39 91 -1 109 39 117 -1 40 91 39 -1 91 40 43 -1 20 105 90 -1 14 10 8 -1 112 105 16 -1 22 31 23 -1 15 7 27 -1 105 20 16 -1 115 108 90 -1 115 22 108 -1 75 19 18 -1 75 9 19 -1" creaseAngle="1.57">
                  <Coordinate point="-0.0009 1.2189 -0.0954 0.0005 1.2195 -0.0957 0.0005 1.2037 -0.0868 -0.0122 1.2086 -0.0854 -0.0015 1.2105 -0.1045 0.0008 1.2107 -0.1050 -0.0002 1.2000 -0.1067 -0.0152 1.2156 -0.0797 0.0009 1.2252 -0.0870 -0.0048 1.2211 -0.0822 -0.0115 1.2346 -0.0821 -0.0034 1.2063 -0.0945 -0.0143 1.2043 -0.0828 -0.0214 1.2213 -0.0883 -0.0149 1.2353 -0.0796 -0.0197 1.2266 -0.0786 -0.0058 1.2369 -0.0690 -0.0066 1.2068 -0.0829 0.0015 1.2101 -0.0842 -0.0047 1.2116 -0.0823 -0.0060 1.2319 -0.0732 -0.0142 1.2140 -0.0720 -0.0084 1.2134 -0.0703 -0.0166 1.2095 -0.0616 -0.0202 1.2098 -0.0652 0.0009 1.2091 -0.0650 -0.0192 1.2188 -0.0715 -0.0195 1.2258 -0.0744 -0.0221 1.2315 -0.0647 -0.0206 1.2219 -0.0632 -0.0201 1.2269 -0.0616 -0.0090 1.2124 -0.0549 -0.0196 1.2288 -0.0713 -0.0213 1.2254 -0.0678 -0.0158 1.2226 -0.0880 -0.0098 1.2215 -0.0867 -0.0056 1.2156 -0.0880 0.0000 1.2076 -0.1100 -0.0082 1.2152 -0.0804 -0.0152 1.2382 -0.0499 -0.0053 1.2389 -0.0408 -0.0094 1.2328 -0.0420 -0.0098 1.2200 -0.0390 0.0006 1.2261 -0.0395 -0.0190 1.2323 -0.0560 -0.0172 1.2254 -0.0518 -0.0122 1.2225 -0.0423 -0.0131 1.2292 -0.0454 -0.0012 1.2139 -0.0391 -0.0004 1.2134 -0.0520 -0.0216 1.2113 -0.0582 -0.0118 1.2121 -0.0521 -0.0037 1.2112 -0.0625 -0.0207 1.2159 -0.0555 0.0209 1.2086 -0.0601 0.0144 1.2114 -0.0805 0.0108 1.2170 -0.0782 0.0126 1.2063 -0.0841 0.0007 1.2253 -0.0865 0.0109 1.2341 -0.0823 0.0056 1.2289 -0.0874 0.0056 1.2156 -0.0880 0.0083 1.2074 -0.0886 0.0204 1.2180 -0.0637 0.0182 1.2077 -0.0664 0.0213 1.2195 -0.0860 0.0222 1.2208 -0.0868 0.0188 1.2293 -0.0929 0.0203 1.2218 -0.0685 0.0182 1.2312 -0.0845 0.0178 1.2317 -0.0781 0.0062 1.2321 -0.0739 0.0092 1.2369 -0.0705 0.0207 1.2335 -0.0593 0.0179 1.2361 -0.0678 0.0037 1.2189 -0.0825 0.0070 1.2227 -0.0811 0.0079 1.2245 -0.0735 0.0098 1.2319 -0.0771 0.0116 1.2137 -0.0716 0.0071 1.2116 -0.0693 0.0219 1.2112 -0.0670 0.0082 1.2111 -0.0620 0.0229 1.2119 -0.0606 0.0112 1.2374 -0.0611 0.0203 1.2254 -0.0696 0.0106 1.2217 -0.0864 0.0028 1.2148 -0.0927 0.0037 1.2082 -0.0935 0.0015 1.2105 -0.1044 -0.0025 1.2264 -0.0715 -0.0001 1.2397 -0.0454 0.0129 1.2390 -0.0462 0.0165 1.2386 -0.0555 0.0172 1.2254 -0.0518 0.0164 1.2369 -0.0473 0.0122 1.2134 -0.0424 0.0163 1.2113 -0.0522 0.0189 1.2119 -0.0528 0.0203 1.2184 -0.0530 0.0163 1.2094 -0.0590 0.0201 1.2269 -0.0616 0.0053 1.2246 -0.0396 0.0106 1.2326 -0.0431 0.0124 1.2134 -0.0853 0.0055 1.2368 -0.0701 -0.0122 1.2134 -0.0424 -0.0167 1.2160 -0.0437 -0.0079 1.2236 -0.0745 -0.0133 1.2383 -0.0560 0.0077 1.2129 -0.0537 -0.0095 1.2154 -0.0362 -0.0029 1.2372 -0.0621 -0.0007 1.2377 -0.0586 -0.0215 1.2141 -0.0577 0.0003 1.2235 -0.0696 -0.0001 1.2196 -0.0366 -0.0028 1.2388 -0.0518 0.0103 1.2145 -0.0409 0.0009 1.2389 -0.0510 0.0186 1.2168 -0.0462 0.0096 1.2388 -0.0534" />
                </IndexedFaceSet>
              </Shape>
              <Shape DEF="t12disc">
                <Appearance USE="Bone" />
                <IndexedFaceSet coordIndex="2 0 3 -1 4 3 0 -1 10 13 14 -1 19 16 4 -1 0 15 1 -1 9 23 10 -1 15 13 1 -1 0 19 4 -1 13 18 1 -1 0 2 15 -1 26 27 20 -1 20 27 5 -1 25 16 19 -1 10 23 13 -1 26 22 21 -1 26 23 22 -1 15 11 10 -1 12 15 2 -1 11 7 6 -1 25 5 16 -1 20 19 24 -1 20 5 25 -1 18 13 19 -1 2 3 17 -1 1 18 19 -1 19 20 25 -1 19 23 24 -1 24 26 20 -1 23 26 24 -1 5 17 3 -1 6 9 10 -1 9 7 21 -1 9 8 7 -1 17 21 7 -1 17 26 21 -1 10 11 6 -1 8 6 7 -1 7 2 17 -1 14 15 10 -1 13 15 14 -1 12 11 15 -1 11 12 7 -1 9 6 8 -1 23 21 22 -1 23 9 21 -1 12 2 7 -1 5 3 4 -1 5 4 16 -1 27 17 5 -1 26 17 27 -1 0 1 19 -1 23 19 13 -1" creaseAngle="1.57">
                  <Coordinate point="0.0095 1.2110 -0.0605 0.0057 1.2132 -0.0516 0.0007 1.2044 -0.0652 0.0091 1.2038 -0.0680 0.0172 1.2042 -0.0659 0.0138 1.1992 -0.0620 -0.0194 1.2042 -0.0630 -0.0097 1.2017 -0.0672 -0.0140 1.1990 -0.0632 -0.0168 1.2035 -0.0481 -0.0169 1.2093 -0.0436 -0.0148 1.2098 -0.0605 -0.0069 1.2094 -0.0654 -0.0034 1.2137 -0.0447 -0.0162 1.2117 -0.0467 -0.0031 1.2134 -0.0515 0.0212 1.2065 -0.0599 0.0006 1.1998 -0.0577 0.0109 1.2131 -0.0411 0.0155 1.2099 -0.0416 0.0140 1.2027 -0.0466 -0.0143 1.2018 -0.0496 -0.0036 1.2050 -0.0397 -0.0059 1.2086 -0.0370 0.0083 1.2047 -0.0408 0.0212 1.2028 -0.0537 -0.0031 1.2010 -0.0514 0.0102 1.2004 -0.0524" />
                </IndexedFaceSet>
              </Shape>
              <Shape DEF="lum">
                <Appearance USE="Bone" />
                <IndexedFaceSet coordIndex="6 7 1 -1 15 7 8 -1 12 8 2 -1 1 5 6 -1 29 31 2 -1 32 29 17 -1 38 46 19 -1 60 61 58 -1 50 39 48 -1 39 45 53 -1 41 40 42 -1 57 50 9 -1 47 38 45 -1 38 19 46 -1 5 1 30 -1 27 17 2 -1 14 72 7 -1 3 8 7 -1 1 4 28 -1 4 14 8 -1 6 5 3 -1 12 2 4 -1 27 2 18 -1 4 1 14 -1 1 28 4 -1 1 4 2 -1 38 47 19 -1 69 10 11 -1 18 55 63 -1 44 40 39 -1 52 40 44 -1 41 42 64 -1 44 45 40 -1 18 63 26 -1 48 8 0 -1 38 43 45 -1 57 9 47 -1 48 39 40 -1 33 34 73 -1 30 1 2 -1 17 29 2 -1 14 15 8 -1 4 8 12 -1 24 22 20 -1 6 3 7 -1 15 14 7 -1 21 22 74 -1 21 19 3 -1 8 13 0 -1 8 0 12 -1 5 71 20 -1 71 5 30 -1 77 70 73 -1 32 27 78 -1 77 79 70 -1 80 35 76 -1 70 81 33 -1 35 36 22 -1 36 35 82 -1 83 59 61 -1 48 0 49 -1 50 45 39 -1 8 48 9 -1 19 47 18 -1 55 41 63 -1 40 41 55 -1 19 47 56 -1 19 21 84 -1 74 68 58 -1 74 58 68 -1 74 60 58 -1 37 59 85 -1 54 9 62 -1 9 54 86 -1 69 54 10 -1 27 18 26 -1 52 44 40 -1 43 87 42 -1 43 88 87 -1 65 26 41 -1 66 64 89 -1 89 91 66 -1 89 90 91 -1 82 79 90 -1 77 66 79 -1 26 65 78 -1 67 66 77 -1 64 42 87 -1 53 45 39 -1 49 0 51 -1 9 48 62 -1 13 9 86 -1 85 59 88 -1 37 85 88 -1 58 59 37 -1 21 74 84 -1 19 84 37 -1 18 47 55 -1 38 37 43 -1 79 82 35 -1 81 80 33 -1 81 35 80 -1 80 75 33 -1 71 76 24 -1 31 75 71 -1 27 32 17 -1 16 28 1 -1 1 72 14 -1 16 1 28 -1 25 11 10 -1 11 25 0 -1 22 21 20 -1 23 60 74 -1 23 74 22 -1 8 3 2 -1 1 7 72 -1 18 3 19 -1 21 5 20 -1 8 9 13 -1 0 8 12 -1 71 30 2 -1 75 32 34 -1 29 75 31 -1 20 71 24 -1 75 76 71 -1 73 70 33 -1 77 73 78 -1 79 81 70 -1 60 22 36 -1 41 64 65 -1 37 38 19 -1 48 9 50 -1 45 57 47 -1 48 40 55 -1 37 74 58 -1 61 59 58 -1 13 86 11 -1 50 57 45 -1 54 48 51 -1 54 62 48 -1 10 54 0 -1 51 48 49 -1 88 89 87 -1 88 59 89 -1 78 65 67 -1 90 59 61 -1 59 90 89 -1 90 79 91 -1 61 36 90 -1 90 36 82 -1 61 60 36 -1 91 79 66 -1 83 61 59 -1 67 77 78 -1 66 67 64 -1 64 87 89 -1 67 65 64 -1 42 40 43 -1 43 40 45 -1 44 39 45 -1 63 41 26 -1 51 0 54 -1 54 11 86 -1 54 69 11 -1 43 37 88 -1 74 37 84 -1 47 19 56 -1 48 47 9 -1 55 47 48 -1 79 35 81 -1 24 35 22 -1 76 35 24 -1 27 26 78 -1 73 32 78 -1 33 75 34 -1 80 76 75 -1 34 32 73 -1 2 31 71 -1 0 25 10 -1 11 0 13 -1 60 23 22 -1 3 18 2 -1 21 3 5 -1 32 75 29 -1" creaseAngle="1.57">
                  <Coordinate point="-0.0021 1.1681 -0.0816 -0.0223 1.1884 -0.0739 -0.0128 1.1797 -0.0606 -0.0098 1.1928 -0.0678 -0.0161 1.1797 -0.0720 -0.0184 1.1959 -0.0626 -0.0105 1.1933 -0.0695 -0.0141 1.1994 -0.0788 -0.0040 1.1771 -0.0757 0.0021 1.1844 -0.0792 0.0002 1.1676 -0.1005 -0.0010 1.1777 -0.0996 -0.0084 1.1664 -0.0751 -0.0018 1.1804 -0.0875 -0.0127 1.1885 -0.0787 -0.0056 1.1848 -0.0773 -0.0336 1.1836 -0.0773 -0.0134 1.1713 -0.0555 0.0001 1.1829 -0.0591 -0.0005 1.1959 -0.0637 -0.0210 1.1979 -0.0530 -0.0091 1.2003 -0.0536 -0.0137 1.2030 -0.0408 -0.0092 1.2044 -0.0413 -0.0189 1.2000 -0.0443 -0.0029 1.1697 -0.0909 0.0062 1.1724 -0.0526 -0.0057 1.1724 -0.0527 -0.0197 1.1800 -0.0712 -0.0207 1.1725 -0.0503 -0.0176 1.1909 -0.0601 -0.0222 1.1806 -0.0430 -0.0118 1.1750 -0.0456 -0.0172 1.1819 -0.0302 -0.0163 1.1775 -0.0322 -0.0093 1.1933 -0.0323 0.0031 1.1973 -0.0322 0.0107 1.2003 -0.0531 0.0131 1.1986 -0.0635 0.0190 1.1893 -0.0823 0.0183 1.1820 -0.0728 0.0198 1.1734 -0.0511 0.0176 1.1786 -0.0572 0.0173 1.1939 -0.0664 0.0294 1.1846 -0.0772 0.0167 1.1956 -0.0749 0.0082 1.1992 -0.0647 0.0097 1.1896 -0.0686 0.0048 1.1754 -0.0751 0.0127 1.1653 -0.0770 0.0121 1.1878 -0.0781 0.0090 1.1704 -0.0792 0.0204 1.1826 -0.0711 0.0177 1.1999 -0.0832 0.0032 1.1727 -0.0885 0.0108 1.1813 -0.0637 0.0072 1.1924 -0.0656 0.0085 1.1900 -0.0752 0.0122 1.2040 -0.0394 0.0177 1.1951 -0.0427 -0.0002 1.2048 -0.0365 0.0111 1.2010 -0.0347 0.0066 1.1771 -0.0789 0.0036 1.1794 -0.0586 0.0222 1.1806 -0.0430 0.0118 1.1764 -0.0397 0.0154 1.1809 -0.0288 0.0125 1.1776 -0.0337 0.0085 1.2051 -0.0398 0.0028 1.1741 -0.1005 -0.0080 1.1788 -0.0262 -0.0193 1.1901 -0.0498 -0.0169 1.1924 -0.0846 -0.0099 1.1778 -0.0358 -0.0012 1.2025 -0.0468 -0.0212 1.1816 -0.0378 -0.0166 1.1922 -0.0402 -0.0018 1.1782 -0.0298 0.0000 1.1761 -0.0437 -0.0003 1.1841 -0.0235 -0.0149 1.1863 -0.0324 -0.0093 1.1851 -0.0259 -0.0003 1.1866 -0.0253 0.0144 1.2027 -0.0374 0.0032 1.2000 -0.0553 0.0200 1.2019 -0.0467 0.0011 1.1823 -0.0886 0.0193 1.1875 -0.0512 0.0204 1.1950 -0.0539 0.0158 1.1899 -0.0371 0.0093 1.1933 -0.0323 0.0127 1.1826 -0.0275" />
                </IndexedFaceSet>
              </Shape>
            </Transform>
            <Transform DEF="Breath">
              <Transform DEF="ChestParts">
                <Shape>
                  <Appearance USE="Bone" />
                  <IndexedFaceSet coordIndex="5 6 4 -1 10 11 12 -1 17 16 15 -1 14 27 28 -1 22 21 30 -1 40 28 41 -1 40 14 28 -1 39 2 11 -1 23 45 44 -1 11 25 24 -1 43 48 47 -1 49 36 50 -1 51 36 52 -1 53 54 37 -1 53 55 54 -1 33 54 55 -1 19 6 57 -1 41 58 40 -1 2 3 11 -1 20 60 61 -1 60 62 61 -1 65 67 66 -1 72 65 73 -1 16 75 74 -1 16 76 75 -1 72 80 81 -1 82 65 66 -1 69 88 89 -1 90 79 82 -1 82 66 90 -1 92 93 91 -1 93 94 91 -1 96 87 84 -1 84 87 86 -1 95 71 84 -1 68 88 69 -1 89 88 68 -1 68 99 89 -1 105 26 83 -1 70 110 8 -1 106 105 83 -1 93 92 80 -1 113 114 47 -1 116 111 71 -1 117 118 119 -1 96 86 87 -1 116 63 120 -1 121 122 86 -1 66 67 124 -1 124 125 66 -1 73 126 93 -1 70 68 94 -1 127 128 97 -1 97 129 127 -1 102 127 115 -1 102 128 127 -1 113 100 114 -1 89 100 130 -1 84 71 111 -1 84 85 71 -1 131 47 48 -1 109 105 112 -1 42 16 83 -1 16 74 78 -1 31 64 71 -1 131 132 89 -1 26 42 83 -1 124 67 65 -1 26 109 104 -1 93 80 72 -1 72 73 93 -1 68 69 91 -1 91 94 68 -1 84 86 123 -1 63 71 64 -1 134 105 109 -1 90 78 74 -1 77 112 106 -1 135 22 30 -1 23 22 45 -1 120 0 136 -1 136 118 120 -1 119 118 137 -1 37 138 53 -1 47 51 52 -1 47 114 51 -1 42 25 10 -1 8 19 6 -1 8 139 19 -1 42 26 25 -1 28 27 19 -1 4 6 19 -1 38 59 36 -1 35 34 5 -1 22 23 21 -1 20 32 135 -1 20 135 30 -1 30 21 56 -1 140 15 2 -1 35 5 4 -1 2 1 140 -1 17 76 16 -1 17 142 76 -1 40 13 14 -1 143 144 145 -1 146 147 64 -1 146 143 145 -1 143 150 144 -1 145 63 64 -1 148 146 150 -1 149 146 148 -1 0 120 145 -1 63 145 120 -1 64 146 145 -1 64 147 146 -1 143 146 149 -1 0 144 64 -1 3 2 15 -1 151 6 5 -1 140 40 152 -1 142 152 154 -1 13 40 140 -1 1 14 18 -1 1 39 14 -1 13 18 14 -1 18 13 1 -1 140 1 13 -1 14 39 141 -1 139 153 19 -1 140 17 15 -1 10 12 42 -1 26 46 24 -1 31 62 0 -1 37 54 155 -1 34 156 59 -1 37 157 158 -1 159 158 157 -1 159 160 158 -1 37 158 161 -1 7 5 34 -1 151 5 7 -1 44 45 107 -1 164 107 108 -1 107 164 44 -1 23 164 33 -1 61 135 32 -1 167 19 27 -1 27 14 24 -1 168 4 9 -1 46 166 167 -1 107 165 169 -1 50 34 35 -1 34 50 156 -1 46 167 24 -1 19 9 4 -1 4 43 35 -1 4 168 43 -1 35 47 49 -1 35 43 47 -1 51 171 172 -1 51 114 171 -1 53 172 170 -1 53 138 172 -1 37 36 138 -1 56 23 173 -1 56 21 23 -1 162 174 173 -1 170 163 162 -1 174 175 56 -1 175 174 176 -1 177 178 179 -1 136 0 29 -1 178 30 179 -1 20 30 178 -1 137 29 20 -1 142 75 76 -1 40 58 154 -1 153 180 181 -1 153 139 180 -1 6 19 57 -1 34 59 7 -1 59 38 182 -1 182 183 184 -1 182 161 183 -1 59 185 186 -1 165 45 22 -1 45 165 107 -1 61 165 22 -1 22 135 61 -1 8 110 139 -1 75 79 74 -1 126 73 75 -1 187 126 75 -1 93 126 187 -1 16 78 77 -1 69 92 91 -1 110 187 188 -1 134 26 105 -1 71 95 189 -1 97 190 98 -1 97 128 190 -1 101 100 191 -1 125 124 65 -1 106 112 105 -1 102 192 190 -1 193 160 194 -1 160 193 183 -1 43 131 48 -1 131 43 132 -1 100 89 191 -1 98 195 196 -1 31 197 61 -1 189 197 31 -1 122 123 86 -1 80 125 65 -1 104 125 80 -1 92 9 166 -1 46 199 166 -1 47 131 113 -1 43 200 132 -1 43 168 200 -1 26 134 109 -1 104 80 198 -1 131 89 130 -1 113 130 100 -1 113 131 130 -1 171 201 170 -1 202 201 171 -1 114 102 202 -1 114 100 102 -1 201 127 170 -1 201 115 127 -1 97 203 163 -1 203 97 86 -1 203 96 204 -1 129 170 127 -1 163 170 129 -1 176 163 204 -1 117 119 177 -1 175 133 177 -1 133 175 96 -1 117 116 118 -1 96 84 133 -1 133 84 117 -1 116 117 111 -1 75 73 82 -1 83 16 77 -1 66 112 77 -1 125 112 66 -1 90 66 77 -1 90 77 78 -1 181 187 75 -1 7 8 6 -1 98 192 195 -1 190 192 98 -1 193 100 205 -1 103 100 193 -1 108 192 159 -1 192 108 195 -1 184 101 185 -1 184 205 101 -1 7 186 101 -1 84 123 165 -1 189 84 197 -1 189 95 84 -1 121 169 122 -1 107 169 121 -1 186 185 101 -1 183 205 184 -1 183 193 205 -1 100 101 205 -1 101 99 7 -1 70 94 110 -1 139 188 180 -1 188 139 110 -1 180 187 181 -1 180 188 187 -1 111 117 84 -1 63 116 71 -1 117 177 133 -1 175 204 96 -1 176 204 175 -1 203 204 163 -1 86 96 203 -1 202 115 201 -1 202 102 115 -1 171 114 202 -1 132 69 89 -1 132 200 69 -1 9 92 69 -1 198 26 104 -1 26 198 199 -1 120 118 116 -1 92 199 198 -1 92 166 199 -1 69 168 9 -1 200 168 69 -1 26 199 46 -1 92 198 80 -1 82 79 75 -1 84 165 197 -1 165 61 197 -1 169 123 122 -1 123 169 165 -1 107 195 108 -1 196 195 107 -1 98 121 86 -1 196 121 98 -1 107 121 196 -1 129 97 163 -1 68 7 99 -1 194 103 193 -1 194 102 103 -1 194 159 192 -1 194 160 159 -1 192 102 194 -1 112 104 109 -1 125 104 112 -1 101 89 99 -1 101 191 89 -1 102 100 103 -1 190 128 102 -1 97 98 86 -1 84 71 85 -1 189 31 71 -1 83 77 106 -1 65 81 80 -1 81 65 72 -1 73 65 82 -1 79 90 74 -1 110 93 187 -1 94 93 110 -1 70 7 68 -1 70 8 7 -1 61 32 20 -1 186 7 59 -1 59 184 185 -1 59 182 184 -1 157 108 159 -1 164 108 157 -1 38 161 182 -1 161 38 37 -1 157 33 164 -1 33 157 155 -1 6 151 7 -1 153 58 19 -1 142 181 75 -1 142 153 181 -1 40 154 152 -1 12 15 16 -1 11 3 12 -1 12 16 42 -1 41 19 58 -1 29 137 136 -1 20 178 137 -1 30 56 179 -1 136 137 118 -1 179 175 177 -1 56 175 179 -1 177 137 178 -1 177 119 137 -1 162 176 174 -1 176 162 163 -1 170 33 55 -1 33 170 162 -1 174 56 173 -1 173 33 162 -1 23 33 173 -1 37 38 36 -1 55 53 170 -1 138 51 172 -1 138 36 51 -1 171 170 172 -1 49 52 36 -1 49 47 52 -1 35 49 50 -1 27 24 167 -1 166 19 167 -1 9 19 166 -1 11 14 141 -1 14 11 24 -1 15 12 3 -1 64 31 0 -1 31 61 62 -1 164 23 44 -1 50 36 156 -1 160 161 158 -1 183 161 160 -1 157 37 155 -1 11 10 25 -1 39 11 141 -1 36 59 156 -1 155 54 33 -1 60 0 62 -1 60 20 29 -1 60 29 0 -1 19 41 28 -1 26 24 25 -1 1 2 39 -1 154 153 142 -1 153 154 58 -1 140 142 17 -1 140 152 142 -1 144 146 64 -1 146 144 150 -1 143 148 150 -1 143 149 148 -1 145 144 0 -1" creaseAngle="1.57">
                    <Coordinate point="0.0088 1.2913 0.0857 0.0330 1.4520 0.0175 0.0280 1.4599 0.0175 0.0264 1.4663 0.0195 0.0130 1.4189 0.0416 0.0133 1.4115 0.0434 0.0072 1.4199 0.0355 -0.0012 1.4086 0.0410 -0.0006 1.4199 0.0355 0.0008 1.4233 0.0413 0.0141 1.4638 0.0216 0.0236 1.4566 0.0249 0.0162 1.4720 0.0171 0.0303 1.4466 0.0157 0.0289 1.4410 0.0248 0.0193 1.4665 0.0122 0.0023 1.4695 0.0105 0.0128 1.4630 0.0103 0.0290 1.4413 0.0232 0.0116 1.4283 0.0360 0.0180 1.3089 0.0826 0.0220 1.3281 0.0781 0.0147 1.3272 0.0735 0.0177 1.3416 0.0731 0.0144 1.4489 0.0262 0.0108 1.4586 0.0220 -0.0028 1.4490 0.0249 0.0198 1.4377 0.0297 0.0217 1.4341 0.0285 0.0137 1.2992 0.0865 0.0179 1.3222 0.0819 0.0008 1.2968 0.0808 0.0178 1.3104 0.0805 0.0166 1.3477 0.0739 0.0139 1.4090 0.0448 0.0117 1.4054 0.0519 0.0125 1.3832 0.0588 0.0151 1.3680 0.0643 0.0140 1.3806 0.0575 0.0362 1.4511 0.0208 0.0193 1.4443 0.0186 0.0163 1.4360 0.0253 0.0041 1.4653 0.0175 0.0032 1.4072 0.0511 0.0087 1.3404 0.0694 0.0090 1.3333 0.0722 0.0028 1.4389 0.0310 0.0016 1.3929 0.0566 -0.0016 1.3976 0.0549 0.0108 1.3954 0.0548 0.0174 1.3961 0.0534 0.0048 1.3801 0.0613 0.0033 1.3905 0.0577 0.0128 1.3614 0.0695 0.0189 1.3555 0.0683 0.0152 1.3509 0.0734 0.0116 1.3261 0.0824 0.0100 1.4198 0.0356 0.0142 1.4371 0.0251 0.0134 1.3939 0.0483 0.0148 1.3002 0.0815 0.0049 1.3154 0.0779 0.0070 1.3035 0.0798 -0.0074 1.2888 0.0885 -0.0032 1.2850 0.0835 -0.0321 1.4487 0.0188 -0.0253 1.4647 0.0165 -0.0278 1.4622 0.0187 -0.0127 1.4169 0.0404 -0.0112 1.4186 0.0452 -0.0124 1.4175 0.0387 -0.0112 1.2952 0.0839 -0.0275 1.4412 0.0212 -0.0193 1.4443 0.0186 -0.0091 1.4604 0.0110 -0.0063 1.4513 0.0161 0.0000 1.4585 0.0121 -0.0153 1.4721 0.0168 -0.0065 1.4686 0.0095 -0.0162 1.4577 0.0114 -0.0223 1.4372 0.0286 -0.0327 1.4405 0.0255 -0.0181 1.4547 0.0124 -0.0046 1.4653 0.0173 -0.0181 1.3125 0.0805 -0.0174 1.3072 0.0820 -0.0199 1.3310 0.0758 -0.0216 1.3287 0.0775 -0.0152 1.4056 0.0499 -0.0132 1.4032 0.0519 -0.0193 1.4665 0.0122 -0.0175 1.4242 0.0373 -0.0121 1.4304 0.0354 -0.0156 1.4347 0.0266 -0.0143 1.4267 0.0318 -0.0151 1.3007 0.0809 -0.0116 1.3261 0.0824 -0.0181 1.3451 0.0741 -0.0177 1.3455 0.0718 -0.0126 1.4051 0.0433 -0.0130 1.3824 0.0586 -0.0134 1.3939 0.0483 -0.0140 1.3682 0.0662 -0.0125 1.3700 0.0586 -0.0193 1.4477 0.0269 -0.0108 1.4586 0.0220 -0.0141 1.4638 0.0216 0.0003 1.3353 0.0721 0.0000 1.3494 0.0668 -0.0167 1.4498 0.0263 -0.0062 1.4300 0.0302 -0.0146 1.3009 0.0867 -0.0232 1.4566 0.0251 -0.0033 1.3905 0.0577 -0.0033 1.3828 0.0607 -0.0128 1.3614 0.0695 -0.0078 1.2970 0.0904 -0.0076 1.3048 0.0882 0.0000 1.2979 0.0907 0.0000 1.3063 0.0883 0.0011 1.2864 0.0910 -0.0090 1.3333 0.0722 -0.0123 1.3281 0.0734 -0.0143 1.3234 0.0742 -0.0308 1.4561 0.0232 -0.0247 1.4520 0.0256 -0.0149 1.4462 0.0183 -0.0140 1.3547 0.0719 -0.0189 1.3555 0.0683 -0.0130 1.3489 0.0744 -0.0108 1.3954 0.0548 -0.0063 1.4002 0.0541 -0.0031 1.4116 0.0490 -0.0119 1.3145 0.0851 -0.0075 1.4528 0.0237 0.0098 1.3150 0.0775 0.0070 1.2969 0.0903 0.0076 1.3048 0.0882 0.0101 1.3696 0.0666 0.0013 1.4282 0.0312 0.0196 1.4542 0.0126 0.0334 1.4483 0.0247 0.0080 1.4520 0.0160 0.0068 1.2746 0.0881 0.0033 1.2828 0.0852 -0.0021 1.2820 0.0880 -0.0017 1.2762 0.0897 -0.0090 1.2746 0.0885 0.0030 1.2652 0.0927 0.0054 1.2693 0.0922 0.0008 1.2745 0.0865 0.0035 1.4098 0.0403 0.0162 1.4524 0.0136 0.0070 1.4367 0.0264 0.0129 1.4454 0.0196 0.0191 1.3553 0.0659 0.0194 1.3964 0.0524 0.0129 1.3553 0.0638 0.0098 1.3627 0.0608 0.0000 1.3566 0.0638 0.0000 1.3638 0.0608 0.0066 1.3702 0.0578 0.0073 1.3442 0.0766 -0.0042 1.3448 0.0766 0.0123 1.3484 0.0664 -0.0008 1.3205 0.0767 0.0028 1.4297 0.0370 0.0108 1.4375 0.0318 0.0015 1.4138 0.0475 -0.0021 1.3214 0.0764 0.0010 1.3546 0.0729 0.0000 1.3690 0.0672 0.0046 1.3688 0.0667 0.0117 1.3350 0.0792 0.0060 1.3347 0.0800 0.0000 1.3260 0.0836 0.0000 1.3347 0.0811 -0.0029 1.3141 0.0862 0.0107 1.3108 0.0861 0.0109 1.3186 0.0843 0.0000 1.4370 0.0264 0.0000 1.4443 0.0213 0.0069 1.3812 0.0530 0.0000 1.3711 0.0579 0.0000 1.3821 0.0534 0.0000 1.3924 0.0494 0.0000 1.3983 0.0469 -0.0070 1.4367 0.0264 -0.0057 1.4324 0.0289 -0.0070 1.3035 0.0798 -0.0191 1.3553 0.0659 -0.0194 1.3964 0.0524 -0.0129 1.3553 0.0638 -0.0066 1.3702 0.0578 -0.0098 1.3627 0.0608 -0.0123 1.3484 0.0664 -0.0087 1.3404 0.0694 -0.0079 1.3111 0.0785 -0.0108 1.4375 0.0318 -0.0029 1.4389 0.0310 -0.0015 1.4138 0.0475 -0.0031 1.3572 0.0717 -0.0046 1.3688 0.0667 -0.0117 1.3350 0.0792 -0.0060 1.3347 0.0800 -0.0069 1.3812 0.0530" />
                  </IndexedFaceSet>
                </Shape>
                <Shape>
                  <Appearance USE="Bone" />
                  <IndexedFaceSet coordIndex="1 4 3 -1 0 5 6 -1 0 1 2 -1 2 8 7 -1 0 10 9 -1 13 14 11 -1 15 16 11 -1 17 18 12 -1 18 11 12 -1 19 17 12 -1 20 21 12 -1 23 24 22 -1 24 27 22 -1 28 30 29 -1 31 32 28 -1 31 33 32 -1 36 37 35 -1 39 40 41 -1 38 36 42 -1 36 35 42 -1 44 45 43 -1 38 40 39 -1 46 47 48 -1 49 48 50 -1 53 54 51 -1 48 49 56 -1 55 58 48 -1 60 61 62 -1 65 62 66 -1 67 68 69 -1 67 70 68 -1 72 73 74 -1 77 73 78 -1 79 73 80 -1 73 72 80 -1 79 78 73 -1 81 82 83 -1 84 85 86 -1 85 87 86 -1 88 89 90 -1 90 91 88 -1 92 93 94 -1 92 95 93 -1 96 97 98 -1 96 93 97 -1 99 97 100 -1 101 97 102 -1 93 95 104 -1 105 93 104 -1 106 107 108 -1 108 110 109 -1 109 111 88 -1 106 113 112 -1 115 116 114 -1 117 118 114 -1 119 120 121 -1 120 119 122 -1 123 124 125 -1 127 123 128 -1 126 129 114 -1 114 129 131 -1 129 132 131 -1 123 114 124 -1 114 133 124 -1 134 135 130 -1 137 138 139 -1 141 142 140 -1 143 144 145 -1 146 147 148 -1 146 149 147 -1 151 152 150 -1 153 154 155 -1 153 151 154 -1 156 138 137 -1 157 158 159 -1 160 161 162 -1 140 138 141 -1 149 144 147 -1 163 164 165 -1 166 167 157 -1 168 169 157 -1 170 171 163 -1 163 166 157 -1 158 157 172 -1 164 173 165 -1 175 176 174 -1 159 177 157 -1 167 166 163 -1 177 168 157 -1 169 178 175 -1 179 167 180 -1 181 173 164 -1 144 151 147 -1 175 178 176 -1 183 184 138 -1 151 185 152 -1 186 151 153 -1 155 182 187 -1 155 154 182 -1 120 188 136 -1 134 130 129 -1 129 190 134 -1 126 114 123 -1 135 132 130 -1 132 129 130 -1 191 123 192 -1 193 194 195 -1 196 123 197 -1 198 199 136 -1 131 117 114 -1 133 114 116 -1 110 201 109 -1 106 202 107 -1 109 201 111 -1 204 95 205 -1 97 101 100 -1 97 99 98 -1 94 93 96 -1 80 86 79 -1 86 206 207 -1 86 80 206 -1 208 209 79 -1 209 78 79 -1 86 207 84 -1 78 210 77 -1 209 210 78 -1 68 76 75 -1 75 211 68 -1 70 213 214 -1 71 70 67 -1 216 62 217 -1 62 65 217 -1 48 58 55 -1 55 52 219 -1 220 46 48 -1 47 221 48 -1 52 51 219 -1 54 222 51 -1 57 55 59 -1 37 36 223 -1 36 224 223 -1 44 43 38 -1 39 225 38 -1 43 41 40 -1 43 45 41 -1 38 42 44 -1 36 38 224 -1 38 225 224 -1 34 227 226 -1 34 226 228 -1 31 230 229 -1 28 32 231 -1 28 232 30 -1 28 29 233 -1 25 234 24 -1 234 235 24 -1 12 21 19 -1 11 18 15 -1 6 236 0 -1 7 10 2 -1 10 0 2 -1 237 8 1 -1 8 2 1 -1 1 3 238 -1 239 0 240 -1 1 0 239 -1 237 1 238 -1 241 0 236 -1 1 242 4 -1 12 14 20 -1 13 11 16 -1 26 22 243 -1 26 244 245 -1 23 26 246 -1 24 23 25 -1 27 24 235 -1 232 28 231 -1 247 31 229 -1 31 233 230 -1 28 233 31 -1 34 248 249 -1 250 34 228 -1 34 251 227 -1 40 38 43 -1 51 252 53 -1 51 52 252 -1 48 57 220 -1 55 253 59 -1 55 219 253 -1 57 48 55 -1 64 216 254 -1 215 255 256 -1 60 63 257 -1 60 62 63 -1 258 70 71 -1 259 75 260 -1 259 211 75 -1 212 70 214 -1 76 212 75 -1 76 68 212 -1 82 87 261 -1 87 82 81 -1 206 80 72 -1 79 87 81 -1 95 262 263 -1 97 103 264 -1 104 265 97 -1 265 104 266 -1 205 95 267 -1 268 95 204 -1 200 109 88 -1 109 106 108 -1 270 120 269 -1 136 271 272 -1 120 122 269 -1 188 189 273 -1 123 127 192 -1 196 128 123 -1 123 195 274 -1 129 275 190 -1 129 126 275 -1 197 123 274 -1 188 120 189 -1 276 151 277 -1 187 138 278 -1 187 182 138 -1 185 151 186 -1 183 138 279 -1 138 182 154 -1 138 154 144 -1 144 154 151 -1 165 280 163 -1 179 157 167 -1 179 172 157 -1 168 177 162 -1 169 168 178 -1 169 163 157 -1 169 175 163 -1 163 174 170 -1 281 163 280 -1 163 281 167 -1 180 167 281 -1 163 175 174 -1 177 159 162 -1 282 164 163 -1 164 282 181 -1 171 282 163 -1 138 144 141 -1 279 138 156 -1 278 138 184 -1 277 151 150 -1 148 151 276 -1 148 147 151 -1 145 149 146 -1 145 144 149 -1 143 141 144 -1 142 141 143 -1 138 140 139 -1 126 283 275 -1 126 123 283 -1 123 125 195 -1 123 191 283 -1 136 188 284 -1 189 270 273 -1 189 120 270 -1 198 136 272 -1 136 284 271 -1 136 121 120 -1 121 136 199 -1 114 118 115 -1 106 109 200 -1 200 113 106 -1 106 112 202 -1 105 97 93 -1 97 105 203 -1 97 105 104 -1 97 203 105 -1 266 95 268 -1 266 104 95 -1 267 95 263 -1 103 97 265 -1 97 264 102 -1 95 92 262 -1 86 87 79 -1 261 87 85 -1 79 83 208 -1 81 83 79 -1 212 68 70 -1 75 212 285 -1 75 285 260 -1 69 211 259 -1 69 68 211 -1 213 70 258 -1 63 216 64 -1 63 62 216 -1 257 64 286 -1 257 63 64 -1 215 61 255 -1 215 62 61 -1 66 215 256 -1 66 62 215 -1 64 254 286 -1 55 218 287 -1 287 52 55 -1 52 287 252 -1 219 51 222 -1 55 56 218 -1 55 48 56 -1 288 34 249 -1 248 34 250 -1 34 288 251 -1 33 31 247 -1 246 26 245 -1 26 243 244 -1 22 26 23 -1 12 11 14 -1 1 239 242 -1 9 5 0 -1 241 240 0 -1 50 48 221 -1" creaseAngle="1.57">
                    <Coordinate point="0.0797 1.2777 0.0717 0.0811 1.2720 0.0710 0.0805 1.2733 0.0688 0.0824 1.2676 0.0678 0.0823 1.2693 0.0707 0.0777 1.2826 0.0720 0.0780 1.2826 0.0731 0.0801 1.2758 0.0671 0.0811 1.2719 0.0663 0.0784 1.2817 0.0698 0.0791 1.2797 0.0683 0.0955 1.2602 0.0704 0.0985 1.2538 0.0675 0.0959 1.2606 0.0737 0.0975 1.2559 0.0717 0.0935 1.2613 0.0706 0.0943 1.2625 0.0726 0.0978 1.2524 0.0637 0.0950 1.2582 0.0674 0.0997 1.2511 0.0638 0.0989 1.2529 0.0695 0.0999 1.2510 0.0660 0.1090 1.2362 0.0581 0.1121 1.2377 0.0611 0.1110 1.2335 0.0574 0.1145 1.2332 0.0573 0.1071 1.2408 0.0609 0.1105 1.2341 0.0548 0.1269 1.2214 0.0414 0.1243 1.2222 0.0414 0.1249 1.2207 0.0407 0.1270 1.2241 0.0435 0.1290 1.2208 0.0423 0.1284 1.2240 0.0452 0.1323 1.2132 0.0286 0.0196 1.3143 0.0831 0.0194 1.3142 0.0812 0.0207 1.3124 0.0817 0.0180 1.3183 0.0805 0.0175 1.3179 0.0771 0.0195 1.3223 0.0769 0.0198 1.3228 0.0762 0.0187 1.3193 0.0835 0.0208 1.3236 0.0783 0.0206 1.3232 0.0810 0.0226 1.3245 0.0781 0.0077 1.2872 0.0875 0.0074 1.2877 0.0894 0.0082 1.2910 0.0875 0.0091 1.2938 0.0898 0.0078 1.2913 0.0904 0.0181 1.3077 0.0813 0.0158 1.3062 0.0827 0.0199 1.3097 0.0839 0.0209 1.3111 0.0811 0.0138 1.2983 0.0846 0.0114 1.2958 0.0895 0.0106 1.2906 0.0836 0.0090 1.2921 0.0862 0.0137 1.2945 0.0827 0.0705 1.3042 0.0766 0.0708 1.3015 0.0765 0.0702 1.3031 0.0738 0.0695 1.3072 0.0741 0.0680 1.3088 0.0742 0.0685 1.2994 0.0726 0.0697 1.2976 0.0731 0.0649 1.3263 0.0728 0.0651 1.3345 0.0694 0.0650 1.3330 0.0722 0.0648 1.3276 0.0703 0.0644 1.3238 0.0718 0.0227 1.3294 0.0764 0.0228 1.3293 0.0762 0.0232 1.3292 0.0765 0.0595 1.3416 0.0669 0.0626 1.3401 0.0663 0.0215 1.3279 0.0738 0.0201 1.3308 0.0735 0.0172 1.3355 0.0756 0.0185 1.3341 0.0757 0.0157 1.3420 0.0709 0.0182 1.3474 0.0686 0.0156 1.3411 0.0692 0.0181 1.3422 0.0765 0.0193 1.3478 0.0728 0.0176 1.3380 0.0766 0.0169 1.3437 0.0726 0.0160 1.3698 0.0662 0.0163 1.3698 0.0664 0.0163 1.3698 0.0664 0.0163 1.3699 0.0664 0.0615 1.3706 0.0610 0.0601 1.3756 0.0595 0.0610 1.3744 0.0602 0.0591 1.3696 0.0585 0.0605 1.3772 0.0592 0.0575 1.3840 0.0545 0.0592 1.3823 0.0572 0.0577 1.3855 0.0552 0.0561 1.3880 0.0536 0.0552 1.3884 0.0522 0.0552 1.3880 0.0517 0.0559 1.3836 0.0515 0.0591 1.3743 0.0560 0.0626 1.3791 0.0538 0.0139 1.3799 0.0572 0.0140 1.3794 0.0549 0.0127 1.3700 0.0608 0.0139 1.3690 0.0628 0.0161 1.3641 0.0618 0.0177 1.3648 0.0669 0.0182 1.3867 0.0551 0.0173 1.3855 0.0570 0.0156 1.4175 0.0438 0.0151 1.4185 0.0442 0.0153 1.4192 0.0436 0.0148 1.4181 0.0447 0.0151 1.4183 0.0444 0.0512 1.4138 0.0447 0.0510 1.4137 0.0421 0.0496 1.4175 0.0425 0.0523 1.4104 0.0461 0.0151 1.4215 0.0374 0.0177 1.4242 0.0385 0.0186 1.4265 0.0354 0.0128 1.4158 0.0408 0.0130 1.4196 0.0361 0.0136 1.4196 0.0358 0.0139 1.4112 0.0441 0.0151 1.4088 0.0458 0.0148 1.4180 0.0448 0.0146 1.4105 0.0488 0.0154 1.4194 0.0435 0.0173 1.4043 0.0476 0.0160 1.4055 0.0498 0.0496 1.4156 0.0407 0.0425 1.4572 0.0119 0.0443 1.4528 0.0146 0.0424 1.4569 0.0116 0.0426 1.4558 0.0116 0.0432 1.4514 0.0125 0.0430 1.4513 0.0120 0.0436 1.4482 0.0133 0.0456 1.4471 0.0160 0.0442 1.4451 0.0148 0.0454 1.4427 0.0164 0.0481 1.4401 0.0205 0.0470 1.4399 0.0184 0.0451 1.4442 0.0159 0.0502 1.4367 0.0222 0.0481 1.4410 0.0215 0.0501 1.4372 0.0229 0.0475 1.4434 0.0224 0.0461 1.4478 0.0176 0.0466 1.4469 0.0211 0.0429 1.4566 0.0129 0.0282 1.4432 0.0206 0.0281 1.4394 0.0205 0.0279 1.4391 0.0220 0.0282 1.4383 0.0243 0.0282 1.4383 0.0243 0.0280 1.4385 0.0242 0.0324 1.4494 0.0201 0.0360 1.4508 0.0178 0.0344 1.4522 0.0165 0.0311 1.4479 0.0177 0.0322 1.4489 0.0181 0.0291 1.4394 0.0251 0.0324 1.4407 0.0250 0.0374 1.4517 0.0217 0.0370 1.4527 0.0204 0.0281 1.4417 0.0184 0.0354 1.4526 0.0177 0.0376 1.4478 0.0229 0.0371 1.4443 0.0236 0.0364 1.4457 0.0243 0.0280 1.4389 0.0240 0.0329 1.4404 0.0253 0.0299 1.4435 0.0167 0.0307 1.4454 0.0158 0.0363 1.4527 0.0193 0.0454 1.4499 0.0182 0.0442 1.4539 0.0155 0.0443 1.4539 0.0155 0.0492 1.4382 0.0238 0.0484 1.4402 0.0238 0.0458 1.4497 0.0193 0.0503 1.4117 0.0417 0.0501 1.4080 0.0430 0.0141 1.4059 0.0437 0.0133 1.4187 0.0363 0.0130 1.4195 0.0361 0.0195 1.4277 0.0333 0.0196 1.4276 0.0334 0.0191 1.4275 0.0333 0.0135 1.4199 0.0355 0.0165 1.4256 0.0333 0.0485 1.4190 0.0406 0.0485 1.4190 0.0407 0.0156 1.3796 0.0607 0.0191 1.3627 0.0650 0.0167 1.3858 0.0539 0.0587 1.3830 0.0543 0.0592 1.3684 0.0577 0.0604 1.3651 0.0597 0.0211 1.3313 0.0781 0.0190 1.3354 0.0782 0.0168 1.3346 0.0714 0.0171 1.3340 0.0715 0.0184 1.3308 0.0726 0.0644 1.3361 0.0702 0.0613 1.3359 0.0672 0.0628 1.3290 0.0684 0.0628 1.3291 0.0684 0.0699 1.3008 0.0740 0.0664 1.3061 0.0726 0.0675 1.3013 0.0725 0.0134 1.2971 0.0886 0.0167 1.3057 0.0806 0.0089 1.2873 0.0851 0.0077 1.2899 0.0900 0.0200 1.3089 0.0794 0.0208 1.3123 0.0809 0.0206 1.3121 0.0800 0.0195 1.3135 0.0782 0.1341 1.2104 0.0260 0.1338 1.2132 0.0297 0.1333 1.2096 0.0246 0.1262 1.2252 0.0452 0.1248 1.2247 0.0434 0.1280 1.2189 0.0407 0.1271 1.2188 0.0403 0.1243 1.2235 0.0423 0.1152 1.2324 0.0556 0.1140 1.2320 0.0544 0.0780 1.2819 0.0740 0.0820 1.2698 0.0663 0.0822 1.2675 0.0671 0.0805 1.2742 0.0747 0.0796 1.2765 0.0750 0.0789 1.2790 0.0749 0.0813 1.2722 0.0734 0.1063 1.2402 0.0584 0.1062 1.2431 0.0598 0.1082 1.2436 0.0619 0.1106 1.2418 0.0628 0.1273 1.2249 0.0456 0.1305 1.2113 0.0261 0.1302 1.2136 0.0294 0.1324 1.2095 0.0242 0.1331 1.2150 0.0318 0.0175 1.3058 0.0863 0.0160 1.3006 0.0806 0.0655 1.3106 0.0731 0.0708 1.2989 0.0758 0.0704 1.2976 0.0746 0.0694 1.3086 0.0759 0.0643 1.3240 0.0710 0.0634 1.3386 0.0702 0.0596 1.3424 0.0669 0.0195 1.3489 0.0698 0.0619 1.3670 0.0617 0.0617 1.3658 0.0613 0.0556 1.3859 0.0514 0.0564 1.3815 0.0521 0.0579 1.3748 0.0548 0.0613 1.3651 0.0606 0.0583 1.3727 0.0557 0.0528 1.4081 0.0461 0.0524 1.4073 0.0456 0.0474 1.4180 0.0388 0.0480 1.4187 0.0398 0.0500 1.4077 0.0429 0.0182 1.4273 0.0328 0.0124 1.4114 0.0403 0.0487 1.4378 0.0202 0.0496 1.4369 0.0212 0.0448 1.4525 0.0167 0.0435 1.4554 0.0139 0.0336 1.4518 0.0155 0.0317 1.4487 0.0151 0.0367 1.4527 0.0200 0.0133 1.4182 0.0364 0.0471 1.4169 0.0385 0.0592 1.3418 0.0664 0.0664 1.3115 0.0741 0.0155 1.3017 0.0873 0.1316 1.2152 0.0320" />
                  </IndexedFaceSet>
                </Shape>
                <Shape>
                  <Appearance USE="Bone" />
                  <IndexedFaceSet coordIndex="1 2 0 -1 2 19 18 -1 19 20 18 -1 30 1 3 -1 31 30 32 -1 32 33 31 -1 40 41 42 -1 43 44 45 -1 45 46 43 -1 17 48 47 -1 50 51 52 -1 40 53 54 -1 53 55 54 -1 21 56 57 -1 57 14 21 -1 44 58 59 -1 58 21 59 -1 60 61 62 -1 60 63 61 -1 52 64 65 -1 0 70 1 -1 35 71 72 -1 35 49 71 -1 33 73 35 -1 3 74 30 -1 74 75 30 -1 69 77 26 -1 78 77 24 -1 11 79 12 -1 80 81 82 -1 80 18 81 -1 85 6 84 -1 10 8 11 -1 4 86 6 -1 7 85 15 -1 84 6 5 -1 1 89 88 -1 76 37 29 -1 91 90 32 -1 38 36 90 -1 88 92 37 -1 38 90 29 -1 93 94 63 -1 47 58 43 -1 59 21 95 -1 56 48 57 -1 96 21 97 -1 96 95 21 -1 98 43 46 -1 46 94 98 -1 50 41 99 -1 6 86 24 -1 65 50 52 -1 10 11 12 -1 15 101 14 -1 101 15 85 -1 93 60 82 -1 82 108 93 -1 108 82 81 -1 93 109 106 -1 109 93 110 -1 97 21 111 -1 19 99 20 -1 99 19 50 -1 112 51 30 -1 112 100 51 -1 66 11 113 -1 87 79 11 -1 79 13 12 -1 25 79 22 -1 78 26 77 -1 61 70 62 -1 115 1 116 -1 89 1 115 -1 37 76 88 -1 74 29 90 -1 74 76 29 -1 3 28 74 -1 33 34 31 -1 33 35 34 -1 49 35 73 -1 72 117 35 -1 52 51 100 -1 49 39 71 -1 39 38 37 -1 39 49 36 -1 25 119 66 -1 119 25 22 -1 11 68 113 -1 11 120 68 -1 11 8 120 -1 120 69 68 -1 69 120 103 -1 121 103 102 -1 14 57 15 -1 102 122 121 -1 64 42 65 -1 61 124 42 -1 59 45 44 -1 59 53 45 -1 46 63 94 -1 93 98 94 -1 104 98 93 -1 47 43 98 -1 58 44 43 -1 95 53 59 -1 55 53 95 -1 57 17 27 -1 17 57 48 -1 54 125 41 -1 54 126 125 -1 67 102 103 -1 105 16 17 -1 96 110 127 -1 96 109 110 -1 88 115 118 -1 88 89 115 -1 3 1 28 -1 30 91 32 -1 91 30 75 -1 49 73 32 -1 92 117 72 -1 121 128 24 -1 41 65 42 -1 41 50 65 -1 55 126 54 -1 126 55 127 -1 104 47 98 -1 104 105 47 -1 15 57 128 -1 66 113 68 -1 30 100 112 -1 30 34 100 -1 49 32 36 -1 28 88 76 -1 116 61 115 -1 70 61 116 -1 25 26 79 -1 13 78 10 -1 87 22 79 -1 11 66 87 -1 111 14 101 -1 14 111 21 -1 101 83 111 -1 83 101 84 -1 62 82 60 -1 82 62 80 -1 107 104 106 -1 105 104 107 -1 67 6 15 -1 4 23 86 -1 16 84 5 -1 83 84 16 -1 93 108 110 -1 106 129 107 -1 106 109 129 -1 50 30 51 -1 50 19 30 -1 114 87 66 -1 78 13 26 -1 66 26 25 -1 77 69 24 -1 76 74 28 -1 34 30 31 -1 117 34 35 -1 8 103 120 -1 69 103 121 -1 123 118 61 -1 61 63 124 -1 40 45 53 -1 20 41 125 -1 99 41 20 -1 45 124 63 -1 42 123 61 -1 123 42 64 -1 122 102 15 -1 88 118 52 -1 88 34 92 -1 22 114 119 -1 111 129 97 -1 126 81 125 -1 126 108 81 -1 8 9 103 -1 95 127 55 -1 95 96 127 -1 54 41 40 -1 16 27 17 -1 56 21 58 -1 56 47 48 -1 56 58 47 -1 17 47 105 -1 45 63 46 -1 40 124 45 -1 40 42 124 -1 93 63 60 -1 118 64 52 -1 118 123 64 -1 122 128 121 -1 122 15 128 -1 67 15 102 -1 68 26 66 -1 128 27 24 -1 128 57 27 -1 121 24 69 -1 39 72 71 -1 39 92 72 -1 39 37 92 -1 38 39 36 -1 29 37 38 -1 88 100 34 -1 88 52 100 -1 92 34 117 -1 73 33 32 -1 74 90 91 -1 91 75 74 -1 36 32 90 -1 88 28 1 -1 70 116 1 -1 61 118 115 -1 16 5 27 -1 27 5 24 -1 68 69 26 -1 24 5 6 -1 78 24 23 -1 13 79 26 -1 87 114 22 -1 119 114 66 -1 30 19 2 -1 109 97 129 -1 96 97 109 -1 107 111 83 -1 107 129 111 -1 108 127 110 -1 126 127 108 -1 125 18 20 -1 125 81 18 -1 18 0 2 -1 18 80 0 -1 1 30 2 -1 80 70 0 -1 70 80 62 -1 93 106 104 -1 105 83 16 -1 105 107 83 -1 84 101 85 -1 6 85 7 -1 15 6 7 -1 103 9 67 -1 10 12 13 -1 8 10 9 -1 24 86 23 -1 10 23 4 -1 10 78 23 -1 4 9 10 -1 9 4 67 -1 6 67 4 -1" creaseAngle="1.57">
                    <Coordinate point="0.0692 1.4553 0.0154 0.0576 1.4559 0.0207 0.0633 1.4612 0.0146 0.0450 1.4586 0.0160 0.1343 1.4456 -0.0324 0.1282 1.4483 -0.0166 0.1268 1.4503 -0.0281 0.1255 1.4599 -0.0258 0.1488 1.4553 -0.0385 0.1391 1.4506 -0.0377 0.1454 1.4471 -0.0363 0.1530 1.4510 -0.0408 0.1538 1.4468 -0.0371 0.1574 1.4457 -0.0320 0.1161 1.4613 -0.0184 0.1259 1.4603 -0.0248 0.1196 1.4503 -0.0043 0.1192 1.4532 -0.0045 0.0744 1.4593 0.0109 0.0661 1.4653 0.0135 0.0734 1.4642 0.0109 0.1089 1.4625 -0.0099 0.1746 1.4477 -0.0313 0.1380 1.4462 -0.0263 0.1376 1.4495 -0.0198 0.1726 1.4469 -0.0228 0.1601 1.4479 -0.0228 0.1287 1.4493 -0.0138 0.0494 1.4552 0.0226 0.0354 1.4535 0.0220 0.0506 1.4665 0.0169 0.0422 1.4722 0.0189 0.0284 1.4677 0.0114 0.0380 1.4732 0.0182 0.0438 1.4702 0.0275 0.0312 1.4747 0.0225 0.0284 1.4637 0.0099 0.0325 1.4546 0.0242 0.0320 1.4560 0.0148 0.0284 1.4599 0.0204 0.0882 1.4685 0.0120 0.0780 1.4700 0.0137 0.0804 1.4674 0.0178 0.1050 1.4602 0.0060 0.1032 1.4630 0.0042 0.0926 1.4639 0.0129 0.0935 1.4614 0.0135 0.1124 1.4571 0.0008 0.1180 1.4577 -0.0055 0.0256 1.4682 0.0126 0.0690 1.4715 0.0174 0.0585 1.4742 0.0202 0.0590 1.4693 0.0261 0.0946 1.4667 0.0073 0.0856 1.4680 0.0076 0.0921 1.4654 0.0036 0.1166 1.4593 -0.0070 0.1239 1.4582 -0.0142 0.1108 1.4605 -0.0008 0.1009 1.4651 0.0019 0.0914 1.4523 0.0115 0.0755 1.4626 0.0225 0.0788 1.4541 0.0188 0.0891 1.4613 0.0160 0.0661 1.4693 0.0238 0.0631 1.4702 0.0242 0.1656 1.4537 -0.0292 0.1294 1.4567 -0.0338 0.1555 1.4551 -0.0281 0.1457 1.4526 -0.0233 0.0714 1.4552 0.0212 0.0249 1.4693 0.0206 0.0300 1.4680 0.0251 0.0341 1.4723 0.0135 0.0436 1.4581 0.0166 0.0470 1.4665 0.0162 0.0429 1.4540 0.0234 0.1476 1.4477 -0.0243 0.1473 1.4469 -0.0273 0.1630 1.4450 -0.0336 0.0764 1.4536 0.0133 0.0807 1.4578 0.0084 0.0878 1.4526 0.0117 0.1147 1.4500 -0.0094 0.1211 1.4499 -0.0181 0.1233 1.4583 -0.0253 0.1305 1.4460 -0.0241 0.1685 1.4474 -0.0403 0.0508 1.4609 0.0292 0.0511 1.4595 0.0292 0.0363 1.4592 0.0124 0.0404 1.4646 0.0127 0.0349 1.4597 0.0279 0.0936 1.4521 0.0088 0.0992 1.4570 0.0111 0.0983 1.4638 -0.0013 0.0984 1.4591 -0.0023 0.1046 1.4580 -0.0071 0.1060 1.4562 0.0068 0.0755 1.4702 0.0137 0.0521 1.4728 0.0251 0.1166 1.4544 -0.0185 0.1345 1.4588 -0.0318 0.1431 1.4571 -0.0347 0.1062 1.4511 0.0060 0.1127 1.4507 0.0010 0.1026 1.4511 0.0012 0.1089 1.4506 -0.0032 0.0871 1.4571 0.0058 0.0995 1.4556 -0.0015 0.0933 1.4563 0.0025 0.1109 1.4556 -0.0124 0.0537 1.4701 0.0183 0.1584 1.4549 -0.0387 0.1728 1.4493 -0.0367 0.0639 1.4594 0.0267 0.0646 1.4562 0.0246 0.0334 1.4688 0.0264 0.0631 1.4635 0.0276 0.1704 1.4527 -0.0329 0.1518 1.4562 -0.0313 0.1367 1.4562 -0.0235 0.1339 1.4594 -0.0280 0.0699 1.4659 0.0243 0.0881 1.4643 0.0155 0.0797 1.4626 0.0083 0.0859 1.4613 0.0055 0.0921 1.4605 0.0021 0.1311 1.4559 -0.0183 0.1057 1.4546 -0.0063" />
                  </IndexedFaceSet>
                </Shape>
                <Shape>
                  <Appearance USE="Bone" />
                  <IndexedFaceSet coordIndex="0 1 2 -1 1 3 2 -1 5 6 3 -1 9 11 10 -1 12 13 8 -1 7 14 15 -1 14 16 15 -1 4 17 18 -1 10 19 3 -1 3 9 10 -1 20 21 7 -1 7 8 20 -1 22 3 1 -1 23 24 4 -1 9 26 25 -1 8 27 12 -1 28 29 8 -1 9 31 30 -1 2 32 33 -1 4 24 34 -1 12 35 13 -1 12 27 35 -1 3 22 36 -1 18 37 38 -1 18 39 40 -1 4 41 17 -1 4 2 41 -1 43 42 44 -1 42 43 9 -1 7 28 8 -1 42 28 7 -1 20 18 40 -1 18 20 8 -1 14 7 21 -1 45 9 43 -1 3 19 5 -1 46 15 16 -1 15 46 42 -1 8 4 18 -1 8 13 47 -1 17 48 49 -1 41 48 17 -1 9 25 42 -1 3 51 50 -1 42 25 28 -1 3 52 51 -1 3 48 41 -1 3 50 48 -1 3 6 52 -1 9 45 11 -1 7 15 42 -1 44 42 46 -1 41 2 3 -1 4 34 2 -1 47 4 8 -1 18 38 39 -1 18 49 37 -1 17 49 18 -1 9 53 31 -1 35 4 47 -1 35 23 4 -1 2 34 32 -1 2 33 0 -1 25 29 28 -1 30 26 9 -1 3 53 9 -1 3 36 53 -1" creaseAngle="1.57">
                    <Coordinate point="0.0317 1.4487 0.0151 0.0336 1.4518 0.0155 0.0344 1.4473 0.0148 0.0378 1.4525 0.0144 0.0352 1.4388 0.0214 0.0425 1.4572 0.0119 0.0424 1.4569 0.0116 0.0394 1.4391 0.0245 0.0374 1.4386 0.0243 0.0393 1.4536 0.0182 0.0435 1.4554 0.0139 0.0442 1.4539 0.0155 0.0295 1.4388 0.0256 0.0282 1.4383 0.0243 0.0484 1.4402 0.0238 0.0439 1.4444 0.0235 0.0475 1.4434 0.0224 0.0396 1.4417 0.0177 0.0400 1.4382 0.0233 0.0429 1.4566 0.0129 0.0501 1.4372 0.0229 0.0492 1.4382 0.0238 0.0344 1.4522 0.0165 0.0278 1.4389 0.0220 0.0281 1.4394 0.0205 0.0405 1.4473 0.0233 0.0374 1.4517 0.0217 0.0293 1.4390 0.0254 0.0365 1.4457 0.0245 0.0364 1.4457 0.0243 0.0370 1.4527 0.0204 0.0367 1.4527 0.0200 0.0299 1.4435 0.0167 0.0307 1.4454 0.0158 0.0282 1.4417 0.0183 0.0280 1.4385 0.0242 0.0354 1.4526 0.0177 0.0470 1.4399 0.0184 0.0487 1.4378 0.0202 0.0496 1.4369 0.0212 0.0502 1.4367 0.0222 0.0388 1.4441 0.0158 0.0415 1.4481 0.0226 0.0448 1.4525 0.0167 0.0458 1.4497 0.0193 0.0443 1.4539 0.0155 0.0466 1.4469 0.0211 0.0282 1.4383 0.0243 0.0442 1.4451 0.0148 0.0454 1.4427 0.0164 0.0435 1.4482 0.0132 0.0430 1.4513 0.0120 0.0424 1.4553 0.0113 0.0363 1.4527 0.0193" />
                  </IndexedFaceSet>
                </Shape>
                <Shape>
                  <Appearance USE="Bone" />
                  <IndexedFaceSet coordIndex="1 2 3 -1 0 1 3 -1 4 5 0 -1 3 7 6 -1 2 9 8 -1 10 11 12 -1 0 13 10 -1 0 14 13 -1 3 6 0 -1 15 0 16 -1 15 17 0 -1 0 21 20 -1 22 23 18 -1 0 25 24 -1 26 27 0 -1 17 28 0 -1 17 15 28 -1 0 20 30 -1 10 18 0 -1 32 0 33 -1 34 35 4 -1 10 13 11 -1 1 36 2 -1 36 9 2 -1 0 28 25 -1 32 34 0 -1 1 37 36 -1 34 32 33 -1 18 10 1 -1 39 18 31 -1 18 39 38 -1 38 40 41 -1 18 23 42 -1 0 27 14 -1 0 24 26 -1 18 29 22 -1 18 1 29 -1 21 38 41 -1 38 21 0 -1 40 38 39 -1 18 42 19 -1 18 38 0 -1 0 35 16 -1 5 35 0 -1 12 1 10 -1 12 37 1 -1 2 8 3 -1 1 30 29 -1 30 1 0 -1 31 18 19 -1 4 0 34 -1" creaseAngle="1.57">
                    <Coordinate point="0.0318 1.4194 0.0398 0.0246 1.4102 0.0437 0.0133 1.4184 0.0363 0.0129 1.4196 0.0360 0.0196 1.4276 0.0334 0.0195 1.4277 0.0333 0.0136 1.4196 0.0358 0.0130 1.4196 0.0361 0.0133 1.4187 0.0363 0.0133 1.4182 0.0364 0.0193 1.4155 0.0433 0.0160 1.4055 0.0498 0.0173 1.4043 0.0476 0.0146 1.4105 0.0488 0.0148 1.4180 0.0448 0.0177 1.4242 0.0385 0.0186 1.4265 0.0354 0.0182 1.4231 0.0394 0.0264 1.4102 0.0460 0.0523 1.4104 0.0461 0.0474 1.4180 0.0388 0.0480 1.4187 0.0398 0.0500 1.4077 0.0429 0.0524 1.4073 0.0456 0.0151 1.4185 0.0442 0.0153 1.4192 0.0436 0.0151 1.4183 0.0444 0.0148 1.4181 0.0447 0.0154 1.4194 0.0435 0.0479 1.4108 0.0401 0.0471 1.4169 0.0385 0.0512 1.4138 0.0447 0.0166 1.4256 0.0331 0.0165 1.4256 0.0333 0.0182 1.4273 0.0327 0.0191 1.4275 0.0333 0.0124 1.4114 0.0403 0.0141 1.4059 0.0437 0.0319 1.4194 0.0402 0.0496 1.4175 0.0425 0.0485 1.4190 0.0407 0.0485 1.4190 0.0406 0.0528 1.4081 0.0461" />
                  </IndexedFaceSet>
                </Shape>
                <Shape>
                  <Appearance USE="Bone" />
                  <IndexedFaceSet coordIndex="9 10 11 -1 1 2 8 -1 4 37 36 -1 15 38 39 -1 15 40 38 -1 36 41 42 -1 36 43 41 -1 50 51 49 -1 23 52 33 -1 52 53 33 -1 2 7 8 -1 2 40 7 -1 17 25 18 -1 3 10 9 -1 58 17 59 -1 12 3 2 -1 12 10 3 -1 4 42 34 -1 11 16 9 -1 62 60 63 -1 62 61 60 -1 65 16 11 -1 11 15 65 -1 13 15 12 -1 10 12 11 -1 44 36 37 -1 19 21 61 -1 22 52 50 -1 26 15 13 -1 23 64 50 -1 24 64 23 -1 1 12 2 -1 3 9 35 -1 50 52 23 -1 25 17 26 -1 51 68 69 -1 49 63 60 -1 70 63 49 -1 29 24 72 -1 72 33 57 -1 72 24 33 -1 16 74 55 -1 65 74 16 -1 68 67 75 -1 51 50 71 -1 76 32 45 -1 75 32 76 -1 63 77 62 -1 77 63 78 -1 61 22 60 -1 79 61 62 -1 61 79 19 -1 77 4 80 -1 77 37 4 -1 13 12 14 -1 81 3 35 -1 40 3 81 -1 82 83 84 -1 82 85 83 -1 22 82 86 -1 21 82 22 -1 87 43 88 -1 84 43 87 -1 31 32 73 -1 32 31 45 -1 46 72 73 -1 28 72 46 -1 72 28 29 -1 47 48 29 -1 46 75 47 -1 89 90 45 -1 90 89 78 -1 74 19 79 -1 74 20 19 -1 41 34 42 -1 91 34 41 -1 30 45 31 -1 19 92 85 -1 19 20 92 -1 6 0 13 -1 14 6 13 -1 14 0 6 -1 26 0 25 -1 26 13 0 -1 8 7 1 -1 17 58 26 -1 67 47 75 -1 70 78 63 -1 90 78 70 -1 4 34 5 -1 37 89 44 -1 93 81 91 -1 93 38 81 -1 30 87 88 -1 56 87 30 -1 85 93 83 -1 93 85 92 -1 15 7 40 -1 7 15 26 -1 17 18 54 -1 59 0 1 -1 1 58 59 -1 26 58 1 -1 92 38 93 -1 92 39 38 -1 53 87 56 -1 53 86 87 -1 31 56 30 -1 57 56 31 -1 83 91 41 -1 93 91 83 -1 60 50 49 -1 50 60 22 -1 29 48 24 -1 47 28 46 -1 9 55 5 -1 55 9 16 -1 55 79 80 -1 55 74 79 -1 69 90 70 -1 90 69 76 -1 54 59 17 -1 1 0 27 -1 59 25 0 -1 59 54 25 -1 18 25 54 -1 20 39 92 -1 20 66 39 -1 86 52 22 -1 53 52 86 -1 45 88 44 -1 45 30 88 -1 91 35 34 -1 35 91 81 -1 65 20 74 -1 20 65 66 -1 64 48 67 -1 5 80 4 -1 5 55 80 -1 76 45 90 -1 29 28 47 -1 48 47 67 -1 73 32 46 -1 24 23 33 -1 73 57 31 -1 72 57 73 -1 88 36 44 -1 43 36 88 -1 86 84 87 -1 82 84 86 -1 21 85 82 -1 21 19 85 -1 84 41 43 -1 84 83 41 -1 36 42 4 -1 38 40 81 -1 66 15 39 -1 15 66 65 -1 80 62 77 -1 62 80 79 -1 78 37 77 -1 37 78 89 -1 69 75 76 -1 68 75 69 -1 67 71 64 -1 71 67 51 -1 45 44 89 -1 35 5 34 -1 5 35 9 -1 57 53 56 -1 57 33 53 -1 71 50 64 -1 24 48 64 -1 51 70 49 -1 69 70 51 -1 51 67 68 -1 75 46 32 -1 40 2 3 -1 26 1 7 -1 1 27 12 -1 15 11 12 -1 14 12 27 -1 0 14 27 -1 22 61 21 -1" creaseAngle="1.57">
                    <Coordinate point="0.0330 1.5133 -0.0449 0.0424 1.5123 -0.0542 0.0516 1.5043 -0.0494 0.0581 1.5005 -0.0462 0.0797 1.4681 -0.0213 0.0749 1.4791 -0.0307 0.0372 1.5137 -0.0457 0.0494 1.5026 -0.0460 0.0501 1.5043 -0.0495 0.0665 1.4916 -0.0385 0.0565 1.5046 -0.0438 0.0557 1.5050 -0.0425 0.0492 1.5125 -0.0486 0.0431 1.5104 -0.0442 0.0422 1.5164 -0.0487 0.0494 1.5052 -0.0405 0.0629 1.4949 -0.0353 0.0221 1.5101 -0.0420 0.0162 1.5103 -0.0441 0.0626 1.4790 -0.0202 0.0598 1.4858 -0.0256 0.0640 1.4732 -0.0150 0.0624 1.4674 -0.0078 0.0554 1.4610 0.0027 0.0515 1.4553 0.0079 0.0250 1.5135 -0.0446 0.0407 1.5070 -0.0429 0.0421 1.5176 -0.0505 0.0503 1.4409 0.0180 0.0478 1.4516 0.0114 0.0724 1.4459 0.0023 0.0676 1.4441 0.0055 0.0664 1.4391 0.0132 0.0570 1.4569 0.0023 0.0757 1.4777 -0.0315 0.0673 1.4883 -0.0395 0.0835 1.4584 -0.0126 0.0822 1.4593 -0.0122 0.0601 1.4888 -0.0363 0.0574 1.4907 -0.0332 0.0525 1.5003 -0.0447 0.0766 1.4678 -0.0223 0.0806 1.4668 -0.0218 0.0799 1.4586 -0.0132 0.0823 1.4489 -0.0030 0.0749 1.4432 0.0064 0.0563 1.4401 0.0144 0.0515 1.4422 0.0203 0.0462 1.4521 0.0136 0.0621 1.4569 0.0048 0.0596 1.4595 0.0037 0.0606 1.4546 0.0077 0.0590 1.4637 -0.0020 0.0613 1.4582 -0.0014 0.0244 1.5105 -0.0468 0.0699 1.4845 -0.0287 0.0667 1.4509 0.0004 0.0622 1.4497 0.0037 0.0358 1.5077 -0.0466 0.0328 1.5127 -0.0489 0.0659 1.4649 -0.0061 0.0658 1.4721 -0.0145 0.0716 1.4684 -0.0127 0.0717 1.4595 -0.0044 0.0528 1.4559 0.0103 0.0581 1.4954 -0.0329 0.0551 1.4933 -0.0313 0.0543 1.4483 0.0162 0.0622 1.4482 0.0115 0.0660 1.4502 0.0078 0.0686 1.4534 0.0035 0.0546 1.4555 0.0099 0.0538 1.4474 0.0094 0.0626 1.4428 0.0091 0.0633 1.4867 -0.0268 0.0629 1.4432 0.0144 0.0688 1.4464 0.0087 0.0766 1.4641 -0.0121 0.0762 1.4552 -0.0033 0.0684 1.4771 -0.0197 0.0736 1.4742 -0.0200 0.0637 1.4884 -0.0383 0.0674 1.4680 -0.0155 0.0706 1.4707 -0.0223 0.0734 1.4621 -0.0146 0.0663 1.4747 -0.0215 0.0659 1.4617 -0.0078 0.0715 1.4555 -0.0065 0.0778 1.4512 -0.0048 0.0793 1.4521 -0.0027 0.0724 1.4493 0.0047 0.0721 1.4774 -0.0312 0.0630 1.4827 -0.0274 0.0671 1.4792 -0.0297" />
                  </IndexedFaceSet>
                </Shape>
                <Shape>
                  <Appearance USE="Bone" />
                  <IndexedFaceSet coordIndex="6 7 1 -1 6 24 23 -1 19 38 39 -1 19 9 38 -1 6 23 40 -1 41 42 43 -1 41 36 42 -1 44 31 13 -1 44 45 31 -1 46 45 44 -1 46 26 45 -1 43 17 40 -1 43 42 17 -1 47 48 7 -1 47 18 48 -1 49 23 50 -1 49 2 23 -1 28 51 25 -1 28 33 51 -1 22 33 52 -1 22 51 33 -1 48 53 4 -1 1 0 53 -1 16 5 15 -1 0 1 7 -1 13 12 14 -1 47 6 40 -1 60 9 8 -1 61 35 62 -1 37 63 36 -1 37 39 63 -1 64 20 61 -1 31 12 13 -1 5 0 4 -1 7 6 47 -1 4 53 0 -1 65 50 24 -1 50 65 66 -1 65 48 18 -1 65 53 48 -1 2 3 67 -1 68 22 21 -1 68 51 22 -1 51 26 25 -1 51 68 26 -1 28 32 33 -1 27 32 28 -1 62 29 11 -1 29 62 30 -1 35 61 20 -1 62 11 61 -1 20 54 35 -1 69 36 63 -1 69 42 36 -1 50 69 49 -1 50 66 69 -1 3 2 49 -1 10 9 55 -1 9 70 55 -1 19 70 9 -1 55 64 10 -1 64 55 70 -1 60 38 9 -1 41 2 67 -1 43 2 41 -1 4 7 48 -1 17 47 40 -1 17 18 47 -1 19 60 8 -1 19 37 60 -1 20 8 59 -1 20 19 8 -1 10 54 20 -1 29 54 10 -1 29 34 35 -1 58 34 29 -1 57 52 56 -1 57 22 52 -1 44 21 46 -1 44 13 21 -1 26 57 25 -1 57 26 46 -1 28 58 27 -1 58 28 56 -1 59 9 10 -1 59 8 9 -1 29 27 58 -1 29 30 27 -1 56 25 57 -1 56 28 25 -1 46 22 57 -1 46 21 22 -1 56 34 58 -1 56 52 34 -1 29 35 54 -1 20 59 10 -1 37 41 60 -1 37 36 41 -1 43 23 2 -1 40 23 43 -1 67 60 41 -1 67 38 60 -1 24 6 1 -1 61 10 64 -1 39 3 63 -1 39 38 3 -1 17 69 66 -1 69 17 42 -1 63 49 69 -1 63 3 49 -1 34 33 32 -1 34 52 33 -1 10 61 11 -1 10 11 29 -1 30 32 27 -1 30 62 32 -1 68 45 26 -1 68 31 45 -1 13 14 31 -1 21 31 68 -1 13 31 21 -1 38 67 3 -1 24 50 23 -1 53 24 1 -1 53 65 24 -1 18 66 65 -1 66 18 17 -1 15 5 16 -1 15 0 5 -1 4 15 5 -1 4 0 15 -1 7 4 0 -1 12 31 14 -1 70 20 64 -1 70 19 20 -1 37 19 39 -1 32 35 34 -1 35 32 62 -1" creaseAngle="1.57">
                    <Coordinate point="0.0361 1.4961 -0.0630 0.0466 1.4963 -0.0702 0.0824 1.4711 -0.0693 0.0933 1.4621 -0.0593 0.0379 1.4933 -0.0592 0.0325 1.4963 -0.0589 0.0582 1.4883 -0.0740 0.0495 1.4897 -0.0693 0.1068 1.4434 -0.0433 0.1091 1.4435 -0.0451 0.1165 1.4307 -0.0280 0.1155 1.4265 -0.0163 0.0534 1.4120 0.0406 0.0652 1.4167 0.0334 0.0539 1.4132 0.0416 0.0218 1.4906 -0.0476 0.0202 1.4908 -0.0472 0.0708 1.4812 -0.0620 0.0609 1.4879 -0.0632 0.1003 1.4478 -0.0381 0.1027 1.4383 -0.0254 0.0797 1.4188 0.0248 0.0901 1.4193 0.0176 0.0711 1.4807 -0.0737 0.0588 1.4906 -0.0728 0.1012 1.4106 0.0186 0.0905 1.4098 0.0259 0.1155 1.4155 -0.0010 0.1104 1.4125 0.0097 0.1150 1.4235 -0.0148 0.1166 1.4215 -0.0126 0.0702 1.4125 0.0366 0.1104 1.4207 -0.0008 0.1047 1.4177 0.0092 0.1010 1.4258 -0.0015 0.1053 1.4299 -0.0119 0.0870 1.4633 -0.0510 0.0947 1.4561 -0.0459 0.1014 1.4534 -0.0537 0.0971 1.4566 -0.0474 0.0711 1.4790 -0.0675 0.0910 1.4606 -0.0568 0.0787 1.4735 -0.0580 0.0806 1.4708 -0.0628 0.0684 1.4146 0.0321 0.0736 1.4110 0.0351 0.0839 1.4134 0.0243 0.0593 1.4862 -0.0683 0.0519 1.4917 -0.0625 0.0829 1.4749 -0.0655 0.0722 1.4844 -0.0703 0.0971 1.4162 0.0190 0.0977 1.4216 0.0086 0.0478 1.4974 -0.0666 0.1019 1.4337 -0.0170 0.1110 1.4425 -0.0393 0.1039 1.4159 0.0087 0.0943 1.4144 0.0175 0.1091 1.4190 -0.0019 0.1139 1.4332 -0.0298 0.0987 1.4523 -0.0506 0.1098 1.4320 -0.0189 0.1131 1.4244 -0.0090 0.0929 1.4640 -0.0565 0.1093 1.4389 -0.0299 0.0599 1.4929 -0.0670 0.0724 1.4845 -0.0655 0.0937 1.4602 -0.0622 0.0869 1.4152 0.0265 0.0813 1.4761 -0.0608 0.1067 1.4439 -0.0358" />
                  </IndexedFaceSet>
                </Shape>
                <Shape>
                  <Appearance USE="Bone" />
                  <IndexedFaceSet coordIndex="10 11 9 -1 11 14 2 -1 7 21 20 -1 22 23 24 -1 24 25 22 -1 26 27 28 -1 28 29 26 -1 30 31 32 -1 23 33 34 -1 7 35 36 -1 37 7 36 -1 9 8 14 -1 1 2 8 -1 3 18 39 -1 2 14 8 -1 43 44 42 -1 45 46 6 -1 47 48 32 -1 47 49 48 -1 50 41 51 -1 50 19 41 -1 54 55 56 -1 55 57 56 -1 52 53 58 -1 53 59 58 -1 60 53 57 -1 61 62 9 -1 1 8 0 -1 1 0 11 -1 2 3 12 -1 0 8 9 -1 14 13 9 -1 14 11 13 -1 63 13 64 -1 63 9 13 -1 40 62 65 -1 61 42 44 -1 66 64 67 -1 66 63 64 -1 60 55 67 -1 60 57 55 -1 66 68 43 -1 66 55 68 -1 60 65 53 -1 69 70 68 -1 69 58 70 -1 56 53 52 -1 56 57 53 -1 71 72 5 -1 4 41 19 -1 51 72 73 -1 51 41 72 -1 76 54 47 -1 54 49 47 -1 77 47 32 -1 77 58 69 -1 77 78 58 -1 44 43 68 -1 68 70 44 -1 12 15 11 -1 28 35 20 -1 81 46 45 -1 81 82 46 -1 83 46 82 -1 24 28 27 -1 84 7 37 -1 85 73 72 -1 30 23 31 -1 86 22 25 -1 71 87 88 -1 16 12 3 -1 17 3 12 -1 15 1 11 -1 80 31 79 -1 80 32 31 -1 78 89 58 -1 1 3 2 -1 65 60 40 -1 9 64 13 -1 40 64 9 -1 80 89 78 -1 58 59 70 -1 71 88 90 -1 16 3 15 -1 39 3 16 -1 3 17 12 -1 5 87 71 -1 83 92 93 -1 92 94 91 -1 82 94 92 -1 86 25 95 -1 96 92 97 -1 96 93 92 -1 98 28 24 -1 23 34 24 -1 99 72 75 -1 99 85 72 -1 74 100 101 -1 100 74 81 -1 84 38 102 -1 84 37 38 -1 103 34 104 -1 103 24 34 -1 101 102 103 -1 101 100 102 -1 25 26 95 -1 91 97 92 -1 95 97 91 -1 81 45 105 -1 16 3 39 -1 3 39 18 -1 7 20 35 -1 11 10 9 -1 2 12 11 -1 6 84 106 -1 7 84 6 -1 7 96 21 -1 32 78 77 -1 78 32 80 -1 69 47 77 -1 47 69 76 -1 102 106 84 -1 102 100 106 -1 107 30 108 -1 30 107 33 -1 54 50 49 -1 50 54 56 -1 51 108 48 -1 73 108 51 -1 104 85 99 -1 85 104 107 -1 74 90 94 -1 75 90 74 -1 41 5 72 -1 4 5 41 -1 95 88 86 -1 95 91 88 -1 5 22 87 -1 5 79 22 -1 4 89 80 -1 19 89 4 -1 68 76 69 -1 68 55 76 -1 59 44 70 -1 67 55 66 -1 66 42 63 -1 43 42 66 -1 65 61 44 -1 65 62 61 -1 9 63 42 -1 11 0 9 -1 13 11 9 -1 40 9 62 -1 61 9 42 -1 53 44 59 -1 53 65 44 -1 55 54 76 -1 58 19 52 -1 19 58 89 -1 79 4 80 -1 4 79 5 -1 87 86 88 -1 22 86 87 -1 56 19 50 -1 56 52 19 -1 75 72 90 -1 73 107 108 -1 73 85 107 -1 48 50 51 -1 48 49 50 -1 32 108 30 -1 32 48 108 -1 33 104 34 -1 33 107 104 -1 30 33 23 -1 97 21 96 -1 21 97 29 -1 6 96 7 -1 93 96 6 -1 105 6 106 -1 83 6 46 -1 71 90 72 -1 94 81 74 -1 94 82 81 -1 99 103 104 -1 99 101 103 -1 95 29 97 -1 26 29 95 -1 45 6 105 -1 102 24 103 -1 102 38 24 -1 38 37 36 -1 98 36 35 -1 98 38 36 -1 24 38 98 -1 81 106 100 -1 106 81 105 -1 75 101 99 -1 101 75 74 -1 35 28 98 -1 28 21 29 -1 21 28 20 -1 24 26 25 -1 26 24 27 -1 23 79 31 -1 22 79 23 -1 83 82 92 -1 93 6 83 -1 15 3 1 -1 15 12 16 -1 91 90 88 -1 90 91 94 -1 64 60 67 -1 60 64 40 -1" creaseAngle="1.57">
                    <Coordinate point="0.0446 1.4646 -0.0753 0.0354 1.4675 -0.0718 0.0369 1.4713 -0.0743 0.0266 1.4706 -0.0652 0.1231 1.3993 -0.0082 0.1143 1.3954 0.0043 0.0596 1.3811 0.0554 0.0603 1.3725 0.0578 0.0377 1.4685 -0.0748 0.0568 1.4650 -0.0768 0.0470 1.4706 -0.0711 0.0439 1.4725 -0.0708 0.0395 1.4737 -0.0699 0.0578 1.4696 -0.0755 0.0392 1.4725 -0.0757 0.0333 1.4702 -0.0659 0.0273 1.4739 -0.0617 0.0274 1.4720 -0.0652 0.0196 1.4705 -0.0591 0.1271 1.4052 -0.0206 0.0703 1.3699 0.0520 0.0689 1.3730 0.0503 0.1115 1.3877 0.0114 0.1135 1.3859 0.0129 0.0962 1.3804 0.0304 0.1000 1.3837 0.0246 0.0929 1.3801 0.0316 0.0933 1.3779 0.0325 0.0835 1.3744 0.0412 0.0824 1.3774 0.0401 0.1197 1.3896 0.0063 0.1198 1.3868 0.0050 0.1293 1.3932 -0.0073 0.1136 1.3875 0.0134 0.1016 1.3834 0.0260 0.0705 1.3705 0.0521 0.0712 1.3748 0.0520 0.0713 1.3779 0.0515 0.0843 1.3804 0.0414 0.0200 1.4714 -0.0591 0.0659 1.4645 -0.0722 0.1221 1.4013 -0.0064 0.0672 1.4586 -0.0809 0.0857 1.4462 -0.0782 0.0849 1.4474 -0.0734 0.0669 1.3904 0.0462 0.0644 1.3913 0.0452 0.1353 1.4007 -0.0232 0.1277 1.3979 -0.0051 0.1336 1.4026 -0.0215 0.1308 1.4051 -0.0197 0.1246 1.4010 -0.0043 0.1245 1.4138 -0.0357 0.1062 1.4328 -0.0559 0.1297 1.4116 -0.0386 0.1111 1.4309 -0.0599 0.1279 1.4135 -0.0362 0.1073 1.4332 -0.0554 0.1271 1.4088 -0.0404 0.1054 1.4300 -0.0602 0.0869 1.4518 -0.0665 0.0673 1.4582 -0.0773 0.0686 1.4598 -0.0721 0.0678 1.4615 -0.0795 0.0697 1.4631 -0.0760 0.0853 1.4498 -0.0669 0.0877 1.4484 -0.0751 0.0880 1.4502 -0.0716 0.1095 1.4277 -0.0653 0.1302 1.4073 -0.0428 0.1077 1.4290 -0.0627 0.1090 1.3970 0.0101 0.1095 1.3971 0.0106 0.1160 1.3978 0.0067 0.0907 1.3935 0.0305 0.0978 1.3946 0.0237 0.1306 1.4094 -0.0403 0.1352 1.3988 -0.0253 0.1319 1.3999 -0.0250 0.1171 1.3900 0.0037 0.1262 1.3941 -0.0091 0.0802 1.3921 0.0381 0.0771 1.3929 0.0361 0.0650 1.3870 0.0453 0.0711 1.3808 0.0509 0.1109 1.3947 0.0143 0.0998 1.3854 0.0242 0.1093 1.3926 0.0106 0.0971 1.3914 0.0229 0.1295 1.4012 -0.0243 0.0948 1.3950 0.0231 0.0893 1.3904 0.0290 0.0780 1.3885 0.0369 0.0653 1.3854 0.0456 0.0871 1.3941 0.0288 0.0918 1.3839 0.0306 0.0674 1.3775 0.0483 0.0807 1.3815 0.0387 0.0841 1.3776 0.0414 0.1007 1.3917 0.0249 0.0826 1.3889 0.0398 0.0933 1.3906 0.0317 0.0842 1.3846 0.0410 0.0948 1.3870 0.0327 0.1024 1.3892 0.0256 0.0685 1.3887 0.0474 0.0701 1.3858 0.0490 0.1126 1.3920 0.0145 0.1188 1.3942 0.0073" />
                  </IndexedFaceSet>
                </Shape>
                <Shape>
                  <Appearance USE="Bone" />
                  <IndexedFaceSet coordIndex="1 3 2 -1 4 6 5 -1 10 7 11 -1 12 1 13 -1 12 5 1 -1 10 14 15 -1 5 17 3 -1 5 18 17 -1 7 23 9 -1 24 9 7 -1 28 26 29 -1 28 25 26 -1 30 31 32 -1 30 33 31 -1 34 35 36 -1 35 27 36 -1 38 39 37 -1 40 38 37 -1 40 41 38 -1 42 18 43 -1 43 44 42 -1 45 46 14 -1 46 47 14 -1 47 16 15 -1 15 14 47 -1 15 48 46 -1 10 14 8 -1 8 7 9 -1 7 8 14 -1 8 7 10 -1 15 46 45 -1 42 51 18 -1 51 17 18 -1 34 36 13 -1 38 31 39 -1 31 52 39 -1 29 27 35 -1 29 26 27 -1 7 9 23 -1 2 39 53 -1 2 37 39 -1 4 49 6 -1 46 48 50 -1 37 3 17 -1 37 2 3 -1 47 46 44 -1 7 8 24 -1 14 10 11 -1 6 49 16 -1 46 50 44 -1 47 44 43 -1 51 13 40 -1 13 51 58 -1 50 49 4 -1 48 49 50 -1 12 13 58 -1 55 56 52 -1 41 13 36 -1 44 12 42 -1 50 12 44 -1 11 7 14 -1 19 21 0 -1 21 19 59 -1 21 61 62 -1 61 21 22 -1 63 59 60 -1 22 59 63 -1 19 20 64 -1 65 62 61 -1 65 0 62 -1 25 22 66 -1 67 63 64 -1 68 63 67 -1 54 65 69 -1 54 20 65 -1 69 55 54 -1 55 69 57 -1 25 66 26 -1 33 68 67 -1 30 68 33 -1 52 33 55 -1 31 33 52 -1 29 56 57 -1 56 29 35 -1 41 27 32 -1 34 2 53 -1 2 34 13 -1 42 58 51 -1 12 4 5 -1 4 12 50 -1 48 15 49 -1 14 15 45 -1 9 24 8 -1 14 10 15 -1 13 1 2 -1 13 41 40 -1 38 32 31 -1 41 32 38 -1 34 56 35 -1 53 56 34 -1 27 30 32 -1 27 26 30 -1 56 55 57 -1 30 66 68 -1 26 66 30 -1 28 57 69 -1 57 28 29 -1 67 55 33 -1 67 54 55 -1 61 69 65 -1 69 61 28 -1 54 64 20 -1 67 64 54 -1 22 68 66 -1 22 63 68 -1 22 28 61 -1 25 28 22 -1 65 19 0 -1 20 19 65 -1 60 64 63 -1 60 19 64 -1 59 22 21 -1 59 19 60 -1 62 0 21 -1 18 6 43 -1 36 27 41 -1 52 53 39 -1 56 53 52 -1 5 6 18 -1 40 17 51 -1 40 37 17 -1 43 16 47 -1 16 43 6 -1 58 42 12 -1 16 49 15 -1 1 5 3 -1" creaseAngle="1.57">
                    <Coordinate point="0.0693 1.3347 0.0656 0.1376 1.3877 -0.0392 0.1402 1.3795 -0.0235 0.1385 1.3872 -0.0401 0.1195 1.4076 -0.0684 0.1325 1.3961 -0.0557 0.1198 1.4072 -0.0696 0.0523 1.4483 -0.0886 0.0457 1.4485 -0.0867 0.0244 1.4499 -0.0739 0.0585 1.4451 -0.0905 0.0597 1.4469 -0.0897 0.1315 1.4002 -0.0486 0.1358 1.3870 -0.0231 0.0609 1.4477 -0.0899 0.0694 1.4407 -0.0904 0.1014 1.4202 -0.0829 0.1398 1.3881 -0.0398 0.1342 1.3965 -0.0556 0.0753 1.3328 0.0654 0.0932 1.3365 0.0534 0.0717 1.3477 0.0605 0.0869 1.3544 0.0519 0.0363 1.4497 -0.0860 0.0222 1.4477 -0.0727 0.0955 1.3609 0.0422 0.1094 1.3669 0.0301 0.1233 1.3741 0.0139 0.0966 1.3569 0.0414 0.1094 1.3644 0.0277 0.1133 1.3617 0.0315 0.1292 1.3673 0.0128 0.1270 1.3708 0.0141 0.1158 1.3575 0.0315 0.1307 1.3771 -0.0049 0.1226 1.3715 0.0102 0.1323 1.3794 -0.0007 0.1422 1.3805 -0.0233 0.1382 1.3748 -0.0033 0.1373 1.3724 -0.0065 0.1411 1.3843 -0.0199 0.1340 1.3784 -0.0012 0.1335 1.4003 -0.0496 0.1222 1.4095 -0.0691 0.1212 1.4123 -0.0642 0.0753 1.4438 -0.0862 0.1017 1.4260 -0.0750 0.1034 1.4254 -0.0806 0.1010 1.4241 -0.0744 0.1015 1.4209 -0.0791 0.1195 1.4118 -0.0628 0.1399 1.3915 -0.0364 0.1299 1.3650 0.0090 0.1363 1.3728 -0.0066 0.1031 1.3427 0.0442 0.1167 1.3533 0.0289 0.1290 1.3656 0.0089 0.1135 1.3573 0.0271 0.1360 1.3897 -0.0279 0.0748 1.3455 0.0626 0.0777 1.3402 0.0640 0.0875 1.3508 0.0500 0.0734 1.3430 0.0596 0.0909 1.3480 0.0536 0.0933 1.3404 0.0545 0.0902 1.3417 0.0511 0.0978 1.3586 0.0447 0.1029 1.3470 0.0448 0.0999 1.3533 0.0457 0.0999 1.3482 0.0416" />
                  </IndexedFaceSet>
                </Shape>
                <Shape>
                  <Appearance USE="Bone" />
                  <IndexedFaceSet coordIndex="0 2 1 -1 9 10 11 -1 6 16 14 -1 15 18 17 -1 19 20 17 -1 21 17 22 -1 21 19 17 -1 24 25 23 -1 14 15 29 -1 3 31 30 -1 33 4 3 -1 35 36 34 -1 37 7 38 -1 7 8 38 -1 13 12 40 -1 41 42 43 -1 43 44 41 -1 45 43 46 -1 43 2 46 -1 10 47 11 -1 10 9 48 -1 9 49 48 -1 17 47 22 -1 17 18 47 -1 50 51 52 -1 52 53 50 -1 55 56 57 -1 56 58 57 -1 32 59 60 -1 60 27 28 -1 3 28 32 -1 4 3 28 -1 31 3 30 -1 33 3 61 -1 61 30 33 -1 28 54 32 -1 54 62 32 -1 64 15 17 -1 48 65 66 -1 48 49 65 -1 66 65 15 -1 65 29 15 -1 9 34 67 -1 67 49 9 -1 69 45 70 -1 45 46 70 -1 71 43 45 -1 71 44 43 -1 2 42 72 -1 2 43 42 -1 13 73 12 -1 4 33 3 -1 3 32 28 -1 5 46 2 -1 59 55 57 -1 59 62 55 -1 74 75 76 -1 74 77 75 -1 6 78 5 -1 39 1 79 -1 1 72 79 -1 13 35 73 -1 39 79 7 -1 68 35 34 -1 24 74 76 -1 23 74 24 -1 56 63 58 -1 51 48 66 -1 48 51 50 -1 75 58 80 -1 77 58 75 -1 57 77 81 -1 58 77 57 -1 23 27 74 -1 23 26 27 -1 27 54 28 -1 46 78 70 -1 5 78 46 -1 21 80 63 -1 28 32 60 -1 82 8 7 -1 83 8 82 -1 84 37 12 -1 41 38 83 -1 40 38 41 -1 82 72 42 -1 82 79 72 -1 1 84 12 -1 1 39 84 -1 73 5 0 -1 5 73 35 -1 71 13 44 -1 36 13 71 -1 67 36 71 -1 67 34 36 -1 69 29 65 -1 69 70 29 -1 68 16 6 -1 16 68 11 -1 67 65 49 -1 67 69 65 -1 15 14 18 -1 52 64 20 -1 52 51 64 -1 80 53 75 -1 21 53 80 -1 20 25 24 -1 60 81 27 -1 32 62 59 -1 61 3 30 -1 3 33 30 -1 3 4 28 -1 23 62 54 -1 62 23 55 -1 81 60 57 -1 19 63 25 -1 19 21 63 -1 75 52 76 -1 53 52 75 -1 53 22 50 -1 53 21 22 -1 22 47 10 -1 11 18 16 -1 18 11 47 -1 69 71 45 -1 71 69 67 -1 35 6 5 -1 6 35 68 -1 35 13 36 -1 12 0 1 -1 0 12 73 -1 40 44 13 -1 40 41 44 -1 83 42 41 -1 83 82 42 -1 38 12 37 -1 12 38 40 -1 39 7 84 -1 7 79 82 -1 38 8 83 -1 84 7 37 -1 20 76 52 -1 24 76 20 -1 59 57 60 -1 72 1 2 -1 29 78 14 -1 78 29 70 -1 26 54 27 -1 26 23 54 -1 74 81 77 -1 74 27 81 -1 23 56 55 -1 58 63 80 -1 50 10 48 -1 10 50 22 -1 56 25 63 -1 56 23 25 -1 17 20 64 -1 51 15 64 -1 66 15 51 -1 25 20 19 -1 16 18 14 -1 14 78 6 -1 34 11 68 -1 34 9 11 -1 5 2 0 -1" creaseAngle="1.57">
                    <Coordinate point="0.1155 1.3306 0.0303 0.1009 1.3175 0.0485 0.1172 1.3298 0.0307 0.0363 1.4337 -0.0901 0.0356 1.4318 -0.0905 0.1356 1.3468 0.0038 0.1452 1.3636 -0.0259 0.0710 1.3057 0.0719 0.0712 1.3061 0.0725 0.1440 1.3786 -0.0403 0.1405 1.3857 -0.0534 0.1420 1.3785 -0.0405 0.0979 1.3294 0.0499 0.1142 1.3422 0.0333 0.1446 1.3733 -0.0489 0.1391 1.3807 -0.0626 0.1420 1.3753 -0.0456 0.1291 1.3893 -0.0726 0.1373 1.3821 -0.0580 0.1163 1.3977 -0.0817 0.1160 1.3971 -0.0840 0.1203 1.4013 -0.0746 0.1315 1.3932 -0.0651 0.0797 1.4163 -0.0959 0.0992 1.4053 -0.0935 0.1004 1.4062 -0.0888 0.0665 1.4216 -0.0998 0.0625 1.4244 -0.0998 0.0435 1.4305 -0.0939 0.1452 1.3730 -0.0494 0.0179 1.4246 -0.0733 0.0279 1.4283 -0.0840 0.0453 1.4328 -0.0918 0.0331 1.4302 -0.0878 0.1435 1.3698 -0.0182 0.1317 1.3564 0.0090 0.1326 1.3569 0.0095 0.0771 1.3182 0.0669 0.0806 1.3173 0.0673 0.0831 1.3060 0.0641 0.0978 1.3299 0.0510 0.1018 1.3252 0.0507 0.1036 1.3197 0.0495 0.1191 1.3330 0.0330 0.1168 1.3377 0.0336 0.1381 1.3493 0.0071 0.1366 1.3463 0.0038 0.1361 1.3843 -0.0538 0.1424 1.3846 -0.0584 0.1473 1.3771 -0.0435 0.1335 1.3925 -0.0705 0.1324 1.3903 -0.0746 0.1192 1.3986 -0.0845 0.1211 1.4007 -0.0804 0.0605 1.4241 -0.0961 0.0754 1.4218 -0.0915 0.0866 1.4185 -0.0892 0.0757 1.4261 -0.0934 0.0869 1.4201 -0.0904 0.0637 1.4300 -0.0937 0.0532 1.4320 -0.0957 0.0228 1.4287 -0.0768 0.0635 1.4262 -0.0923 0.1038 1.4099 -0.0824 0.1294 1.3887 -0.0748 0.1482 1.3749 -0.0468 0.1422 1.3825 -0.0626 0.1482 1.3673 -0.0198 0.1418 1.3696 -0.0188 0.1496 1.3643 -0.0225 0.1466 1.3627 -0.0267 0.1365 1.3528 0.0090 0.1015 1.3168 0.0486 0.1104 1.3394 0.0327 0.0839 1.4176 -0.0976 0.1041 1.4104 -0.0886 0.1021 1.4082 -0.0921 0.0860 1.4202 -0.0951 0.1460 1.3630 -0.0264 0.0837 1.3051 0.0641 0.1048 1.4112 -0.0830 0.0735 1.4254 -0.0973 0.0854 1.3077 0.0657 0.0829 1.3130 0.0673 0.0788 1.3148 0.0648" />
                  </IndexedFaceSet>
                </Shape>
                <Shape>
                  <Appearance USE="Bone" />
                  <IndexedFaceSet coordIndex="3 4 5 -1 8 9 10 -1 8 11 9 -1 16 17 18 -1 22 14 15 -1 30 31 32 -1 30 33 31 -1 34 35 10 -1 16 18 4 -1 37 20 7 -1 37 7 1 -1 1 12 37 -1 2 38 29 -1 41 40 39 -1 42 29 38 -1 43 36 6 -1 44 45 46 -1 46 47 44 -1 21 35 17 -1 21 10 35 -1 15 48 22 -1 23 49 50 -1 50 26 23 -1 51 52 14 -1 51 53 52 -1 24 49 23 -1 24 54 49 -1 55 53 56 -1 53 51 56 -1 55 57 53 -1 55 58 57 -1 59 58 55 -1 55 60 59 -1 61 62 63 -1 61 64 62 -1 19 66 65 -1 68 32 67 -1 19 69 20 -1 19 70 69 -1 40 1 2 -1 0 12 72 -1 0 13 12 -1 12 29 37 -1 73 70 74 -1 73 69 70 -1 70 19 65 -1 65 75 70 -1 63 75 65 -1 63 62 75 -1 76 27 58 -1 54 22 49 -1 54 51 22 -1 49 22 50 -1 22 48 50 -1 45 44 50 -1 50 48 45 -1 26 44 25 -1 26 50 44 -1 77 43 6 -1 78 79 3 -1 24 58 27 -1 13 0 2 -1 43 80 36 -1 48 21 45 -1 48 15 21 -1 5 6 3 -1 80 78 36 -1 80 47 78 -1 32 28 67 -1 32 31 28 -1 73 2 1 -1 24 57 58 -1 51 82 56 -1 1 7 71 -1 13 2 12 -1 1 39 40 -1 1 41 39 -1 41 1 40 -1 56 82 61 -1 14 22 51 -1 42 38 73 -1 58 59 76 -1 67 28 29 -1 84 5 85 -1 36 3 6 -1 36 78 3 -1 45 17 46 -1 45 21 17 -1 47 79 78 -1 47 46 79 -1 35 18 17 -1 18 35 85 -1 43 81 80 -1 77 81 43 -1 5 77 6 -1 84 77 5 -1 9 80 81 -1 9 25 80 -1 26 9 11 -1 26 25 9 -1 8 21 15 -1 21 8 10 -1 86 8 52 -1 8 86 11 -1 57 52 53 -1 57 86 52 -1 87 51 54 -1 87 82 51 -1 64 61 82 -1 87 76 88 -1 76 87 27 -1 89 76 83 -1 88 76 89 -1 61 90 60 -1 61 63 90 -1 83 76 30 -1 62 91 75 -1 62 89 91 -1 33 90 31 -1 74 75 91 -1 74 70 75 -1 74 42 73 -1 42 74 67 -1 28 37 29 -1 73 71 69 -1 40 0 72 -1 40 2 0 -1 72 1 40 -1 12 1 72 -1 73 1 71 -1 69 7 20 -1 71 7 69 -1 37 28 66 -1 29 42 67 -1 37 19 20 -1 37 66 19 -1 68 74 91 -1 67 74 68 -1 31 66 28 -1 66 31 65 -1 30 68 83 -1 30 32 68 -1 65 90 63 -1 90 65 31 -1 83 91 89 -1 83 68 91 -1 60 33 59 -1 60 90 33 -1 64 89 62 -1 64 88 89 -1 60 56 61 -1 60 55 56 -1 88 82 87 -1 88 64 82 -1 27 54 24 -1 27 87 54 -1 86 24 23 -1 57 24 86 -1 52 15 14 -1 52 8 15 -1 11 23 26 -1 86 23 11 -1 34 9 81 -1 10 9 34 -1 47 25 44 -1 25 47 80 -1 29 12 2 -1 79 4 3 -1 79 16 4 -1 81 84 34 -1 84 81 77 -1 16 46 17 -1 79 46 16 -1 34 85 35 -1 84 85 34 -1 85 4 18 -1 85 5 4 -1 30 59 33 -1 76 59 30 -1 73 38 2 -1" creaseAngle="1.57">
                    <Coordinate point="0.0198 1.4013 -0.0773 0.0338 1.4056 -0.0942 0.0313 1.4008 -0.0927 0.0808 1.2804 0.0714 0.0820 1.2823 0.0690 0.0835 1.2808 0.0665 0.0864 1.2727 0.0644 0.0543 1.4126 -0.1041 0.1351 1.3236 0.0078 0.1259 1.3032 0.0294 0.1239 1.3091 0.0307 0.1363 1.3182 0.0054 0.0369 1.4019 -0.0943 0.0224 1.3999 -0.0807 0.1449 1.3420 -0.0112 0.1368 1.3294 0.0118 0.0950 1.2923 0.0637 0.1061 1.3002 0.0555 0.0948 1.2924 0.0630 0.0792 1.4073 -0.1056 0.0664 1.4110 -0.1061 0.1240 1.3151 0.0342 0.1461 1.3410 -0.0115 0.1478 1.3303 -0.0178 0.1483 1.3454 -0.0437 0.1291 1.3010 0.0309 0.1402 1.3160 0.0063 0.1403 1.3592 -0.0657 0.0762 1.4013 -0.1044 0.0600 1.4021 -0.1062 0.1160 1.3806 -0.0927 0.0934 1.3939 -0.0992 0.0936 1.3914 -0.1038 0.1141 1.3814 -0.0897 0.1068 1.2924 0.0513 0.1065 1.2969 0.0531 0.0997 1.2803 0.0602 0.0624 1.4071 -0.1030 0.0555 1.4017 -0.1081 0.0260 1.4075 -0.0863 0.0287 1.4016 -0.0900 0.0336 1.4064 -0.0938 0.0588 1.4023 -0.1091 0.1004 1.2779 0.0576 0.1276 1.3073 0.0348 0.1259 1.3111 0.0344 0.1074 1.2958 0.0569 0.1092 1.2915 0.0548 0.1386 1.3261 0.0108 0.1492 1.3344 -0.0151 0.1403 1.3222 0.0095 0.1476 1.3549 -0.0372 0.1424 1.3369 -0.0152 0.1430 1.3518 -0.0393 0.1506 1.3489 -0.0414 0.1393 1.3636 -0.0590 0.1436 1.3663 -0.0574 0.1439 1.3471 -0.0424 0.1389 1.3599 -0.0641 0.1295 1.3712 -0.0766 0.1311 1.3741 -0.0748 0.1338 1.3774 -0.0748 0.1214 1.3862 -0.0909 0.1195 1.3871 -0.0874 0.1358 1.3756 -0.0774 0.0960 1.3988 -0.1000 0.0784 1.4055 -0.1028 0.0746 1.3972 -0.1106 0.0939 1.3903 -0.1070 0.0639 1.4090 -0.1087 0.0786 1.4057 -0.1085 0.0528 1.4103 -0.1074 0.0320 1.4036 -0.0881 0.0553 1.4045 -0.1087 0.0765 1.4009 -0.1108 0.0969 1.3990 -0.1020 0.1309 1.3703 -0.0816 0.0992 1.2808 0.0557 0.0987 1.2834 0.0628 0.0969 1.2881 0.0646 0.1108 1.2866 0.0522 0.1084 1.2870 0.0503 0.1448 1.3657 -0.0583 0.1172 1.3793 -0.0955 0.0970 1.2855 0.0571 0.0954 1.2897 0.0593 0.1433 1.3323 -0.0178 0.1437 1.3607 -0.0639 0.1336 1.3724 -0.0831 0.1201 1.3814 -0.0947 0.1159 1.3843 -0.0876 0.0965 1.3931 -0.1060" />
                  </IndexedFaceSet>
                </Shape>
                <Shape>
                  <Appearance USE="Bone" />
                  <IndexedFaceSet coordIndex="3 0 2 -1 1 0 3 -1 6 7 8 -1 9 10 8 -1 8 7 9 -1 11 12 13 -1 18 19 17 -1 13 23 11 -1 21 25 24 -1 13 27 24 -1 24 23 13 -1 29 5 30 -1 5 31 30 -1 33 30 34 -1 30 35 34 -1 39 38 40 -1 39 41 38 -1 42 36 43 -1 44 45 8 -1 6 41 46 -1 7 46 9 -1 47 18 48 -1 47 46 18 -1 11 23 49 -1 23 50 49 -1 52 49 51 -1 2 1 3 -1 20 0 4 -1 4 1 0 -1 0 1 4 -1 50 51 49 -1 27 53 54 -1 47 48 53 -1 7 6 46 -1 43 45 44 -1 44 42 43 -1 19 36 42 -1 40 36 39 -1 40 55 36 -1 41 6 38 -1 56 38 45 -1 36 37 43 -1 37 56 43 -1 15 14 57 -1 14 58 57 -1 32 29 33 -1 29 30 33 -1 29 58 5 -1 17 48 18 -1 12 27 13 -1 28 31 5 -1 41 18 46 -1 41 39 18 -1 0 20 4 -1 1 26 0 -1 1 2 26 -1 17 19 42 -1 9 12 10 -1 38 6 45 -1 37 36 55 -1 59 29 32 -1 26 2 0 -1 23 51 50 -1 23 24 51 -1 51 4 21 -1 48 16 53 -1 48 17 16 -1 14 31 28 -1 35 31 14 -1 14 5 58 -1 14 28 5 -1 58 59 57 -1 58 29 59 -1 32 56 37 -1 32 33 56 -1 34 38 56 -1 34 15 38 -1 38 57 40 -1 38 15 57 -1 56 45 43 -1 36 18 39 -1 42 61 17 -1 42 44 61 -1 12 47 53 -1 12 9 47 -1 62 61 10 -1 63 61 62 -1 62 49 63 -1 52 22 16 -1 53 27 12 -1 60 54 22 -1 54 60 64 -1 4 24 25 -1 24 4 51 -1 64 21 24 -1 4 21 20 -1 21 64 60 -1 24 54 64 -1 24 27 54 -1 51 22 52 -1 51 60 22 -1 22 53 16 -1 53 22 54 -1 16 49 52 -1 63 49 16 -1 62 11 49 -1 12 11 62 -1 10 12 62 -1 63 17 61 -1 16 17 63 -1 9 46 47 -1 44 10 61 -1 44 8 10 -1 55 57 59 -1 57 55 40 -1 33 34 56 -1 15 35 14 -1 34 35 15 -1 30 31 35 -1 25 21 4 -1 4 20 21 -1 60 51 21 -1 55 32 37 -1 55 59 32 -1 36 19 18 -1 8 45 6 -1" creaseAngle="1.57">
                    <Coordinate point="0.0387 1.3798 -0.1003 0.0337 1.3807 -0.0981 0.0185 1.3769 -0.0814 0.0338 1.3779 -0.0979 0.0648 1.3758 -0.1139 0.0971 1.2609 0.0691 0.1516 1.3077 -0.0242 0.1501 1.3227 -0.0530 0.1505 1.3227 -0.0531 0.1412 1.3367 -0.0733 0.1435 1.3363 -0.0750 0.1081 1.3625 -0.1086 0.1259 1.3497 -0.0951 0.1070 1.3617 -0.1071 0.1173 1.2638 0.0490 0.1391 1.2834 0.0171 0.1308 1.3597 -0.0862 0.1443 1.3463 -0.0658 0.1494 1.3311 -0.0427 0.1529 1.3327 -0.0419 0.0594 1.3797 -0.1053 0.0735 1.3779 -0.1066 0.1093 1.3721 -0.0990 0.0852 1.3665 -0.1167 0.0788 1.3691 -0.1131 0.0661 1.3713 -0.1152 0.0293 1.3831 -0.0929 0.1064 1.3625 -0.1052 0.1035 1.2542 0.0607 0.1106 1.2747 0.0571 0.1164 1.2707 0.0565 0.1036 1.2585 0.0675 0.1344 1.2952 0.0289 0.1396 1.2914 0.0254 0.1409 1.2880 0.0222 0.1186 1.2674 0.0534 0.1478 1.3201 -0.0177 0.1431 1.3090 0.0041 0.1463 1.2954 -0.0036 0.1437 1.3151 -0.0200 0.1419 1.3038 0.0007 0.1467 1.3095 -0.0229 0.1536 1.3312 -0.0441 0.1530 1.3146 -0.0207 0.1528 1.3262 -0.0498 0.1523 1.3111 -0.0225 0.1494 1.3238 -0.0514 0.1389 1.3370 -0.0716 0.1386 1.3426 -0.0673 0.1095 1.3661 -0.1068 0.0870 1.3720 -0.1149 0.0810 1.3771 -0.1124 0.1108 1.3697 -0.1050 0.1246 1.3540 -0.0885 0.1060 1.3666 -0.0997 0.1374 1.3056 0.0061 0.1475 1.3023 0.0023 0.1353 1.2904 0.0228 0.1129 1.2703 0.0522 0.1295 1.2928 0.0294 0.0830 1.3774 -0.1057 0.1462 1.3414 -0.0717 0.1289 1.3526 -0.0938 0.1308 1.3569 -0.0906 0.0796 1.3762 -0.1061" />
                  </IndexedFaceSet>
                </Shape>
                <Shape>
                  <Appearance USE="Bone" />
                  <IndexedFaceSet coordIndex="0 2 1 -1 3 4 5 -1 7 9 6 -1 10 11 12 -1 11 13 12 -1 14 15 6 -1 7 15 8 -1 18 19 20 -1 23 25 24 -1 26 18 20 -1 27 22 28 -1 27 20 22 -1 18 29 30 -1 18 23 29 -1 27 33 32 -1 36 37 25 -1 2 0 31 -1 29 38 39 -1 29 23 38 -1 0 1 39 -1 40 33 30 -1 33 41 30 -1 42 43 34 -1 11 44 35 -1 11 45 44 -1 45 10 19 -1 35 34 11 -1 34 13 11 -1 13 34 43 -1 36 26 32 -1 27 44 33 -1 32 26 27 -1 26 20 27 -1 44 27 35 -1 46 47 48 -1 48 49 46 -1 17 16 3 -1 17 8 16 -1 26 36 18 -1 21 22 50 -1 15 3 5 -1 5 43 15 -1 47 4 8 -1 4 16 8 -1 18 25 23 -1 8 9 7 -1 17 3 6 -1 10 45 11 -1 47 8 48 -1 8 6 9 -1 31 24 51 -1 48 34 49 -1 38 23 24 -1 25 18 36 -1 8 17 6 -1 4 46 21 -1 4 47 46 -1 21 10 12 -1 10 21 50 -1 28 46 49 -1 28 22 46 -1 28 35 27 -1 35 49 34 -1 35 28 49 -1 40 32 33 -1 40 36 32 -1 40 1 37 -1 2 37 1 -1 30 1 40 -1 30 29 1 -1 30 41 18 -1 15 43 42 -1 13 5 12 -1 13 43 5 -1 33 45 41 -1 45 33 44 -1 3 14 6 -1 15 14 3 -1 34 48 42 -1 29 39 1 -1 38 31 39 -1 39 31 0 -1 31 51 2 -1 37 2 51 -1 37 36 40 -1 50 19 10 -1 12 4 21 -1 12 5 4 -1 4 3 16 -1 19 22 20 -1 22 19 50 -1 24 31 38 -1 19 41 45 -1 19 18 41 -1 22 21 46 -1 6 15 7 -1 8 42 48 -1 8 15 42 -1 51 25 37 -1 51 24 25 -1" creaseAngle="1.57">
                    <Coordinate point="0.1285 1.2585 0.0355 0.1392 1.2697 0.0211 0.1287 1.2596 0.0370 0.0588 1.3409 -0.1050 0.0845 1.3282 -0.1115 0.0853 1.3360 -0.1089 0.0260 1.3514 -0.0899 0.0315 1.3535 -0.0940 0.0558 1.3470 -0.1092 0.0382 1.3474 -0.0983 0.1271 1.3131 -0.0846 0.1270 1.3160 -0.0832 0.1044 1.3260 -0.1036 0.1043 1.3328 -0.1028 0.0442 1.3484 -0.0973 0.0623 1.3523 -0.1078 0.0561 1.3430 -0.1085 0.0541 1.3422 -0.1057 0.1471 1.2684 -0.0092 0.1419 1.2914 -0.0523 0.1429 1.2906 -0.0530 0.1059 1.3195 -0.1055 0.1280 1.3091 -0.0873 0.1423 1.2554 0.0153 0.1321 1.2490 0.0342 0.1432 1.2569 0.0166 0.1481 1.2714 -0.0150 0.1472 1.3009 -0.0506 0.1306 1.3163 -0.0870 0.1399 1.2637 0.0175 0.1478 1.2733 0.0009 0.1155 1.2399 0.0527 0.1524 1.2813 -0.0186 0.1516 1.2882 -0.0154 0.1073 1.3380 -0.1029 0.1311 1.3239 -0.0831 0.1502 1.2696 0.0016 0.1419 1.2649 0.0204 0.1317 1.2470 0.0323 0.1288 1.2560 0.0341 0.1480 1.2785 0.0040 0.1491 1.2826 -0.0181 0.0878 1.3476 -0.1085 0.0870 1.3450 -0.1082 0.1473 1.3043 -0.0500 0.1442 1.3002 -0.0502 0.1065 1.3257 -0.1082 0.0856 1.3360 -0.1139 0.0879 1.3426 -0.1130 0.1071 1.3318 -0.1067 0.1272 1.3102 -0.0859 0.1325 1.2509 0.0360" />
                  </IndexedFaceSet>
                </Shape>
                <Shape>
                  <Appearance USE="Bone" />
                  <IndexedFaceSet coordIndex="2 3 4 -1 6 7 5 -1 10 11 12 -1 12 13 10 -1 14 15 16 -1 19 20 5 -1 20 19 23 -1 19 24 23 -1 29 9 18 -1 30 20 23 -1 30 31 20 -1 4 3 29 -1 8 31 32 -1 8 34 33 -1 26 35 11 -1 35 12 11 -1 9 15 27 -1 9 3 22 -1 0 2 29 -1 1 2 0 -1 2 4 29 -1 22 3 2 -1 27 35 28 -1 12 27 15 -1 36 21 13 -1 36 37 21 -1 34 38 30 -1 38 39 30 -1 31 30 39 -1 19 5 24 -1 41 8 43 -1 7 33 5 -1 22 2 1 -1 1 0 18 -1 14 13 15 -1 13 12 15 -1 20 31 45 -1 32 31 39 -1 43 8 44 -1 42 44 46 -1 42 43 44 -1 36 26 37 -1 28 26 36 -1 7 8 33 -1 6 5 45 -1 24 33 23 -1 5 33 24 -1 45 8 6 -1 45 31 8 -1 34 41 38 -1 8 41 34 -1 39 47 32 -1 39 40 47 -1 39 48 40 -1 48 39 38 -1 46 47 49 -1 47 46 44 -1 48 42 50 -1 42 48 43 -1 21 42 10 -1 11 25 26 -1 25 11 49 -1 13 21 10 -1 27 28 17 -1 27 12 35 -1 27 17 14 -1 9 16 15 -1 22 18 9 -1 9 29 3 -1 18 22 1 -1 14 36 13 -1 14 17 36 -1 25 37 26 -1 37 25 50 -1 49 11 46 -1 50 21 37 -1 42 21 50 -1 40 50 25 -1 40 48 50 -1 49 40 25 -1 40 49 47 -1 44 32 47 -1 32 44 8 -1 38 43 48 -1 41 43 38 -1 34 23 33 -1 34 30 23 -1 45 5 20 -1 18 0 29 -1 35 26 28 -1 17 28 36 -1 14 16 9 -1 14 9 27 -1 10 46 11 -1 46 10 42 -1 6 8 7 -1" creaseAngle="1.57">
                    <Coordinate point="0.0223 1.3281 -0.0867 0.0301 1.3210 -0.0992 0.0323 1.3189 -0.0949 0.0471 1.3194 -0.1063 0.0387 1.3184 -0.0989 0.1317 1.2288 0.0298 0.1363 1.2351 0.0112 0.1369 1.2340 0.0115 0.1412 1.2445 -0.0116 0.0641 1.3196 -0.1157 0.1201 1.2877 -0.0858 0.1203 1.2905 -0.0855 0.0977 1.3013 -0.1027 0.0964 1.2962 -0.1036 0.0756 1.3080 -0.1162 0.0736 1.3107 -0.1128 0.0713 1.3086 -0.1161 0.0824 1.3153 -0.1157 0.0429 1.3257 -0.1082 0.1311 1.2287 0.0330 0.1379 1.2426 0.0143 0.1207 1.2813 -0.0864 0.0430 1.3228 -0.1088 0.1390 1.2415 0.0149 0.1314 1.2289 0.0333 0.1388 1.2848 -0.0649 0.1246 1.2985 -0.0855 0.0805 1.3157 -0.1141 0.1032 1.3078 -0.1044 0.0445 1.3272 -0.1040 0.1434 1.2502 -0.0024 0.1418 1.2506 -0.0031 0.1423 1.2553 -0.0186 0.1381 1.2349 0.0127 0.1440 1.2440 -0.0045 0.1034 1.3087 -0.1039 0.1007 1.3004 -0.1065 0.1233 1.2889 -0.0875 0.1451 1.2513 -0.0196 0.1453 1.2586 -0.0168 0.1454 1.2659 -0.0318 0.1425 1.2484 -0.0215 0.1342 1.2721 -0.0664 0.1417 1.2567 -0.0362 0.1417 1.2586 -0.0356 0.1371 1.2418 0.0133 0.1343 1.2742 -0.0661 0.1419 1.2634 -0.0338 0.1448 1.2594 -0.0345 0.1349 1.2812 -0.0651 0.1373 1.2759 -0.0668" />
                  </IndexedFaceSet>
                </Shape>
                <Shape>
                  <Appearance USE="Bone" />
                  <IndexedFaceSet coordIndex="2 3 4 -1 10 8 7 -1 4 3 12 -1 7 13 11 -1 18 21 7 -1 21 22 7 -1 23 12 11 -1 12 23 4 -1 24 25 14 -1 24 26 25 -1 25 26 17 -1 27 29 20 -1 30 16 17 -1 30 31 16 -1 2 17 26 -1 32 2 4 -1 18 19 7 -1 18 7 9 -1 0 10 22 -1 18 9 21 -1 11 13 23 -1 9 7 8 -1 0 9 8 -1 8 10 0 -1 5 20 6 -1 35 7 11 -1 28 1 36 -1 38 39 40 -1 38 41 39 -1 28 20 29 -1 7 19 18 -1 7 42 13 -1 7 37 33 -1 19 37 7 -1 37 7 35 -1 13 43 23 -1 42 43 13 -1 33 15 44 -1 37 15 33 -1 35 45 37 -1 35 12 45 -1 46 43 44 -1 46 32 43 -1 45 14 15 -1 24 14 45 -1 32 47 2 -1 46 47 32 -1 48 2 47 -1 2 30 17 -1 2 39 5 -1 48 16 40 -1 17 16 48 -1 31 2 5 -1 30 2 31 -1 20 41 38 -1 31 34 16 -1 20 36 27 -1 28 29 1 -1 27 36 1 -1 29 27 1 -1 20 5 41 -1 34 5 6 -1 5 34 31 -1 38 34 20 -1 40 2 48 -1 40 39 2 -1 17 47 25 -1 17 48 47 -1 3 26 24 -1 3 2 26 -1 46 25 47 -1 14 25 46 -1 12 24 45 -1 12 3 24 -1 44 14 46 -1 44 15 14 -1 32 23 43 -1 32 4 23 -1 11 12 35 -1 15 37 45 -1 42 44 43 -1 33 44 42 -1 7 37 19 -1 10 7 22 -1 0 22 21 -1 34 6 20 -1 41 5 39 -1 9 0 21 -1 20 28 36 -1 7 33 42 -1 34 40 16 -1 34 38 40 -1" creaseAngle="1.57">
                    <Coordinate point="0.0294 1.2928 -0.0925 0.1337 1.2140 0.0207 0.1221 1.2496 -0.0749 0.1046 1.2576 -0.0926 0.1044 1.2562 -0.0947 0.1297 1.2394 -0.0537 0.1306 1.2382 -0.0489 0.0601 1.2857 -0.1192 0.0399 1.2899 -0.1078 0.0412 1.2972 -0.1085 0.0405 1.2888 -0.1063 0.0797 1.2705 -0.1139 0.0909 1.2665 -0.1059 0.0792 1.2680 -0.1156 0.1076 1.2700 -0.0877 0.0936 1.2791 -0.1041 0.1302 1.2512 -0.0481 0.1257 1.2555 -0.0659 0.0564 1.2930 -0.1159 0.0675 1.2898 -0.1175 0.1355 1.2337 -0.0254 0.0418 1.2981 -0.1076 0.0424 1.2933 -0.1051 0.0893 1.2607 -0.1096 0.1059 1.2649 -0.0885 0.1179 1.2633 -0.0735 0.1161 1.2576 -0.0755 0.1337 1.2254 0.0019 0.1356 1.2195 -0.0059 0.1373 1.2235 0.0000 0.1233 1.2501 -0.0692 0.1288 1.2470 -0.0508 0.1070 1.2609 -0.0974 0.0825 1.2800 -0.1170 0.1317 1.2434 -0.0380 0.0803 1.2731 -0.1123 0.1345 1.2203 -0.0054 0.0820 1.2823 -0.1116 0.1356 1.2430 -0.0409 0.1315 1.2436 -0.0583 0.1328 1.2488 -0.0534 0.1347 1.2381 -0.0451 0.0813 1.2748 -0.1181 0.0927 1.2692 -0.1118 0.0942 1.2752 -0.1101 0.0926 1.2743 -0.1034 0.1086 1.2669 -0.0949 0.1217 1.2566 -0.0765 0.1262 1.2526 -0.0687" />
                  </IndexedFaceSet>
                </Shape>
                <Shape>
                  <Appearance USE="Bone" />
                  <IndexedFaceSet coordIndex="2 3 1 -1 10 12 11 -1 9 8 11 -1 11 8 13 -1 14 8 9 -1 14 9 15 -1 14 16 8 -1 7 16 17 -1 9 11 10 -1 14 15 16 -1 23 24 21 -1 23 25 24 -1 27 6 26 -1 5 4 29 -1 4 30 29 -1 31 4 19 -1 19 4 18 -1 32 18 5 -1 18 4 5 -1 6 5 28 -1 5 29 28 -1 16 7 8 -1 35 15 11 -1 20 3 7 -1 3 2 7 -1 13 8 7 -1 15 9 11 -1 6 1 26 -1 0 19 36 -1 11 9 10 -1 37 16 33 -1 16 37 17 -1 16 39 34 -1 7 39 16 -1 15 7 16 -1 15 35 7 -1 20 17 37 -1 34 33 16 -1 34 38 33 -1 39 2 40 -1 7 2 39 -1 3 37 41 -1 37 3 20 -1 42 38 22 -1 38 42 33 -1 40 2 43 -1 42 44 41 -1 42 45 44 -1 23 22 43 -1 23 21 22 -1 45 46 44 -1 45 47 46 -1 47 48 46 -1 47 49 48 -1 25 28 24 -1 49 50 48 -1 50 18 32 -1 50 19 18 -1 30 50 29 -1 30 19 50 -1 30 4 36 -1 4 0 36 -1 4 31 0 -1 30 36 19 -1 49 29 50 -1 28 29 49 -1 48 32 6 -1 48 50 32 -1 6 28 25 -1 47 28 49 -1 24 28 47 -1 6 46 48 -1 46 6 27 -1 6 23 1 -1 6 25 23 -1 24 45 21 -1 24 47 45 -1 44 27 26 -1 44 46 27 -1 1 43 2 -1 1 23 43 -1 22 45 42 -1 22 21 45 -1 41 26 3 -1 41 44 26 -1 38 43 22 -1 40 43 38 -1 41 33 42 -1 33 41 37 -1 34 40 38 -1 39 40 34 -1 7 35 13 -1 11 13 35 -1 12 10 11 -1 17 20 7 -1 5 6 32 -1 31 19 0 -1 3 26 1 -1" creaseAngle="1.57">
                    <Coordinate point="0.1323 1.1930 -0.0042 0.1046 1.2279 -0.0786 0.0826 1.2409 -0.0962 0.0803 1.2390 -0.0985 0.1300 1.1996 -0.0247 0.1257 1.2083 -0.0436 0.1183 1.2149 -0.0589 0.0589 1.2515 -0.1038 0.0396 1.2579 -0.1027 0.0266 1.2608 -0.0925 0.0207 1.2572 -0.0781 0.0288 1.2625 -0.0876 0.0246 1.2604 -0.0783 0.0400 1.2567 -0.1012 0.0430 1.2637 -0.1047 0.0449 1.2645 -0.1033 0.0645 1.2566 -0.1060 0.0615 1.2522 -0.1065 0.1296 1.1998 -0.0300 0.1305 1.1992 -0.0260 0.0768 1.2395 -0.1008 0.1129 1.2351 -0.0781 0.0982 1.2446 -0.0928 0.1095 1.2328 -0.0773 0.1226 1.2259 -0.0628 0.1202 1.2232 -0.0619 0.1027 1.2256 -0.0811 0.1121 1.2157 -0.0690 0.1255 1.2189 -0.0535 0.1292 1.2119 -0.0411 0.1322 1.2052 -0.0281 0.1315 1.1918 -0.0052 0.1238 1.2045 -0.0458 0.0845 1.2468 -0.1018 0.0742 1.2554 -0.1033 0.0451 1.2608 -0.0999 0.1350 1.2008 -0.0176 0.0803 1.2447 -0.1038 0.0882 1.2493 -0.0984 0.0702 1.2520 -0.1008 0.0838 1.2472 -0.0969 0.0882 1.2391 -0.0985 0.0946 1.2426 -0.0965 0.0933 1.2423 -0.0917 0.1065 1.2267 -0.0819 0.1114 1.2317 -0.0809 0.1168 1.2184 -0.0682 0.1209 1.2222 -0.0661 0.1231 1.2129 -0.0574 0.1261 1.2155 -0.0559 0.1292 1.2075 -0.0437" />
                  </IndexedFaceSet>
                </Shape>
                <Shape>
                  <Appearance USE="Bone" />
                  <IndexedFaceSet coordIndex="9 10 8 -1 14 15 13 -1 16 17 18 -1 7 19 5 -1 3 20 18 -1 1 7 4 -1 1 4 2 -1 15 22 23 -1 10 15 24 -1 10 22 15 -1 14 26 25 -1 10 24 8 -1 15 25 24 -1 23 13 15 -1 13 12 11 -1 13 23 12 -1 14 25 15 -1 12 20 11 -1 9 22 10 -1 27 22 21 -1 3 18 17 -1 8 24 5 -1 20 3 17 -1 11 28 13 -1 12 27 16 -1 12 23 27 -1 1 0 29 -1 6 0 2 -1 29 5 19 -1 13 26 14 -1 13 28 26 -1 5 6 2 -1 9 26 22 -1 9 25 26 -1 28 22 26 -1 28 21 22 -1 25 8 5 -1 8 25 9 -1 5 4 7 -1 5 2 4 -1 24 25 5 -1 0 5 29 -1 0 6 5 -1 27 23 22 -1 1 2 0 -1 1 19 7 -1 19 1 29 -1 20 16 18 -1 20 12 16 -1 21 11 16 -1 28 11 21 -1 20 16 11 -1 16 20 17 -1 16 27 21 -1" creaseAngle="1.57">
                    <Coordinate point="0.0269 1.2213 -0.0706 0.0213 1.2201 -0.0681 0.0234 1.2169 -0.0762 0.0954 1.1692 -0.0346 0.0208 1.2233 -0.0785 0.0348 1.2212 -0.0831 0.0297 1.2180 -0.0760 0.0209 1.2260 -0.0772 0.0392 1.2170 -0.0829 0.0532 1.2080 -0.0834 0.0528 1.2080 -0.0815 0.0911 1.1867 -0.0600 0.0885 1.1821 -0.0574 0.0832 1.1949 -0.0693 0.0730 1.2037 -0.0785 0.0727 1.2034 -0.0777 0.0877 1.1801 -0.0569 0.0907 1.1722 -0.0455 0.0914 1.1737 -0.0450 0.0248 1.2289 -0.0785 0.0957 1.1780 -0.0461 0.0784 1.1887 -0.0689 0.0704 1.1965 -0.0757 0.0811 1.1925 -0.0688 0.0559 1.2127 -0.0834 0.0547 1.2127 -0.0874 0.0722 1.1997 -0.0798 0.0789 1.1900 -0.0684 0.0826 1.1924 -0.0716 0.0267 1.2256 -0.0736" />
                  </IndexedFaceSet>
                </Shape>
                <Shape>
                  <Appearance USE="Bone" />
                  <IndexedFaceSet coordIndex="27 13 11 -1 36 28 37 -1 38 40 39 -1 2 3 46 -1 55 56 57 -1 7 8 66 -1 61 62 67 -1 53 11 13 -1 35 69 9 -1 6 10 9 -1 44 70 72 -1 59 36 1 -1 73 58 18 -1 75 76 9 -1 33 78 34 -1 18 62 73 -1 21 60 76 -1 18 0 62 -1 83 79 84 -1 84 85 83 -1 41 84 87 -1 41 85 84 -1 90 91 89 -1 91 15 14 -1 14 37 91 -1 82 93 80 -1 82 22 93 -1 25 0 26 -1 94 12 26 -1 94 31 32 -1 31 95 30 -1 31 96 95 -1 7 30 95 -1 2 100 3 -1 46 3 100 -1 9 10 23 -1 101 82 86 -1 22 101 99 -1 99 52 22 -1 20 50 103 -1 4 97 105 -1 97 106 105 -1 97 5 107 -1 4 5 97 -1 106 95 96 -1 107 5 95 -1 0 45 26 -1 45 94 26 -1 80 93 92 -1 92 45 79 -1 108 20 45 -1 11 25 26 -1 26 27 11 -1 29 24 109 -1 89 91 37 -1 70 15 17 -1 110 24 42 -1 82 80 40 -1 80 92 79 -1 79 0 81 -1 0 25 62 -1 76 60 68 -1 31 60 21 -1 111 4 6 -1 6 64 111 -1 55 112 56 -1 113 55 114 -1 113 74 55 -1 29 28 56 -1 113 58 33 -1 115 70 113 -1 13 27 26 -1 13 54 53 -1 53 67 11 -1 71 62 25 -1 22 20 47 -1 79 45 0 -1 23 86 43 -1 23 102 86 -1 42 40 38 -1 85 38 39 -1 4 8 5 -1 26 12 13 -1 14 117 1 -1 14 1 37 -1 89 28 109 -1 37 28 89 -1 40 80 39 -1 9 43 40 -1 23 43 9 -1 38 119 120 -1 38 41 119 -1 2 103 50 -1 45 48 50 -1 94 104 31 -1 94 45 104 -1 11 62 71 -1 62 11 67 -1 34 55 74 -1 113 33 74 -1 70 115 72 -1 122 33 58 -1 33 122 123 -1 8 63 66 -1 13 53 54 -1 13 32 53 -1 32 13 12 -1 7 31 30 -1 7 66 31 -1 116 6 4 -1 1 72 59 -1 72 1 44 -1 16 70 17 -1 70 16 113 -1 124 115 113 -1 124 59 115 -1 28 124 125 -1 28 114 57 -1 114 28 125 -1 16 18 58 -1 114 55 57 -1 74 33 34 -1 55 126 127 -1 69 24 127 -1 69 35 24 -1 76 126 78 -1 76 75 126 -1 69 75 9 -1 64 9 77 -1 6 9 65 -1 9 64 6 -1 64 4 111 -1 8 4 64 -1 78 21 76 -1 33 123 21 -1 61 53 31 -1 83 80 79 -1 80 85 39 -1 90 119 88 -1 119 90 89 -1 42 120 110 -1 14 44 117 -1 44 14 15 -1 92 108 45 -1 108 47 20 -1 106 107 95 -1 107 106 97 -1 105 129 4 -1 20 45 50 -1 20 104 45 -1 31 104 121 -1 52 121 20 -1 52 51 121 -1 52 96 51 -1 96 52 98 -1 99 98 52 -1 106 98 130 -1 105 23 129 -1 49 2 50 -1 49 100 2 -1 19 49 48 -1 131 46 19 -1 131 19 103 -1 103 48 20 -1 20 22 52 -1 82 101 22 -1 23 99 101 -1 101 86 102 -1 23 101 102 -1 103 46 131 -1 46 103 2 -1 19 48 103 -1 100 19 46 -1 19 100 49 -1 50 48 49 -1 23 130 99 -1 106 23 105 -1 106 130 23 -1 98 99 130 -1 96 98 106 -1 31 51 96 -1 51 31 121 -1 104 20 121 -1 4 10 6 -1 4 129 10 -1 7 95 5 -1 12 94 32 -1 47 93 22 -1 47 92 93 -1 92 47 108 -1 20 48 45 -1 44 1 117 -1 37 1 36 -1 70 44 15 -1 15 90 128 -1 15 91 90 -1 120 89 110 -1 120 119 89 -1 88 128 90 -1 15 88 16 -1 88 15 128 -1 15 16 17 -1 9 40 42 -1 38 120 42 -1 41 88 119 -1 41 87 88 -1 41 38 85 -1 88 84 118 -1 88 87 84 -1 16 88 118 -1 86 40 43 -1 82 40 86 -1 85 80 83 -1 81 84 79 -1 81 0 18 -1 21 61 31 -1 33 21 78 -1 62 58 73 -1 62 122 58 -1 63 68 66 -1 63 64 68 -1 77 68 64 -1 77 76 68 -1 77 9 76 -1 127 75 69 -1 75 127 126 -1 127 112 55 -1 112 127 24 -1 78 55 34 -1 55 78 126 -1 125 113 114 -1 124 113 125 -1 59 28 36 -1 72 115 59 -1 32 31 53 -1 71 25 11 -1 29 112 24 -1 112 29 56 -1 24 35 9 -1 67 53 61 -1 6 65 9 -1 66 60 31 -1 66 68 60 -1 63 8 64 -1 58 113 16 -1 122 62 61 -1 123 61 21 -1 61 123 122 -1 59 124 28 -1 28 57 56 -1 129 23 10 -1 16 81 18 -1 16 118 81 -1 118 84 81 -1 28 29 109 -1 110 109 24 -1 110 89 109 -1 9 42 24 -1 7 5 8 -1 6 116 4 -1" creaseAngle="1.57">
                    <Coordinate point="0.1601 1.4211 -0.0551 0.1106 1.3749 -0.1061 0.1747 1.4462 -0.0349 0.1764 1.4470 -0.0218 0.0922 1.4651 -0.0641 0.1081 1.4595 -0.0510 0.0834 1.4575 -0.0759 0.1150 1.4543 -0.0449 0.1049 1.4608 -0.0523 0.0889 1.4413 -0.0828 0.0819 1.4585 -0.0790 0.1588 1.4240 -0.0367 0.1496 1.4397 -0.0263 0.1643 1.4318 -0.0145 0.1273 1.3843 -0.0942 0.1310 1.3832 -0.0927 0.1447 1.3901 -0.0798 0.1418 1.3862 -0.0814 0.1542 1.4062 -0.0683 0.1859 1.4431 -0.0552 0.1551 1.4490 -0.0655 0.1324 1.4248 -0.0657 0.1346 1.4488 -0.0813 0.1020 1.4565 -0.0864 0.0856 1.4203 -0.0983 0.1702 1.4209 -0.0496 0.1615 1.4355 -0.0436 0.1645 1.4324 -0.0305 0.1021 1.3896 -0.1031 0.0900 1.4039 -0.1059 0.1289 1.4411 -0.0503 0.1354 1.4376 -0.0539 0.1459 1.4395 -0.0287 0.1350 1.4066 -0.0762 0.1149 1.4120 -0.0814 0.0848 1.4316 -0.0869 0.1003 1.3803 -0.1070 0.1072 1.3920 -0.1014 0.1082 1.4244 -0.0840 0.1176 1.4220 -0.0816 0.1050 1.4340 -0.0809 0.1198 1.4138 -0.0834 0.0925 1.4232 -0.0929 0.0988 1.4478 -0.0808 0.1240 1.3699 -0.0986 0.1560 1.4391 -0.0595 0.1817 1.4499 -0.0368 0.1413 1.4452 -0.0747 0.1723 1.4408 -0.0571 0.1839 1.4425 -0.0439 0.1646 1.4457 -0.0511 0.1335 1.4461 -0.0745 0.1318 1.4526 -0.0799 0.1433 1.4338 -0.0333 0.1511 1.4298 -0.0239 0.1068 1.4124 -0.0848 0.0919 1.4038 -0.1014 0.1030 1.4024 -0.0960 0.1446 1.3954 -0.0759 0.1113 1.3782 -0.1000 0.1217 1.4424 -0.0657 0.1407 1.4232 -0.0539 0.1556 1.4135 -0.0505 0.1098 1.4508 -0.0576 0.1003 1.4540 -0.0670 0.0861 1.4460 -0.0836 0.1177 1.4476 -0.0530 0.1487 1.4235 -0.0405 0.1141 1.4469 -0.0648 0.0949 1.4281 -0.0831 0.1335 1.3760 -0.0866 0.1597 1.4164 -0.0395 0.1252 1.3716 -0.0943 0.1522 1.4030 -0.0643 0.1263 1.4052 -0.0824 0.1075 1.4278 -0.0779 0.1148 1.4330 -0.0728 0.1039 1.4418 -0.0743 0.1239 1.4187 -0.0761 0.1398 1.4198 -0.0661 0.1227 1.4333 -0.0752 0.1491 1.4104 -0.0665 0.1161 1.4390 -0.0765 0.1364 1.4197 -0.0695 0.1356 1.4154 -0.0730 0.1276 1.4175 -0.0787 0.1131 1.4468 -0.0784 0.1286 1.4050 -0.0833 0.1325 1.3997 -0.0840 0.1070 1.4033 -0.0962 0.1201 1.3973 -0.0902 0.1158 1.3939 -0.0944 0.1433 1.4345 -0.0666 0.1336 1.4367 -0.0702 0.1456 1.4356 -0.0492 0.1230 1.4457 -0.0530 0.1295 1.4413 -0.0640 0.1006 1.4564 -0.0616 0.1226 1.4480 -0.0770 0.1186 1.4559 -0.0889 0.1819 1.4457 -0.0323 0.1194 1.4506 -0.0872 0.1084 1.4533 -0.0891 0.1718 1.4506 -0.0553 0.1442 1.4424 -0.0640 0.0998 1.4514 -0.0700 0.1090 1.4486 -0.0686 0.1101 1.4553 -0.0534 0.1526 1.4459 -0.0710 0.0959 1.4053 -0.1034 0.1012 1.4104 -0.0954 0.0901 1.4595 -0.0690 0.0896 1.4166 -0.0948 0.1293 1.3946 -0.0854 0.1145 1.4008 -0.0910 0.1251 1.3805 -0.0909 0.0831 1.4659 -0.0706 0.1170 1.3792 -0.1023 0.1441 1.4026 -0.0771 0.1134 1.4093 -0.0883 0.1043 1.4148 -0.0902 0.1398 1.4439 -0.0692 0.1451 1.4076 -0.0653 0.1397 1.4104 -0.0687 0.1147 1.3870 -0.0954 0.1150 1.3931 -0.0937 0.1087 1.4231 -0.0797 0.0972 1.4218 -0.0857 0.1285 1.3920 -0.0892 0.0921 1.4564 -0.0788 0.1120 1.4516 -0.0792 0.1819 1.4498 -0.0425" />
                  </IndexedFaceSet>
                </Shape>
                <Shape>
                  <Appearance USE="Bone" />
                  <IndexedFaceSet coordIndex="1 3 2 -1 16 8 17 -1 9 7 21 -1 34 36 35 -1 37 26 38 -1 29 54 53 -1 56 26 55 -1 9 5 7 -1 7 6 21 -1 59 23 1 -1 24 22 59 -1 59 22 23 -1 64 56 65 -1 64 26 56 -1 69 70 68 -1 49 48 34 -1 65 72 71 -1 73 65 71 -1 29 30 52 -1 14 15 13 -1 57 18 5 -1 11 78 79 -1 81 82 80 -1 83 84 34 -1 86 87 85 -1 41 89 90 -1 7 5 58 -1 68 70 91 -1 8 20 9 -1 3 1 92 -1 1 93 59 -1 0 1 95 -1 3 29 95 -1 54 29 52 -1 65 68 91 -1 2 24 6 -1 29 53 27 -1 68 100 34 -1 68 101 100 -1 34 100 36 -1 27 99 66 -1 66 29 27 -1 103 104 41 -1 74 105 3 -1 65 91 25 -1 96 34 107 -1 96 39 34 -1 0 31 94 -1 29 28 0 -1 26 108 109 -1 24 62 22 -1 3 110 74 -1 3 92 110 -1 111 105 74 -1 111 106 105 -1 60 8 13 -1 112 113 114 -1 20 19 76 -1 76 57 20 -1 115 116 62 -1 32 25 70 -1 18 57 11 -1 40 43 66 -1 43 29 66 -1 82 81 34 -1 34 84 82 -1 117 49 81 -1 81 80 117 -1 4 18 11 -1 118 77 119 -1 85 44 39 -1 66 39 40 -1 46 85 66 -1 111 74 120 -1 52 122 121 -1 65 67 68 -1 3 30 29 -1 91 70 25 -1 33 32 28 -1 0 3 1 -1 24 59 61 -1 61 93 7 -1 24 21 6 -1 20 57 9 -1 57 5 9 -1 8 60 61 -1 61 20 8 -1 61 7 20 -1 53 41 98 -1 52 125 124 -1 126 85 127 -1 81 49 34 -1 40 39 33 -1 129 38 107 -1 38 26 107 -1 114 130 112 -1 10 77 118 -1 131 10 132 -1 131 4 10 -1 11 79 133 -1 7 58 20 -1 28 27 0 -1 33 25 32 -1 35 134 34 -1 41 102 98 -1 121 41 52 -1 41 121 135 -1 103 41 90 -1 89 41 42 -1 94 63 0 -1 26 136 108 -1 110 92 1 -1 94 64 63 -1 94 25 64 -1 94 31 25 -1 99 27 28 -1 125 52 137 -1 66 85 39 -1 9 139 138 -1 16 13 8 -1 16 140 13 -1 10 4 77 -1 132 10 141 -1 4 143 142 -1 144 77 4 -1 77 144 119 -1 10 145 141 -1 61 59 93 -1 1 6 93 -1 6 1 2 -1 60 13 61 -1 14 13 146 -1 117 48 49 -1 148 147 34 -1 149 47 150 -1 149 151 47 -1 50 128 51 -1 152 51 128 -1 85 51 152 -1 85 87 88 -1 85 153 127 -1 44 154 155 -1 85 154 44 -1 31 63 64 -1 8 156 17 -1 11 12 4 -1 19 5 76 -1 11 130 12 -1 157 112 130 -1 114 12 130 -1 158 74 123 -1 110 62 74 -1 26 37 136 -1 96 25 33 -1 42 41 159 -1 33 43 40 -1 39 96 33 -1 64 65 25 -1 160 114 113 -1 9 24 13 -1 21 24 9 -1 115 62 161 -1 3 24 2 -1 3 105 24 -1 105 62 24 -1 62 162 161 -1 27 3 0 -1 32 70 99 -1 101 68 67 -1 41 163 102 -1 163 41 164 -1 97 85 46 -1 97 46 45 -1 85 97 44 -1 97 45 34 -1 68 45 69 -1 45 68 34 -1 46 69 45 -1 70 69 46 -1 70 66 99 -1 66 70 46 -1 137 102 163 -1 137 52 102 -1 53 52 27 -1 98 52 53 -1 52 98 102 -1 3 27 52 -1 12 114 11 -1 114 165 11 -1 114 166 165 -1 11 167 78 -1 31 64 25 -1 135 168 41 -1 33 28 43 -1 96 26 25 -1 107 26 96 -1 29 43 28 -1 30 3 52 -1 26 64 25 -1 22 1 23 -1 22 110 1 -1 62 110 22 -1 74 116 123 -1 116 74 62 -1 120 74 158 -1 133 130 11 -1 133 157 130 -1 76 4 12 -1 76 5 4 -1 28 32 99 -1 124 122 52 -1 31 0 63 -1 155 51 44 -1 50 51 155 -1 85 126 154 -1 88 153 85 -1 85 152 86 -1 85 44 51 -1 34 39 97 -1 44 97 39 -1 47 48 150 -1 48 47 34 -1 47 148 34 -1 151 148 47 -1 83 34 147 -1 150 48 149 -1 162 105 106 -1 162 62 105 -1 146 13 140 -1 7 93 6 -1 12 57 76 -1 160 166 114 -1 18 4 5 -1 131 143 4 -1 131 132 143 -1 118 145 10 -1 4 142 144 -1 138 8 9 -1 138 156 8 -1 13 139 9 -1 13 75 139 -1 75 13 15 -1 72 65 56 -1 109 55 26 -1 65 73 67 -1 20 5 19 -1 5 20 58 -1 11 57 12 -1 29 0 95 -1 1 3 95 -1 159 41 168 -1 52 53 54 -1 53 52 41 -1 104 164 41 -1 129 34 134 -1 129 107 34 -1 165 167 11 -1 13 24 61 -1" creaseAngle="1.57">
                    <Coordinate point="0.0410 1.2608 0.0864 0.0603 1.2457 0.0817 0.0588 1.2412 0.0802 0.0609 1.2525 0.0788 0.1132 1.2089 0.0402 0.0940 1.2148 0.0504 0.0671 1.2326 0.0711 0.0837 1.2258 0.0639 0.1057 1.2291 0.0579 0.0983 1.2273 0.0580 0.1194 1.2096 0.0400 0.1178 1.2179 0.0463 0.1143 1.2196 0.0510 0.1057 1.2378 0.0639 0.1082 1.2436 0.0619 0.1062 1.2431 0.0598 0.1145 1.2332 0.0573 0.1152 1.2324 0.0556 0.1083 1.2133 0.0458 0.0948 1.2170 0.0588 0.0912 1.2288 0.0661 0.0784 1.2273 0.0641 0.0749 1.2384 0.0722 0.0614 1.2431 0.0805 0.0823 1.2365 0.0670 0.0256 1.2871 0.0887 0.0198 1.2915 0.0896 0.0536 1.2665 0.0798 0.0420 1.2638 0.0869 0.0568 1.2708 0.0842 0.0597 1.2575 0.0806 0.0294 1.2719 0.0862 0.0375 1.2761 0.0864 0.0419 1.2815 0.0901 0.0310 1.3078 0.0838 0.0209 1.3111 0.0811 0.0200 1.3089 0.0794 0.0149 1.2962 0.0887 0.0155 1.3017 0.0873 0.0416 1.2964 0.0873 0.0452 1.2925 0.0875 0.0676 1.2743 0.0782 0.0789 1.2790 0.0749 0.0539 1.2734 0.0862 0.0561 1.3019 0.0817 0.0398 1.2964 0.0833 0.0412 1.2912 0.0837 0.0210 1.3166 0.0835 0.0245 1.3226 0.0795 0.0287 1.3102 0.0818 0.0664 1.3115 0.0741 0.0615 1.3081 0.0771 0.0705 1.2649 0.0734 0.0565 1.2703 0.0799 0.0639 1.2649 0.0793 0.0077 1.2899 0.0900 0.0096 1.2875 0.0892 0.1042 1.2239 0.0543 0.0860 1.2183 0.0581 0.0734 1.2373 0.0737 0.1038 1.2318 0.0650 0.0879 1.2321 0.0688 0.0890 1.2441 0.0684 0.0280 1.2669 0.0905 0.0216 1.2782 0.0902 0.0163 1.2873 0.0854 0.0487 1.2858 0.0859 0.0137 1.2945 0.0827 0.0224 1.2955 0.0820 0.0294 1.2917 0.0822 0.0348 1.2864 0.0829 0.0089 1.2873 0.0851 0.0079 1.2870 0.0875 0.0103 1.2901 0.0831 0.0854 1.2540 0.0750 0.1063 1.2402 0.0584 0.1028 1.2162 0.0550 0.1215 1.2091 0.0387 0.1271 1.2188 0.0403 0.1280 1.2189 0.0407 0.0173 1.3177 0.0764 0.0209 1.3174 0.0767 0.0195 1.3135 0.0782 0.0208 1.3123 0.0809 0.0206 1.3121 0.0800 0.0604 1.2995 0.0784 0.0675 1.3013 0.0725 0.0685 1.2994 0.0726 0.0697 1.2976 0.0731 0.0780 1.2819 0.0740 0.0780 1.2826 0.0731 0.0275 1.2926 0.0824 0.0693 1.2481 0.0800 0.0694 1.2334 0.0742 0.0306 1.2701 0.0914 0.0532 1.2578 0.0848 0.0345 1.2940 0.0909 0.0499 1.3022 0.0831 0.0643 1.2738 0.0782 0.0426 1.2770 0.0833 0.0180 1.3045 0.0793 0.0160 1.3006 0.0806 0.0726 1.2718 0.0725 0.0777 1.2826 0.0720 0.0784 1.2817 0.0698 0.0827 1.2531 0.0715 0.0950 1.2582 0.0674 0.0251 1.2991 0.0882 0.0092 1.2940 0.0900 0.0078 1.2913 0.0904 0.0796 1.2470 0.0766 0.0933 1.2615 0.0705 0.1273 1.2249 0.0456 0.1262 1.2252 0.0452 0.1226 1.2221 0.0445 0.0999 1.2510 0.0660 0.0989 1.2529 0.0695 0.0198 1.3228 0.0762 0.1341 1.2104 0.0260 0.1333 1.2096 0.0246 0.0943 1.2625 0.0726 0.0823 1.2693 0.0707 0.0824 1.2676 0.0678 0.0977 1.2561 0.0722 0.0822 1.2675 0.0671 0.0820 1.2698 0.0663 0.0708 1.3015 0.0765 0.0708 1.2989 0.0758 0.0655 1.3106 0.0731 0.0175 1.3058 0.0863 0.1238 1.2224 0.0460 0.1234 1.2104 0.0384 0.1316 1.2152 0.0320 0.1290 1.2208 0.0423 0.0199 1.3097 0.0839 0.0813 1.2722 0.0734 0.0114 1.2958 0.0895 0.0811 1.2719 0.0663 0.1105 1.2341 0.0548 0.1078 1.2365 0.0567 0.1129 1.2377 0.0609 0.1331 1.2150 0.0318 0.1302 1.2113 0.0258 0.1302 1.2136 0.0294 0.1324 1.2095 0.0242 0.1338 1.2132 0.0297 0.1106 1.2418 0.0628 0.0207 1.3124 0.0817 0.0196 1.3143 0.0831 0.0207 1.3236 0.0812 0.0209 1.3237 0.0814 0.0187 1.3193 0.0835 0.0661 1.3060 0.0723 0.0704 1.2976 0.0746 0.0705 1.3042 0.0766 0.0694 1.3086 0.0759 0.1140 1.2320 0.0544 0.1284 1.2240 0.0452 0.0959 1.2606 0.0737 0.0796 1.2765 0.0750 0.1248 1.2247 0.0434 0.0997 1.2511 0.0638 0.0978 1.2524 0.0637 0.0801 1.2758 0.0671 0.0791 1.2797 0.0683 0.1243 1.2222 0.0414 0.1243 1.2235 0.0423 0.1249 1.2207 0.0407 0.0805 1.2742 0.0747" />
                  </IndexedFaceSet>
                </Shape>
                <Shape>
                  <Appearance USE="Bone" />
                  <IndexedFaceSet coordIndex="2 3 4 -1 4 5 2 -1 7 0 8 -1 0 1 8 -1 9 8 1 -1 0 13 1 -1 14 16 15 -1 17 19 18 -1 20 19 17 -1 21 22 23 -1 15 24 14 -1 21 26 25 -1 27 1 2 -1 1 13 28 -1 2 30 29 -1 33 34 2 -1 2 35 12 -1 36 31 37 -1 31 36 2 -1 0 10 11 -1 13 38 28 -1 0 39 10 -1 40 39 0 -1 41 42 27 -1 43 44 1 -1 44 9 1 -1 42 1 27 -1 42 43 1 -1 0 7 45 -1 0 47 46 -1 33 32 48 -1 32 33 2 -1 0 48 32 -1 0 49 48 -1 0 45 47 -1 2 5 50 -1 27 50 41 -1 2 50 27 -1 49 0 46 -1 1 38 6 -1 28 38 1 -1 0 11 13 -1 6 30 1 -1 6 37 30 -1 2 36 35 -1 12 40 2 -1 12 39 40 -1 2 34 3 -1 2 40 0 -1 0 32 2 -1 31 2 29 -1 1 30 2 -1 52 21 15 -1 52 26 21 -1 21 25 22 -1 51 54 53 -1 55 57 56 -1 15 58 24 -1 15 17 59 -1 15 60 17 -1 17 61 62 -1 60 61 17 -1 63 59 64 -1 59 63 15 -1 15 63 65 -1 20 17 66 -1 60 65 61 -1 15 65 60 -1 59 18 67 -1 17 18 59 -1 64 59 67 -1 62 66 17 -1 15 55 56 -1 23 51 21 -1 23 54 51 -1 57 15 56 -1 57 58 15 -1 51 53 55 -1 55 15 51 -1 21 51 15 -1" creaseAngle="1.57">
                    <Coordinate point="0.0357 1.3778 0.0572 0.0367 1.3792 0.0603 0.0377 1.3642 0.0649 0.0613 1.3651 0.0606 0.0617 1.3658 0.0613 0.0619 1.3670 0.0617 0.0157 1.3798 0.0609 0.0552 1.3880 0.0517 0.0552 1.3884 0.0522 0.0561 1.3880 0.0536 0.0140 1.3794 0.0549 0.0167 1.3858 0.0539 0.0161 1.3641 0.0618 0.0327 1.3828 0.0565 0.0213 1.3313 0.0782 0.0295 1.3357 0.0759 0.0227 1.3294 0.0764 0.0440 1.3253 0.0761 0.0649 1.3263 0.0728 0.0644 1.3238 0.0718 0.0643 1.3240 0.0710 0.0210 1.3296 0.0730 0.0171 1.3340 0.0715 0.0168 1.3346 0.0714 0.0190 1.3354 0.0782 0.0184 1.3308 0.0726 0.0215 1.3279 0.0738 0.0407 1.3667 0.0650 0.0273 1.3821 0.0586 0.0163 1.3698 0.0664 0.0163 1.3699 0.0664 0.0163 1.3698 0.0664 0.0367 1.3659 0.0628 0.0592 1.3684 0.0577 0.0604 1.3651 0.0597 0.0191 1.3627 0.0650 0.0177 1.3648 0.0669 0.0160 1.3698 0.0662 0.0173 1.3855 0.0570 0.0130 1.3693 0.0583 0.0132 1.3693 0.0581 0.0610 1.3744 0.0602 0.0605 1.3772 0.0592 0.0592 1.3823 0.0572 0.0577 1.3855 0.0552 0.0556 1.3859 0.0514 0.0564 1.3815 0.0521 0.0559 1.3836 0.0515 0.0583 1.3727 0.0557 0.0579 1.3748 0.0548 0.0614 1.3705 0.0612 0.0171 1.3443 0.0687 0.0228 1.3293 0.0762 0.0182 1.3474 0.0686 0.0156 1.3411 0.0692 0.0197 1.3490 0.0698 0.0196 1.3479 0.0729 0.0193 1.3478 0.0728 0.0181 1.3422 0.0765 0.0503 1.3344 0.0755 0.0472 1.3332 0.0706 0.0613 1.3360 0.0670 0.0628 1.3291 0.0684 0.0596 1.3424 0.0669 0.0634 1.3386 0.0702 0.0592 1.3418 0.0664 0.0628 1.3290 0.0684 0.0650 1.3330 0.0722" />
                  </IndexedFaceSet>
                </Shape>
                <Shape>
                  <Appearance USE="Bone" />
                  <IndexedFaceSet coordIndex="1 2 0 -1 19 2 1 -1 26 27 25 -1 25 37 38 -1 39 40 41 -1 42 43 44 -1 42 45 43 -1 48 40 49 -1 48 50 40 -1 35 52 47 -1 45 46 52 -1 53 54 44 -1 54 55 44 -1 39 56 57 -1 39 42 56 -1 62 63 15 -1 66 32 64 -1 69 68 70 -1 64 71 68 -1 32 65 28 -1 21 20 75 -1 76 77 78 -1 80 81 29 -1 80 82 81 -1 22 11 83 -1 11 15 83 -1 6 9 11 -1 6 74 7 -1 8 7 84 -1 86 84 7 -1 54 88 89 -1 79 75 20 -1 74 26 23 -1 90 70 68 -1 4 67 91 -1 18 80 29 -1 2 93 5 -1 17 94 54 -1 17 95 94 -1 41 46 96 -1 41 50 46 -1 35 58 59 -1 35 47 58 -1 34 51 52 -1 2 5 0 -1 39 97 40 -1 42 96 45 -1 69 3 4 -1 69 70 3 -1 88 100 82 -1 12 101 13 -1 85 78 86 -1 85 23 78 -1 82 3 102 -1 82 0 3 -1 8 6 7 -1 8 10 9 -1 85 7 23 -1 87 103 12 -1 10 12 13 -1 15 14 83 -1 16 104 51 -1 16 105 104 -1 106 54 53 -1 18 89 80 -1 17 89 18 -1 81 102 29 -1 80 88 82 -1 80 89 88 -1 97 108 49 -1 109 105 16 -1 109 110 105 -1 48 49 110 -1 79 24 111 -1 75 78 77 -1 75 79 78 -1 73 75 77 -1 26 74 6 -1 22 6 11 -1 60 73 23 -1 26 22 34 -1 22 51 34 -1 72 112 95 -1 69 31 68 -1 67 33 91 -1 4 91 69 -1 3 70 90 -1 66 64 30 -1 65 116 117 -1 65 32 116 -1 114 115 33 -1 117 28 65 -1 113 72 28 -1 34 118 26 -1 34 35 118 -1 111 24 60 -1 60 38 119 -1 38 60 61 -1 62 15 35 -1 93 112 5 -1 55 54 94 -1 104 52 51 -1 52 46 47 -1 58 46 50 -1 46 58 47 -1 97 49 40 -1 23 76 78 -1 86 78 87 -1 82 102 81 -1 88 108 97 -1 110 109 48 -1 78 79 111 -1 76 23 73 -1 64 68 31 -1 31 69 91 -1 90 102 3 -1 117 113 28 -1 5 112 72 -1 38 61 25 -1 13 118 15 -1 120 57 56 -1 98 100 88 -1 100 98 19 -1 2 19 98 -1 112 93 95 -1 12 13 101 -1 13 12 27 -1 27 103 37 -1 27 12 103 -1 3 72 113 -1 114 116 115 -1 114 117 116 -1 31 30 64 -1 4 114 67 -1 4 113 114 -1 102 90 29 -1 29 68 71 -1 60 24 99 -1 76 73 77 -1 82 1 0 -1 110 106 105 -1 110 49 106 -1 49 54 107 -1 49 108 54 -1 83 51 22 -1 51 83 16 -1 86 12 84 -1 9 10 13 -1 53 105 106 -1 105 53 104 -1 89 17 54 -1 16 14 109 -1 83 14 16 -1 59 109 14 -1 58 109 59 -1 24 79 20 -1 75 73 21 -1 21 73 60 -1 95 29 72 -1 29 95 18 -1 29 28 72 -1 71 28 29 -1 91 33 30 -1 3 113 4 -1 115 116 33 -1 114 33 67 -1 113 117 114 -1 5 72 3 -1 119 92 111 -1 38 92 119 -1 35 15 118 -1 27 26 118 -1 57 93 2 -1 52 53 43 -1 52 104 53 -1 39 57 98 -1 94 56 55 -1 94 120 56 -1 60 119 111 -1 32 66 116 -1 60 23 25 -1 106 107 54 -1 78 103 87 -1 78 92 103 -1 88 97 98 -1 39 98 97 -1 52 35 34 -1 50 41 40 -1 45 96 46 -1 43 45 52 -1 43 53 44 -1 55 42 44 -1 56 42 55 -1 42 41 96 -1 42 39 41 -1 2 98 57 -1 57 95 93 -1 120 95 57 -1 95 120 94 -1 25 61 60 -1 118 13 27 -1 35 63 62 -1 63 35 59 -1 27 37 25 -1 37 92 38 -1 37 103 92 -1 21 24 36 -1 36 24 20 -1 20 21 36 -1 30 33 66 -1 66 33 116 -1 0 5 3 -1 90 68 29 -1 91 30 31 -1 32 71 64 -1 71 32 28 -1 18 95 17 -1 26 6 22 -1 25 23 26 -1 24 21 99 -1 21 60 99 -1 7 74 23 -1 78 111 92 -1 19 82 100 -1 1 82 19 -1 48 58 50 -1 109 58 48 -1 49 107 106 -1 88 54 108 -1 14 63 59 -1 15 63 14 -1 15 9 13 -1 12 86 87 -1 85 86 7 -1 8 12 10 -1 12 8 84 -1 9 15 11 -1 8 9 6 -1" creaseAngle="1.57">
                    <Coordinate point="-0.0585 1.4742 0.0202 -0.0660 1.4725 0.0168 -0.0699 1.4709 0.0200 -0.0490 1.4733 0.0237 -0.0386 1.4744 0.0218 -0.0531 1.4699 0.0268 -0.1350 1.4455 -0.0269 -0.1406 1.4465 -0.0356 -0.1347 1.4476 -0.0350 -0.1288 1.4549 -0.0334 -0.1382 1.4540 -0.0383 -0.1327 1.4465 -0.0261 -0.1427 1.4565 -0.0376 -0.1344 1.4594 -0.0317 -0.1166 1.4544 -0.0185 -0.1246 1.4558 -0.0264 -0.1147 1.4500 -0.0094 -0.0788 1.4541 0.0188 -0.0714 1.4552 0.0212 -0.0730 1.4707 0.0135 -0.1736 1.4444 -0.0334 -0.1727 1.4461 -0.0224 -0.1282 1.4488 -0.0163 -0.1500 1.4470 -0.0286 -0.1718 1.4523 -0.0292 -0.1499 1.4510 -0.0248 -0.1375 1.4512 -0.0193 -0.1427 1.4546 -0.0252 -0.0430 1.4565 0.0291 -0.0595 1.4561 0.0219 -0.0260 1.4656 0.0123 -0.0312 1.4648 0.0078 -0.0361 1.4533 0.0208 -0.0255 1.4663 0.0142 -0.1273 1.4514 -0.0114 -0.1239 1.4582 -0.0142 -0.1759 1.4479 -0.0256 -0.1518 1.4562 -0.0313 -0.1566 1.4552 -0.0366 -0.0940 1.4667 0.0066 -0.0993 1.4642 -0.0001 -0.1003 1.4647 0.0011 -0.0978 1.4620 0.0106 -0.1060 1.4562 0.0068 -0.0992 1.4570 0.0111 -0.1050 1.4602 0.0060 -0.1108 1.4605 -0.0008 -0.1166 1.4593 -0.0070 -0.1046 1.4580 -0.0071 -0.0971 1.4570 -0.0004 -0.1055 1.4630 -0.0060 -0.1196 1.4503 -0.0043 -0.1164 1.4569 -0.0031 -0.1012 1.4515 0.0079 -0.0888 1.4524 0.0117 -0.0921 1.4577 0.0151 -0.0907 1.4630 0.0146 -0.0836 1.4690 0.0140 -0.1107 1.4621 -0.0118 -0.1161 1.4613 -0.0184 -0.1615 1.4510 -0.0226 -0.1569 1.4551 -0.0266 -0.1241 1.4601 -0.0203 -0.1239 1.4573 -0.0262 -0.0327 1.4573 0.0133 -0.0367 1.4537 0.0266 -0.0295 1.4575 0.0186 -0.0271 1.4741 0.0193 -0.0421 1.4595 0.0145 -0.0362 1.4702 0.0125 -0.0411 1.4624 0.0137 -0.0447 1.4566 0.0192 -0.0568 1.4599 0.0282 -0.1620 1.4472 -0.0225 -0.1448 1.4469 -0.0271 -0.1681 1.4441 -0.0300 -0.1594 1.4454 -0.0332 -0.1616 1.4452 -0.0317 -0.1643 1.4488 -0.0411 -0.1697 1.4470 -0.0388 -0.0692 1.4553 0.0154 -0.0608 1.4621 0.0152 -0.0641 1.4653 0.0143 -0.1211 1.4499 -0.0181 -0.1436 1.4500 -0.0381 -0.1519 1.4481 -0.0386 -0.1511 1.4508 -0.0401 -0.1503 1.4535 -0.0416 -0.0783 1.4599 0.0092 -0.0764 1.4536 0.0133 -0.0485 1.4654 0.0165 -0.0328 1.4722 0.0123 -0.1574 1.4540 -0.0401 -0.0722 1.4657 0.0231 -0.0853 1.4585 0.0182 -0.0744 1.4638 0.0227 -0.1032 1.4630 0.0042 -0.0899 1.4620 0.0035 -0.0820 1.4691 0.0109 -0.1674 1.4483 -0.0193 -0.0758 1.4621 0.0100 -0.1373 1.4587 -0.0350 -0.0525 1.4679 0.0177 -0.1507 1.4560 -0.0376 -0.1127 1.4507 0.0010 -0.1089 1.4506 -0.0032 -0.1026 1.4511 0.0012 -0.0937 1.4535 0.0065 -0.0871 1.4571 0.0058 -0.1109 1.4556 -0.0124 -0.1057 1.4546 -0.0063 -0.1652 1.4540 -0.0335 -0.0631 1.4635 0.0276 -0.0400 1.4672 0.0284 -0.0322 1.4667 0.0262 -0.0273 1.4627 0.0233 -0.0299 1.4573 0.0239 -0.0376 1.4615 0.0288 -0.1292 1.4583 -0.0220 -0.1634 1.4543 -0.0316 -0.0799 1.4629 0.0204" />
                  </IndexedFaceSet>
                </Shape>
                <Shape>
                  <Appearance USE="Bone" />
                  <IndexedFaceSet coordIndex="0 1 2 -1 3 4 5 -1 7 8 9 -1 4 11 12 -1 12 10 4 -1 13 14 0 -1 13 15 14 -1 16 17 9 -1 16 18 17 -1 19 20 9 -1 21 11 4 -1 12 22 10 -1 23 21 4 -1 4 3 6 -1 19 24 20 -1 24 25 20 -1 14 26 1 -1 1 0 14 -1 14 28 27 -1 29 30 9 -1 9 31 29 -1 20 31 9 -1 20 25 31 -1 10 33 32 -1 34 13 35 -1 13 34 15 -1 36 13 37 -1 0 38 9 -1 6 14 15 -1 39 40 41 -1 10 40 39 -1 10 16 9 -1 22 42 10 -1 10 39 16 -1 43 23 4 -1 44 6 15 -1 44 45 6 -1 46 4 6 -1 46 43 4 -1 45 46 6 -1 44 15 34 -1 19 9 38 -1 13 0 9 -1 16 41 18 -1 39 41 16 -1 10 42 47 -1 9 17 7 -1 13 8 48 -1 9 8 13 -1 9 30 10 -1 10 47 40 -1 37 13 48 -1 35 13 36 -1 49 5 4 -1 50 4 10 -1 50 49 4 -1 10 32 51 -1 30 33 10 -1 30 29 33 -1 10 51 52 -1 6 28 14 -1 26 14 27 -1 0 24 38 -1 0 2 24 -1 52 50 10 -1" creaseAngle="1.57">
                    <Coordinate point="-0.0313 1.4403 0.0197 -0.0281 1.4394 0.0205 -0.0278 1.4389 0.0220 -0.0336 1.4518 0.0155 -0.0368 1.4514 0.0138 -0.0344 1.4522 0.0165 -0.0348 1.4496 0.0143 -0.0492 1.4382 0.0238 -0.0501 1.4372 0.0229 -0.0377 1.4387 0.0247 -0.0400 1.4507 0.0211 -0.0429 1.4566 0.0129 -0.0435 1.4554 0.0139 -0.0418 1.4384 0.0216 -0.0314 1.4420 0.0180 -0.0392 1.4429 0.0168 -0.0424 1.4469 0.0229 -0.0484 1.4402 0.0238 -0.0475 1.4434 0.0224 -0.0282 1.4383 0.0243 -0.0295 1.4388 0.0256 -0.0425 1.4572 0.0119 -0.0442 1.4539 0.0155 -0.0424 1.4569 0.0116 -0.0280 1.4385 0.0242 -0.0293 1.4390 0.0254 -0.0281 1.4417 0.0184 -0.0299 1.4435 0.0167 -0.0307 1.4454 0.0158 -0.0364 1.4457 0.0243 -0.0381 1.4465 0.0240 -0.0329 1.4404 0.0253 -0.0374 1.4517 0.0217 -0.0376 1.4487 0.0232 -0.0454 1.4427 0.0164 -0.0470 1.4399 0.0184 -0.0487 1.4378 0.0202 -0.0496 1.4369 0.0212 -0.0282 1.4383 0.0243 -0.0416 1.4488 0.0222 -0.0458 1.4497 0.0193 -0.0466 1.4469 0.0211 -0.0443 1.4539 0.0155 -0.0424 1.4553 0.0113 -0.0442 1.4451 0.0148 -0.0435 1.4482 0.0132 -0.0430 1.4513 0.0120 -0.0448 1.4525 0.0167 -0.0502 1.4367 0.0222 -0.0354 1.4526 0.0177 -0.0363 1.4527 0.0193 -0.0370 1.4527 0.0204 -0.0367 1.4527 0.0200" />
                  </IndexedFaceSet>
                </Shape>
                <Shape>
                  <Appearance USE="Bone" />
                  <IndexedFaceSet coordIndex="2 6 5 -1 0 7 8 -1 9 11 10 -1 12 13 14 -1 17 18 15 -1 20 21 1 -1 1 23 22 -1 15 24 25 -1 18 26 15 -1 1 27 28 -1 29 1 21 -1 13 31 3 -1 0 8 30 -1 0 32 7 -1 2 33 6 -1 3 31 4 -1 31 34 4 -1 15 35 9 -1 13 3 2 -1 2 15 13 -1 13 15 14 -1 15 9 10 -1 1 35 15 -1 1 16 27 -1 17 15 19 -1 3 33 2 -1 15 32 0 -1 15 36 32 -1 11 1 29 -1 1 11 35 -1 0 28 15 -1 27 15 28 -1 27 37 15 -1 15 38 39 -1 15 26 40 -1 19 15 25 -1 3 4 34 -1 23 0 41 -1 23 1 0 -1 41 0 42 -1 42 0 30 -1 24 15 37 -1 38 15 40 -1 1 39 16 -1 15 39 1 -1 1 28 0 -1 14 10 12 -1 36 2 5 -1 2 36 15 -1 15 10 14 -1 20 1 22 -1" creaseAngle="1.57">
                    <Coordinate point="-0.0293 1.4105 0.0445 -0.0271 1.4184 0.0417 -0.0267 1.4120 0.0421 -0.0130 1.4195 0.0360 -0.0128 1.4196 0.0360 -0.0124 1.4114 0.0403 -0.0133 1.4182 0.0364 -0.0160 1.4055 0.0498 -0.0146 1.4105 0.0488 -0.0196 1.4276 0.0334 -0.0182 1.4273 0.0327 -0.0191 1.4275 0.0333 -0.0165 1.4256 0.0333 -0.0255 1.4152 0.0406 -0.0166 1.4256 0.0331 -0.0331 1.4105 0.0435 -0.0512 1.4138 0.0447 -0.0471 1.4169 0.0385 -0.0474 1.4180 0.0388 -0.0479 1.4108 0.0401 -0.0154 1.4194 0.0435 -0.0177 1.4242 0.0385 -0.0153 1.4192 0.0436 -0.0151 1.4185 0.0442 -0.0524 1.4073 0.0456 -0.0500 1.4077 0.0429 -0.0480 1.4187 0.0398 -0.0523 1.4104 0.0461 -0.0332 1.4106 0.0460 -0.0186 1.4265 0.0354 -0.0148 1.4180 0.0448 -0.0136 1.4196 0.0358 -0.0173 1.4043 0.0476 -0.0133 1.4187 0.0363 -0.0130 1.4196 0.0361 -0.0195 1.4277 0.0333 -0.0141 1.4059 0.0437 -0.0528 1.4081 0.0461 -0.0485 1.4190 0.0407 -0.0496 1.4175 0.0425 -0.0485 1.4190 0.0406 -0.0151 1.4183 0.0444 -0.0148 1.4181 0.0447" />
                  </IndexedFaceSet>
                </Shape>
                <Shape>
                  <Appearance USE="Bone" />
                  <IndexedFaceSet coordIndex="0 1 2 -1 8 9 0 -1 4 12 11 -1 7 24 21 -1 25 26 22 -1 26 27 22 -1 28 29 30 -1 28 31 29 -1 33 34 35 -1 33 36 34 -1 28 25 16 -1 28 26 25 -1 14 7 38 -1 23 49 5 -1 20 46 5 -1 49 12 5 -1 17 16 7 -1 26 30 50 -1 26 28 30 -1 28 16 17 -1 20 48 46 -1 49 47 12 -1 49 23 47 -1 6 21 10 -1 15 4 14 -1 10 17 7 -1 5 12 4 -1 54 56 55 -1 57 44 58 -1 42 41 59 -1 42 60 45 -1 9 61 1 -1 9 62 61 -1 63 10 22 -1 63 64 10 -1 1 0 9 -1 68 6 3 -1 30 9 8 -1 34 70 69 -1 7 6 10 -1 54 18 19 -1 13 4 11 -1 38 7 14 -1 7 14 13 -1 6 7 3 -1 57 72 44 -1 32 72 57 -1 10 74 17 -1 3 7 13 -1 43 75 53 -1 78 58 44 -1 58 78 79 -1 80 32 57 -1 18 32 80 -1 65 60 51 -1 65 45 60 -1 56 51 52 -1 56 54 51 -1 2 39 83 -1 75 84 40 -1 75 76 84 -1 80 77 18 -1 84 79 85 -1 79 84 76 -1 0 86 87 -1 83 86 0 -1 35 88 87 -1 89 88 35 -1 27 73 22 -1 7 16 25 -1 22 73 63 -1 74 64 90 -1 64 74 10 -1 62 91 61 -1 62 92 91 -1 93 69 94 -1 93 37 69 -1 91 95 96 -1 95 91 94 -1 1 97 2 -1 97 1 61 -1 51 81 66 -1 98 51 60 -1 81 53 40 -1 82 53 81 -1 42 59 41 -1 39 85 99 -1 85 39 40 -1 88 30 8 -1 88 50 30 -1 42 18 77 -1 71 27 100 -1 73 27 71 -1 31 101 29 -1 90 101 31 -1 97 39 2 -1 97 67 39 -1 82 43 53 -1 82 41 43 -1 55 95 70 -1 95 55 56 -1 63 71 102 -1 63 73 71 -1 11 103 3 -1 47 103 12 -1 47 46 48 -1 3 103 68 -1 46 47 23 -1 5 46 23 -1 99 79 78 -1 85 79 99 -1 89 50 88 -1 89 100 50 -1 18 42 19 -1 72 36 44 -1 70 36 72 -1 101 92 62 -1 92 101 104 -1 52 66 67 -1 66 52 51 -1 96 56 52 -1 96 95 56 -1 64 102 104 -1 64 63 102 -1 5 21 68 -1 103 47 5 -1 5 68 103 -1 12 103 11 -1 47 48 20 -1 21 22 10 -1 104 93 92 -1 102 93 104 -1 82 98 60 -1 96 67 97 -1 67 96 52 -1 90 104 101 -1 90 64 104 -1 83 0 2 -1 29 9 30 -1 86 78 33 -1 78 86 99 -1 42 76 41 -1 21 6 68 -1 47 20 5 -1 5 4 21 -1 102 37 93 -1 102 71 37 -1 39 67 66 -1 29 62 9 -1 62 29 101 -1 15 21 4 -1 37 100 89 -1 37 71 100 -1 99 83 39 -1 86 83 99 -1 76 43 41 -1 76 75 43 -1 45 19 42 -1 60 41 82 -1 42 41 60 -1 51 82 81 -1 98 82 51 -1 19 65 54 -1 19 45 65 -1 40 66 81 -1 39 66 40 -1 61 96 97 -1 96 61 91 -1 94 70 95 -1 70 94 69 -1 92 94 91 -1 92 93 94 -1 17 90 31 -1 90 17 74 -1 7 15 14 -1 7 21 15 -1 25 24 7 -1 8 87 88 -1 8 0 87 -1 34 89 35 -1 37 89 34 -1 70 34 36 -1 87 33 35 -1 86 33 87 -1 85 40 84 -1 57 77 80 -1 57 58 77 -1 40 53 75 -1 100 26 50 -1 26 100 27 -1 22 24 25 -1 24 22 21 -1 54 65 51 -1 33 44 36 -1 44 33 78 -1 76 58 79 -1 77 58 76 -1 42 77 76 -1 55 32 54 -1 72 32 55 -1 28 17 31 -1 13 11 3 -1 13 14 4 -1 18 54 32 -1 55 70 72 -1 69 37 34 -1" creaseAngle="1.57">
                    <Coordinate point="-0.0822 1.4593 -0.0122 -0.0835 1.4584 -0.0126 -0.0823 1.4489 -0.0030 -0.0441 1.5106 -0.0552 -0.0374 1.5143 -0.0461 -0.0284 1.5102 -0.0423 -0.0502 1.5041 -0.0496 -0.0503 1.5095 -0.0491 -0.0788 1.4694 -0.0206 -0.0806 1.4668 -0.0218 -0.0521 1.5000 -0.0443 -0.0386 1.5161 -0.0531 -0.0333 1.5152 -0.0488 -0.0424 1.5159 -0.0545 -0.0424 1.5171 -0.0514 -0.0433 1.5116 -0.0450 -0.0563 1.5049 -0.0435 -0.0581 1.5005 -0.0462 -0.0528 1.4559 0.0103 -0.0486 1.4566 0.0108 -0.0186 1.5060 -0.0405 -0.0449 1.5084 -0.0428 -0.0499 1.5003 -0.0392 -0.0246 1.5157 -0.0456 -0.0468 1.5090 -0.0431 -0.0556 1.5052 -0.0423 -0.0629 1.4949 -0.0353 -0.0581 1.4954 -0.0329 -0.0665 1.4916 -0.0385 -0.0757 1.4777 -0.0315 -0.0749 1.4791 -0.0307 -0.0673 1.4883 -0.0395 -0.0580 1.4593 0.0048 -0.0717 1.4595 -0.0044 -0.0658 1.4721 -0.0145 -0.0716 1.4684 -0.0127 -0.0659 1.4649 -0.0061 -0.0631 1.4790 -0.0201 -0.0476 1.5146 -0.0490 -0.0752 1.4428 0.0062 -0.0690 1.4409 0.0113 -0.0516 1.4409 0.0196 -0.0495 1.4483 0.0166 -0.0547 1.4402 0.0200 -0.0638 1.4590 0.0019 -0.0487 1.4530 0.0103 -0.0195 1.5119 -0.0426 -0.0244 1.5093 -0.0458 -0.0220 1.5094 -0.0461 -0.0304 1.5156 -0.0474 -0.0699 1.4845 -0.0287 -0.0591 1.4488 0.0059 -0.0667 1.4509 0.0004 -0.0664 1.4391 0.0132 -0.0549 1.4591 0.0037 -0.0590 1.4637 -0.0020 -0.0613 1.4582 -0.0014 -0.0602 1.4573 0.0059 -0.0625 1.4546 0.0068 -0.0476 1.4447 0.0155 -0.0512 1.4473 0.0108 -0.0799 1.4586 -0.0132 -0.0766 1.4678 -0.0223 -0.0574 1.4907 -0.0332 -0.0601 1.4888 -0.0363 -0.0534 1.4546 0.0060 -0.0676 1.4441 0.0055 -0.0724 1.4459 0.0023 -0.0417 1.5076 -0.0507 -0.0640 1.4732 -0.0150 -0.0624 1.4674 -0.0078 -0.0598 1.4858 -0.0256 -0.0606 1.4619 0.0004 -0.0551 1.4933 -0.0313 -0.0557 1.4978 -0.0437 -0.0646 1.4398 0.0143 -0.0607 1.4465 0.0138 -0.0580 1.4498 0.0128 -0.0686 1.4534 0.0035 -0.0660 1.4502 0.0078 -0.0546 1.4555 0.0099 -0.0626 1.4428 0.0091 -0.0548 1.4406 0.0145 -0.0793 1.4521 -0.0027 -0.0627 1.4457 0.0130 -0.0688 1.4464 0.0087 -0.0762 1.4552 -0.0033 -0.0766 1.4641 -0.0121 -0.0736 1.4742 -0.0200 -0.0684 1.4771 -0.0197 -0.0637 1.4884 -0.0383 -0.0734 1.4621 -0.0146 -0.0706 1.4707 -0.0223 -0.0663 1.4747 -0.0215 -0.0674 1.4680 -0.0155 -0.0659 1.4617 -0.0078 -0.0715 1.4555 -0.0065 -0.0778 1.4512 -0.0048 -0.0565 1.4475 0.0079 -0.0724 1.4493 0.0047 -0.0633 1.4867 -0.0268 -0.0721 1.4774 -0.0312 -0.0630 1.4827 -0.0274 -0.0317 1.5106 -0.0485 -0.0671 1.4792 -0.0297" />
                  </IndexedFaceSet>
                </Shape>
                <Shape>
                  <Appearance USE="Bone" />
                  <IndexedFaceSet coordIndex="0 1 2 -1 16 3 18 -1 3 17 18 -1 17 18 19 -1 22 15 7 -1 29 39 30 -1 29 40 39 -1 7 41 22 -1 42 32 13 -1 43 44 5 -1 43 31 44 -1 6 23 24 -1 24 45 6 -1 12 46 10 -1 12 30 46 -1 8 47 10 -1 8 21 47 -1 9 21 8 -1 9 22 21 -1 7 9 14 -1 45 25 48 -1 45 24 25 -1 49 13 32 -1 49 50 13 -1 51 13 52 -1 51 0 13 -1 18 3 16 -1 7 14 58 -1 56 19 5 -1 2 1 61 -1 28 54 53 -1 67 54 28 -1 51 52 26 -1 27 52 68 -1 22 55 21 -1 22 41 55 -1 17 19 18 -1 17 43 19 -1 70 44 71 -1 23 44 70 -1 19 71 17 -1 72 19 57 -1 55 46 73 -1 46 55 69 -1 7 14 41 -1 7 58 14 -1 21 73 47 -1 21 55 73 -1 33 40 34 -1 33 39 40 -1 54 36 35 -1 54 67 36 -1 60 38 37 -1 38 60 59 -1 28 59 60 -1 74 59 28 -1 40 53 54 -1 40 29 53 -1 75 76 77 -1 77 23 70 -1 24 23 77 -1 75 57 61 -1 72 57 75 -1 76 0 51 -1 59 49 38 -1 59 50 49 -1 76 1 0 -1 50 74 27 -1 50 59 74 -1 66 2 48 -1 66 0 2 -1 57 45 61 -1 45 57 6 -1 48 26 66 -1 48 25 26 -1 65 27 64 -1 63 28 62 -1 53 11 78 -1 53 29 11 -1 69 9 8 -1 69 14 9 -1 15 9 7 -1 33 11 12 -1 33 34 11 -1 35 62 78 -1 35 36 62 -1 38 63 37 -1 63 38 64 -1 32 65 49 -1 32 42 65 -1 64 49 65 -1 64 38 49 -1 37 62 36 -1 62 37 63 -1 78 34 35 -1 11 34 78 -1 12 47 33 -1 10 47 12 -1 46 8 10 -1 46 69 8 -1 29 12 11 -1 29 30 12 -1 53 62 28 -1 62 53 78 -1 28 64 27 -1 64 28 63 -1 42 27 65 -1 42 52 27 -1 66 52 42 -1 66 26 52 -1 5 23 6 -1 5 44 23 -1 31 43 17 -1 5 57 56 -1 57 5 6 -1 61 48 2 -1 48 61 45 -1 13 0 66 -1 27 13 50 -1 68 13 27 -1 13 68 52 -1 61 76 75 -1 61 1 76 -1 77 72 75 -1 77 70 72 -1 25 77 76 -1 25 24 77 -1 60 67 28 -1 74 28 27 -1 37 67 60 -1 36 67 37 -1 54 34 40 -1 34 54 35 -1 47 39 33 -1 47 73 39 -1 41 69 55 -1 69 41 14 -1 30 73 46 -1 30 39 73 -1 31 71 44 -1 31 17 71 -1 72 71 19 -1 70 71 72 -1 3 18 17 -1 20 4 3 -1 4 20 3 -1 43 5 19 -1 9 15 22 -1 76 26 25 -1 76 51 26 -1 42 13 66 -1 57 19 56 -1" creaseAngle="1.57">
                    <Coordinate point="-0.1014 1.4534 -0.0537 -0.0937 1.4620 -0.0603 -0.0936 1.4606 -0.0622 -0.0278 1.4934 -0.0544 -0.0240 1.4915 -0.0517 -0.0589 1.4863 -0.0697 -0.0711 1.4790 -0.0675 -0.0525 1.4144 0.0405 -0.0719 1.4128 0.0308 -0.0643 1.4123 0.0345 -0.0839 1.4134 0.0243 -0.1039 1.4159 0.0087 -0.0943 1.4144 0.0175 -0.1082 1.4452 -0.0439 -0.0622 1.4190 0.0346 -0.0559 1.4106 0.0431 -0.0289 1.4935 -0.0555 -0.0451 1.4967 -0.0648 -0.0311 1.4958 -0.0580 -0.0479 1.4956 -0.0700 -0.0162 1.4885 -0.0416 -0.0771 1.4094 0.0334 -0.0690 1.4092 0.0380 -0.0708 1.4812 -0.0620 -0.0787 1.4735 -0.0580 -0.0870 1.4633 -0.0510 -0.0947 1.4561 -0.0459 -0.1047 1.4389 -0.0275 -0.1058 1.4305 -0.0135 -0.0977 1.4216 0.0086 -0.0901 1.4193 0.0176 -0.0519 1.4917 -0.0625 -0.1139 1.4389 -0.0425 -0.1012 1.4106 0.0186 -0.1104 1.4125 0.0097 -0.1155 1.4155 -0.0010 -0.1183 1.4195 -0.0102 -0.1192 1.4226 -0.0176 -0.1198 1.4278 -0.0275 -0.0971 1.4162 0.0190 -0.1047 1.4177 0.0092 -0.0669 1.4141 0.0380 -0.1068 1.4434 -0.0433 -0.0499 1.4891 -0.0685 -0.0609 1.4879 -0.0632 -0.0806 1.4708 -0.0628 -0.0797 1.4188 0.0248 -0.0905 1.4098 0.0259 -0.0910 1.4606 -0.0568 -0.1188 1.4329 -0.0351 -0.1152 1.4361 -0.0318 -0.0971 1.4566 -0.0474 -0.1003 1.4478 -0.0381 -0.1010 1.4258 -0.0015 -0.1104 1.4207 -0.0008 -0.0746 1.4143 0.0338 -0.0560 1.4894 -0.0736 -0.0711 1.4807 -0.0737 -0.0542 1.4143 0.0410 -0.1160 1.4317 -0.0252 -0.1155 1.4265 -0.0163 -0.0824 1.4711 -0.0693 -0.1121 1.4223 -0.0099 -0.1138 1.4257 -0.0171 -0.1137 1.4303 -0.0265 -0.1119 1.4352 -0.0328 -0.0987 1.4523 -0.0506 -0.1131 1.4244 -0.0090 -0.1067 1.4439 -0.0358 -0.0690 1.4188 0.0311 -0.0724 1.4845 -0.0655 -0.0599 1.4929 -0.0670 -0.0722 1.4844 -0.0703 -0.0869 1.4152 0.0265 -0.1098 1.4320 -0.0189 -0.0829 1.4749 -0.0655 -0.0929 1.4633 -0.0574 -0.0813 1.4761 -0.0608 -0.1091 1.4190 -0.0019" />
                  </IndexedFaceSet>
                </Shape>
                <Shape>
                  <Appearance USE="Bone" />
                  <IndexedFaceSet coordIndex="4 5 6 -1 7 9 8 -1 10 12 11 -1 0 22 15 -1 24 1 23 -1 26 11 25 -1 27 12 28 -1 31 32 30 -1 9 33 34 -1 35 36 37 -1 39 40 38 -1 41 42 43 -1 46 44 47 -1 46 45 44 -1 49 50 42 -1 16 1 17 -1 52 53 57 -1 53 58 57 -1 7 8 29 -1 59 6 51 -1 59 4 6 -1 8 60 51 -1 8 61 60 -1 60 62 63 -1 60 64 62 -1 36 67 68 -1 36 11 67 -1 67 26 56 -1 55 69 70 -1 69 71 70 -1 52 4 59 -1 52 57 4 -1 53 52 72 -1 52 73 72 -1 73 71 74 -1 74 75 73 -1 76 77 72 -1 72 75 76 -1 54 78 58 -1 3 79 2 -1 77 76 20 -1 2 80 81 -1 2 79 80 -1 20 22 82 -1 20 0 83 -1 19 17 1 -1 17 23 16 -1 0 17 21 -1 21 83 0 -1 20 81 80 -1 80 79 78 -1 78 20 80 -1 54 77 20 -1 74 2 84 -1 74 3 2 -1 71 3 74 -1 71 69 3 -1 4 85 55 -1 85 69 55 -1 70 73 62 -1 70 71 73 -1 68 56 86 -1 68 67 56 -1 61 64 60 -1 61 87 64 -1 45 46 13 -1 58 53 54 -1 0 20 82 -1 14 38 40 -1 40 91 14 -1 91 50 14 -1 92 93 33 -1 42 41 94 -1 41 95 94 -1 88 33 32 -1 33 30 32 -1 14 49 48 -1 49 96 48 -1 18 23 1 -1 16 23 18 -1 1 15 22 -1 21 17 22 -1 17 19 22 -1 19 1 22 -1 16 18 1 -1 15 1 0 -1 74 76 75 -1 84 76 74 -1 97 98 28 -1 99 98 97 -1 20 21 22 -1 100 45 101 -1 100 44 45 -1 7 33 9 -1 33 7 30 -1 95 88 32 -1 41 88 95 -1 96 42 94 -1 49 42 96 -1 42 50 105 -1 90 88 43 -1 88 90 92 -1 106 65 107 -1 66 65 106 -1 108 47 109 -1 46 47 108 -1 105 89 90 -1 91 105 50 -1 91 89 105 -1 40 89 91 -1 90 110 111 -1 90 89 110 -1 94 103 102 -1 103 94 95 -1 111 107 112 -1 111 106 107 -1 47 99 66 -1 47 44 99 -1 14 48 38 -1 24 0 1 -1 0 23 17 -1 0 24 23 -1 13 46 108 -1 104 13 48 -1 13 104 101 -1 96 102 104 -1 94 102 96 -1 93 34 33 -1 112 93 92 -1 112 113 93 -1 114 61 34 -1 114 87 61 -1 86 87 68 -1 86 64 87 -1 113 36 114 -1 113 37 36 -1 10 65 97 -1 65 10 35 -1 56 70 86 -1 56 55 70 -1 31 27 28 -1 27 31 30 -1 26 7 29 -1 25 7 26 -1 56 4 55 -1 5 4 56 -1 62 73 63 -1 58 69 85 -1 58 3 69 -1 54 20 78 -1 21 20 81 -1 82 22 0 -1 20 21 81 -1 20 83 21 -1 84 2 81 -1 78 3 58 -1 78 79 3 -1 54 72 77 -1 72 54 53 -1 72 73 75 -1 58 85 57 -1 63 52 59 -1 63 73 52 -1 5 26 29 -1 26 5 56 -1 30 25 27 -1 30 7 25 -1 28 103 31 -1 28 98 103 -1 67 11 26 -1 35 11 36 -1 35 10 11 -1 97 66 99 -1 66 97 65 -1 37 112 107 -1 113 112 37 -1 114 68 87 -1 68 114 36 -1 86 62 64 -1 70 62 86 -1 34 113 114 -1 93 113 34 -1 108 110 39 -1 108 109 110 -1 60 59 51 -1 63 59 60 -1 6 8 51 -1 96 104 48 -1 39 13 108 -1 13 39 38 -1 38 48 13 -1 49 14 50 -1 102 98 100 -1 98 102 103 -1 88 41 43 -1 103 95 32 -1 110 106 111 -1 110 109 106 -1 92 111 112 -1 92 90 111 -1 89 39 110 -1 89 40 39 -1 109 66 106 -1 47 66 109 -1 35 107 65 -1 35 37 107 -1 34 8 9 -1 8 34 61 -1 92 33 88 -1 43 105 90 -1 43 42 105 -1 100 104 102 -1 100 101 104 -1 103 32 31 -1 101 45 13 -1 99 100 98 -1 100 99 44 -1 27 11 12 -1 27 25 11 -1 10 28 12 -1 97 28 10 -1 57 85 4 -1 5 8 6 -1 5 29 8 -1 76 81 20 -1 81 76 84 -1" creaseAngle="1.57">
                    <Coordinate point="-0.0384 1.4697 -0.0761 -0.0296 1.4717 -0.0663 -0.0692 1.4632 -0.0720 -0.0861 1.4508 -0.0667 -0.1271 1.4088 -0.0404 -0.1295 1.4012 -0.0243 -0.1319 1.3999 -0.0250 -0.1171 1.3900 0.0037 -0.1277 1.3936 -0.0082 -0.1198 1.3868 0.0050 -0.1070 1.3965 0.0121 -0.1135 1.3969 0.0053 -0.1075 1.3958 0.0117 -0.0599 1.3818 0.0546 -0.0614 1.3707 0.0586 -0.0376 1.4709 -0.0774 -0.0298 1.4718 -0.0649 -0.0397 1.4682 -0.0720 -0.0271 1.4706 -0.0637 -0.0336 1.4745 -0.0658 -0.0568 1.4668 -0.0782 -0.0441 1.4703 -0.0699 -0.0416 1.4736 -0.0706 -0.0290 1.4690 -0.0651 -0.0302 1.4675 -0.0721 -0.1143 1.3954 0.0043 -0.1231 1.3993 -0.0082 -0.1093 1.3926 0.0106 -0.0971 1.3914 0.0229 -0.1262 1.3941 -0.0091 -0.1115 1.3877 0.0114 -0.0998 1.3854 0.0242 -0.1000 1.3837 0.0246 -0.1135 1.3859 0.0129 -0.1197 1.3896 0.0063 -0.1089 1.3963 0.0135 -0.1160 1.3978 0.0067 -0.1109 1.3947 0.0143 -0.0617 1.3769 0.0563 -0.0711 1.3808 0.0509 -0.0713 1.3779 0.0515 -0.0933 1.3779 0.0325 -0.0835 1.3744 0.0412 -0.0939 1.3794 0.0326 -0.0771 1.3929 0.0361 -0.0646 1.3894 0.0452 -0.0677 1.3895 0.0468 -0.0802 1.3921 0.0381 -0.0580 1.3718 0.0569 -0.0703 1.3699 0.0520 -0.0705 1.3705 0.0521 -0.1352 1.3988 -0.0253 -0.1095 1.4277 -0.0653 -0.0857 1.4462 -0.0782 -0.0672 1.4586 -0.0809 -0.1245 1.4138 -0.0357 -0.1271 1.4052 -0.0206 -0.1077 1.4290 -0.0627 -0.0849 1.4474 -0.0734 -0.1302 1.4073 -0.0428 -0.1353 1.4007 -0.0232 -0.1293 1.3932 -0.0073 -0.1297 1.4116 -0.0386 -0.1306 1.4094 -0.0403 -0.1336 1.4026 -0.0215 -0.0978 1.3946 0.0237 -0.0907 1.3935 0.0305 -0.1221 1.4013 -0.0064 -0.1246 1.4010 -0.0043 -0.1062 1.4328 -0.0559 -0.1279 1.4135 -0.0362 -0.1073 1.4332 -0.0554 -0.0877 1.4484 -0.0751 -0.1111 1.4309 -0.0599 -0.0869 1.4518 -0.0665 -0.0880 1.4502 -0.0716 -0.0697 1.4631 -0.0760 -0.0678 1.4615 -0.0795 -0.0673 1.4582 -0.0773 -0.0686 1.4598 -0.0721 -0.0595 1.4656 -0.0728 -0.0587 1.4689 -0.0741 -0.0433 1.4721 -0.0745 -0.0416 1.4679 -0.0754 -0.0697 1.4637 -0.0724 -0.1054 1.4300 -0.0602 -0.1308 1.4051 -0.0197 -0.1277 1.3979 -0.0051 -0.1005 1.3806 0.0260 -0.0843 1.3804 0.0414 -0.0943 1.3812 0.0327 -0.0712 1.3748 0.0520 -0.1016 1.3834 0.0260 -0.1136 1.3875 0.0134 -0.0824 1.3774 0.0401 -0.0929 1.3801 0.0316 -0.0689 1.3730 0.0503 -0.0948 1.3950 0.0231 -0.0893 1.3904 0.0290 -0.0871 1.3941 0.0288 -0.0780 1.3885 0.0369 -0.0651 1.3859 0.0455 -0.0807 1.3815 0.0387 -0.0918 1.3839 0.0306 -0.0674 1.3775 0.0483 -0.0841 1.3776 0.0414 -0.0933 1.3906 0.0317 -0.1007 1.3917 0.0249 -0.0701 1.3858 0.0490 -0.0826 1.3889 0.0398 -0.0842 1.3846 0.0410 -0.0948 1.3870 0.0327 -0.1024 1.3892 0.0256 -0.1126 1.3920 0.0145 -0.1188 1.3942 0.0073" />
                  </IndexedFaceSet>
                </Shape>
                <Shape>
                  <Appearance USE="Bone" />
                  <IndexedFaceSet coordIndex="5 6 3 -1 10 11 12 -1 10 13 11 -1 14 15 16 -1 14 17 15 -1 17 18 19 -1 17 20 18 -1 21 22 23 -1 28 19 18 -1 28 29 19 -1 25 24 32 -1 33 32 24 -1 38 34 3 -1 5 37 34 -1 40 21 39 -1 41 8 42 -1 41 9 8 -1 29 43 44 -1 43 45 44 -1 47 48 46 -1 54 53 55 -1 57 58 4 -1 57 52 58 -1 55 53 2 -1 2 59 55 -1 5 34 6 -1 7 5 6 -1 3 34 37 -1 35 34 38 -1 35 2 6 -1 56 11 55 -1 11 54 55 -1 57 61 12 -1 12 52 57 -1 12 11 56 -1 56 52 12 -1 10 39 62 -1 10 40 39 -1 15 44 16 -1 44 63 16 -1 19 29 15 -1 29 44 15 -1 64 65 66 -1 64 45 65 -1 42 31 67 -1 42 8 31 -1 3 5 60 -1 34 35 6 -1 20 39 49 -1 20 17 39 -1 71 49 51 -1 71 20 49 -1 49 21 23 -1 53 61 57 -1 53 22 61 -1 6 2 3 -1 62 72 51 -1 61 40 12 -1 21 40 61 -1 50 54 11 -1 51 72 71 -1 21 49 39 -1 28 43 29 -1 43 28 1 -1 25 33 24 -1 60 5 3 -1 69 33 74 -1 75 32 76 -1 68 25 77 -1 33 78 74 -1 30 76 69 -1 79 75 80 -1 79 77 75 -1 68 81 78 -1 81 68 70 -1 67 30 82 -1 30 67 31 -1 83 30 84 -1 83 80 30 -1 79 26 70 -1 26 79 85 -1 86 82 81 -1 67 82 86 -1 27 85 65 -1 27 26 85 -1 0 67 86 -1 42 67 0 -1 84 66 83 -1 66 84 8 -1 27 1 0 -1 66 9 64 -1 66 8 9 -1 1 48 41 -1 48 1 28 -1 64 44 45 -1 44 64 63 -1 63 73 16 -1 63 47 73 -1 20 46 18 -1 71 46 20 -1 72 73 46 -1 14 39 17 -1 39 14 62 -1 62 13 10 -1 52 36 58 -1 52 56 36 -1 58 38 4 -1 2 36 59 -1 36 2 35 -1 35 58 36 -1 38 58 35 -1 6 5 7 -1 56 59 36 -1 56 55 59 -1 53 54 22 -1 23 51 49 -1 50 51 23 -1 72 62 14 -1 46 71 72 -1 47 46 73 -1 18 48 28 -1 46 48 18 -1 64 47 63 -1 64 9 47 -1 9 48 47 -1 9 41 48 -1 1 42 0 -1 41 42 1 -1 65 43 27 -1 43 65 45 -1 83 65 85 -1 65 83 66 -1 8 84 31 -1 27 86 26 -1 0 86 27 -1 81 26 86 -1 81 70 26 -1 80 85 79 -1 85 80 83 -1 30 31 84 -1 74 81 82 -1 74 78 81 -1 70 77 79 -1 70 68 77 -1 76 80 75 -1 80 76 30 -1 82 69 74 -1 30 69 82 -1 32 77 25 -1 77 32 75 -1 69 32 33 -1 76 32 69 -1 5 3 37 -1 3 4 38 -1 51 13 62 -1 13 51 50 -1 1 27 43 -1 78 25 68 -1 25 78 33 -1 4 3 2 -1 22 50 23 -1 50 22 54 -1 15 17 19 -1 73 14 16 -1 72 14 73 -1 10 12 40 -1 50 11 13 -1 2 57 4 -1 2 53 57 -1 61 22 21 -1" creaseAngle="1.57">
                    <Coordinate point="-0.1135 1.3573 0.0271 -0.1290 1.3656 0.0089 -0.0549 1.4452 -0.0884 -0.0380 1.4525 -0.0864 -0.0535 1.4454 -0.0909 -0.0250 1.4488 -0.0748 -0.0397 1.4528 -0.0833 -0.0209 1.4485 -0.0708 -0.1094 1.3669 0.0301 -0.1233 1.3741 0.0139 -0.1224 1.4121 -0.0659 -0.1017 1.4260 -0.0750 -0.1034 1.4254 -0.0806 -0.1201 1.4125 -0.0626 -0.1399 1.3915 -0.0364 -0.1432 1.3818 -0.0224 -0.1411 1.3843 -0.0199 -0.1399 1.3881 -0.0400 -0.1402 1.3795 -0.0235 -0.1412 1.3792 -0.0240 -0.1379 1.3876 -0.0395 -0.1198 1.4072 -0.0696 -0.1015 1.4209 -0.0791 -0.1195 1.4076 -0.0684 -0.0651 1.3345 0.0689 -0.0668 1.3311 0.0699 -0.1031 1.3427 0.0442 -0.1167 1.3533 0.0289 -0.1363 1.3728 -0.0066 -0.1373 1.3724 -0.0065 -0.0869 1.3544 0.0519 -0.0955 1.3609 0.0422 -0.0649 1.3370 0.0680 -0.0653 1.3351 0.0672 -0.0365 1.4537 -0.0848 -0.0505 1.4531 -0.0851 -0.0574 1.4512 -0.0862 -0.0348 1.4516 -0.0852 -0.0518 1.4525 -0.0890 -0.1342 1.3965 -0.0556 -0.1222 1.4095 -0.0691 -0.1226 1.3715 0.0102 -0.1094 1.3644 0.0277 -0.1299 1.3650 0.0090 -0.1382 1.3748 -0.0033 -0.1292 1.3673 0.0128 -0.1357 1.3844 -0.0184 -0.1323 1.3794 -0.0007 -0.1307 1.3771 -0.0049 -0.1325 1.3961 -0.0557 -0.1195 1.4118 -0.0628 -0.1315 1.4002 -0.0486 -0.0732 1.4423 -0.0911 -0.0742 1.4383 -0.0871 -0.1010 1.4241 -0.0744 -0.0744 1.4385 -0.0860 -0.0753 1.4438 -0.0862 -0.0727 1.4372 -0.0930 -0.0608 1.4479 -0.0917 -0.0590 1.4442 -0.0877 -0.0312 1.4463 -0.0838 -0.1014 1.4202 -0.0829 -0.1335 1.4003 -0.0496 -0.1357 1.3774 -0.0018 -0.1270 1.3708 0.0141 -0.1158 1.3575 0.0315 -0.1133 1.3617 0.0315 -0.0966 1.3569 0.0414 -0.0801 1.3299 0.0634 -0.0717 1.3477 0.0605 -0.0932 1.3365 0.0534 -0.1342 1.3911 -0.0333 -0.1358 1.3919 -0.0332 -0.1369 1.3854 -0.0173 -0.0734 1.3430 0.0596 -0.0777 1.3402 0.0640 -0.0748 1.3455 0.0626 -0.0798 1.3335 0.0645 -0.0762 1.3350 0.0613 -0.0933 1.3404 0.0545 -0.0909 1.3480 0.0536 -0.0902 1.3417 0.0511 -0.0875 1.3508 0.0500 -0.0999 1.3533 0.0457 -0.0978 1.3586 0.0447 -0.1029 1.3470 0.0448 -0.0999 1.3482 0.0416" />
                  </IndexedFaceSet>
                </Shape>
                <Shape>
                  <Appearance USE="Bone" />
                  <IndexedFaceSet coordIndex="1 3 2 -1 10 2 3 -1 11 12 13 -1 16 17 18 -1 16 19 17 -1 20 21 22 -1 20 23 21 -1 24 18 25 -1 28 11 27 -1 5 4 26 -1 35 36 37 -1 36 38 37 -1 12 28 39 -1 28 35 39 -1 41 42 43 -1 43 44 41 -1 45 46 47 -1 46 48 47 -1 47 48 49 -1 48 44 49 -1 14 45 50 -1 51 24 25 -1 0 4 31 -1 31 4 0 -1 5 25 4 -1 30 53 14 -1 53 15 14 -1 44 43 54 -1 54 49 44 -1 28 27 35 -1 27 36 35 -1 36 55 38 -1 55 56 38 -1 57 34 58 -1 57 33 34 -1 3 6 7 -1 59 9 42 -1 60 5 26 -1 32 0 31 -1 31 0 32 -1 46 45 61 -1 52 60 26 -1 24 21 18 -1 24 51 21 -1 23 18 21 -1 23 62 18 -1 63 47 49 -1 63 64 47 -1 30 66 29 -1 30 14 66 -1 15 45 14 -1 61 67 13 -1 40 53 43 -1 2 27 68 -1 68 27 11 -1 40 42 8 -1 40 43 42 -1 13 12 61 -1 61 15 67 -1 19 66 65 -1 45 64 50 -1 64 45 47 -1 71 14 50 -1 66 14 71 -1 54 63 49 -1 30 63 54 -1 62 16 18 -1 51 22 21 -1 51 17 22 -1 52 17 60 -1 12 46 61 -1 27 2 10 -1 25 26 4 -1 20 71 72 -1 71 20 65 -1 73 70 7 -1 69 70 73 -1 70 74 7 -1 74 70 69 -1 3 7 75 -1 1 7 6 -1 73 7 1 -1 57 69 33 -1 55 74 56 -1 55 75 74 -1 38 57 58 -1 38 56 57 -1 55 27 10 -1 55 36 27 -1 68 33 2 -1 34 33 68 -1 9 58 34 -1 59 58 9 -1 13 9 11 -1 8 9 13 -1 37 39 35 -1 41 39 37 -1 15 40 67 -1 53 40 15 -1 54 43 53 -1 30 76 63 -1 30 29 76 -1 72 23 20 -1 23 72 76 -1 16 66 19 -1 16 29 66 -1 17 51 60 -1 25 17 52 -1 18 17 25 -1 51 25 5 -1 51 5 60 -1 25 52 26 -1 65 66 71 -1 76 62 23 -1 62 76 29 -1 64 76 72 -1 64 63 76 -1 30 54 53 -1 50 72 71 -1 50 64 72 -1 61 45 15 -1 48 41 44 -1 48 39 41 -1 67 8 13 -1 40 8 67 -1 46 39 48 -1 46 12 39 -1 59 41 37 -1 59 42 41 -1 58 37 38 -1 37 58 59 -1 11 34 68 -1 9 34 11 -1 73 2 33 -1 73 1 2 -1 10 75 55 -1 10 3 75 -1 69 56 74 -1 56 69 57 -1 33 69 73 -1 75 7 74 -1 16 62 29 -1 28 12 11 -1 22 65 20 -1 65 22 17 -1 19 65 17 -1 9 8 42 -1 6 3 1 -1" creaseAngle="1.57">
                    <Coordinate point="-0.0340 1.4303 -0.0875 -0.0827 1.3068 0.0641 -0.1007 1.3178 0.0485 -0.0833 1.3057 0.0642 -0.0349 1.4316 -0.0894 -0.0478 1.4317 -0.0939 -0.0700 1.3044 0.0733 -0.0711 1.3057 0.0733 -0.1418 1.3696 -0.0188 -0.1317 1.3564 0.0090 -0.1014 1.3170 0.0486 -0.1351 1.3469 0.0039 -0.1464 1.3628 -0.0266 -0.1451 1.3636 -0.0259 -0.1291 1.3893 -0.0726 -0.1373 1.3821 -0.0580 -0.1038 1.4099 -0.0824 -0.0739 1.4193 -0.0984 -0.0829 1.4201 -0.0906 -0.1004 1.4062 -0.0888 -0.1021 1.4082 -0.0921 -0.0829 1.4225 -0.0931 -0.0763 1.4219 -0.0980 -0.1041 1.4104 -0.0886 -0.0794 1.4231 -0.0919 -0.0586 1.4285 -0.0932 -0.0467 1.4276 -0.0966 -0.1172 1.3298 0.0307 -0.1364 1.3464 0.0038 -0.1203 1.4013 -0.0746 -0.1315 1.3932 -0.0651 -0.0194 1.4261 -0.0741 -0.0168 1.4246 -0.0726 -0.0979 1.3294 0.0499 -0.1123 1.3408 0.0330 -0.1381 1.3493 0.0071 -0.1191 1.3330 0.0330 -0.1365 1.3528 0.0090 -0.1168 1.3377 0.0336 -0.1496 1.3643 -0.0225 -0.1420 1.3785 -0.0405 -0.1482 1.3673 -0.0198 -0.1435 1.3698 -0.0182 -0.1440 1.3786 -0.0403 -0.1473 1.3771 -0.0435 -0.1391 1.3807 -0.0626 -0.1452 1.3730 -0.0494 -0.1422 1.3825 -0.0626 -0.1482 1.3749 -0.0468 -0.1424 1.3846 -0.0584 -0.1294 1.3887 -0.0748 -0.0683 1.4257 -0.0984 -0.0605 1.4241 -0.0961 -0.1383 1.3850 -0.0536 -0.1405 1.3857 -0.0534 -0.1036 1.3197 0.0495 -0.1018 1.3252 0.0507 -0.0978 1.3299 0.0510 -0.1142 1.3422 0.0333 -0.1326 1.3569 0.0095 -0.0630 1.4250 -0.0994 -0.1446 1.3733 -0.0489 -0.1048 1.4112 -0.0830 -0.1335 1.3925 -0.0705 -0.1324 1.3903 -0.0746 -0.0998 1.4058 -0.0911 -0.1162 1.3975 -0.0825 -0.1420 1.3753 -0.0456 -0.1155 1.3306 0.0303 -0.0789 1.3178 0.0671 -0.0708 1.3091 0.0730 -0.1159 1.3969 -0.0848 -0.1192 1.3986 -0.0845 -0.0788 1.3148 0.0648 -0.0829 1.3130 0.0673 -0.0854 1.3077 0.0657 -0.1211 1.4007 -0.0804" />
                  </IndexedFaceSet>
                </Shape>
                <Shape>
                  <Appearance USE="Bone" />
                  <IndexedFaceSet coordIndex="7 8 9 -1 12 13 6 -1 17 18 19 -1 17 20 18 -1 27 28 29 -1 27 30 28 -1 35 11 10 -1 32 36 10 -1 33 5 37 -1 33 4 5 -1 40 41 8 -1 40 42 41 -1 45 22 46 -1 45 21 22 -1 40 7 24 -1 40 8 7 -1 44 34 35 -1 6 1 2 -1 48 0 1 -1 43 49 42 -1 9 50 51 -1 51 26 9 -1 52 53 54 -1 51 50 46 -1 50 45 46 -1 51 55 56 -1 51 46 55 -1 56 18 58 -1 56 55 18 -1 27 31 59 -1 62 63 60 -1 62 64 63 -1 64 65 66 -1 64 62 65 -1 67 66 68 -1 68 69 67 -1 70 10 48 -1 0 48 47 -1 6 2 10 -1 16 66 65 -1 16 68 66 -1 37 72 33 -1 62 73 65 -1 62 74 73 -1 60 75 61 -1 60 63 75 -1 76 30 77 -1 77 78 76 -1 27 79 31 -1 27 80 79 -1 20 61 75 -1 81 30 76 -1 81 28 30 -1 58 18 20 -1 20 80 58 -1 17 19 76 -1 19 81 76 -1 25 58 29 -1 25 56 58 -1 26 56 25 -1 26 51 56 -1 54 53 21 -1 53 22 21 -1 15 54 21 -1 15 82 54 -1 23 40 24 -1 2 48 10 -1 35 13 71 -1 35 6 13 -1 13 16 71 -1 16 44 71 -1 43 14 83 -1 52 82 84 -1 52 54 82 -1 37 85 86 -1 37 5 85 -1 14 15 83 -1 47 48 2 -1 43 3 14 -1 11 32 10 -1 35 34 11 -1 77 86 85 -1 86 77 59 -1 3 88 14 -1 88 84 82 -1 84 88 89 -1 90 83 15 -1 83 90 49 -1 89 39 84 -1 38 39 89 -1 43 83 49 -1 32 11 34 -1 23 24 38 -1 9 41 50 -1 8 41 9 -1 92 84 39 -1 84 92 52 -1 25 93 26 -1 93 25 94 -1 22 95 57 -1 22 53 95 -1 29 94 25 -1 94 29 28 -1 58 27 29 -1 58 80 27 -1 20 79 80 -1 20 75 79 -1 17 78 61 -1 17 76 78 -1 96 75 63 -1 96 79 75 -1 85 78 77 -1 85 97 78 -1 98 87 96 -1 98 72 87 -1 97 74 60 -1 99 74 97 -1 72 86 87 -1 72 37 86 -1 73 99 100 -1 74 99 73 -1 67 72 98 -1 72 67 33 -1 65 44 16 -1 65 73 44 -1 100 44 73 -1 13 68 16 -1 68 13 12 -1 6 36 12 -1 6 10 36 -1 1 6 35 -1 47 1 0 -1 47 2 1 -1 70 35 10 -1 70 1 35 -1 35 71 44 -1 12 69 68 -1 69 12 36 -1 44 4 34 -1 44 100 4 -1 32 67 69 -1 33 67 32 -1 64 67 98 -1 64 66 67 -1 4 99 5 -1 99 4 100 -1 97 5 99 -1 5 97 85 -1 74 62 60 -1 98 63 64 -1 98 96 63 -1 59 87 86 -1 59 31 87 -1 97 61 78 -1 97 60 61 -1 31 96 87 -1 96 31 79 -1 95 28 81 -1 95 94 28 -1 57 18 55 -1 81 57 95 -1 57 81 19 -1 53 94 95 -1 93 94 53 -1 22 55 46 -1 57 55 22 -1 92 26 93 -1 92 9 26 -1 7 92 39 -1 7 9 92 -1 90 50 41 -1 90 45 50 -1 38 91 23 -1 91 38 89 -1 48 1 70 -1 39 24 7 -1 24 39 38 -1 14 82 15 -1 88 82 14 -1 49 41 42 -1 49 90 41 -1 15 45 90 -1 15 21 45 -1 3 23 91 -1 23 3 43 -1 43 40 23 -1 43 42 40 -1 3 89 88 -1 89 3 91 -1 34 33 32 -1 34 4 33 -1 59 30 27 -1 59 77 30 -1 36 32 69 -1 57 19 18 -1 61 20 17 -1 52 93 53 -1 52 92 93 -1" creaseAngle="1.57">
                    <Coordinate point="-0.0184 1.4008 -0.0771 -0.0273 1.4039 -0.0884 -0.0280 1.4016 -0.0895 -0.0818 1.2811 0.0689 -0.0755 1.4002 -0.1054 -0.0930 1.3926 -0.0999 -0.0324 1.4060 -0.0938 -0.1112 1.2854 0.0513 -0.1104 1.2879 0.0531 -0.1291 1.3010 0.0309 -0.0324 1.4032 -0.0942 -0.0356 1.4013 -0.0942 -0.0528 1.4103 -0.1074 -0.0543 1.4126 -0.1041 -0.0948 1.2924 0.0630 -0.1061 1.3002 0.0555 -0.0664 1.4110 -0.1061 -0.1436 1.3663 -0.0574 -0.1485 1.3546 -0.0374 -0.1471 1.3551 -0.0370 -0.1448 1.3657 -0.0583 -0.1240 1.3151 0.0342 -0.1368 1.3294 0.0118 -0.0853 1.2720 0.0656 -0.1004 1.2779 0.0576 -0.1478 1.3303 -0.0178 -0.1402 1.3160 0.0063 -0.1403 1.3592 -0.0657 -0.1439 1.3471 -0.0424 -0.1483 1.3454 -0.0437 -0.1374 1.3606 -0.0625 -0.1315 1.3695 -0.0829 -0.0558 1.4017 -0.1075 -0.0746 1.3972 -0.1106 -0.0568 1.4027 -0.1052 -0.0360 1.4038 -0.0935 -0.0519 1.4065 -0.1083 -0.0936 1.3914 -0.1038 -0.0992 1.2808 0.0557 -0.1084 1.2870 0.0503 -0.0997 1.2803 0.0602 -0.1092 1.2915 0.0548 -0.0987 1.2834 0.0628 -0.0811 1.2783 0.0719 -0.0621 1.4063 -0.1032 -0.1259 1.3111 0.0344 -0.1386 1.3261 0.0108 -0.0184 1.4007 -0.0774 -0.0245 1.4001 -0.0825 -0.0969 1.2881 0.0646 -0.1276 1.3073 0.0348 -0.1403 1.3222 0.0095 -0.1242 1.3077 0.0303 -0.1351 1.3236 0.0078 -0.1235 1.3106 0.0311 -0.1474 1.3400 -0.0117 -0.1492 1.3344 -0.0151 -0.1449 1.3420 -0.0112 -0.1506 1.3489 -0.0414 -0.1304 1.3711 -0.0804 -0.1195 1.3871 -0.0874 -0.1338 1.3774 -0.0748 -0.0967 1.3997 -0.1006 -0.1214 1.3862 -0.0909 -0.0971 1.3984 -0.1034 -0.0792 1.4073 -0.1056 -0.0786 1.4057 -0.1085 -0.0765 1.4009 -0.1108 -0.0639 1.4090 -0.1087 -0.0622 1.4042 -0.1099 -0.0320 1.4036 -0.0881 -0.0587 1.4074 -0.1029 -0.0939 1.3903 -0.1070 -0.0784 1.4055 -0.1028 -0.0951 1.3986 -0.0979 -0.1358 1.3756 -0.0774 -0.1393 1.3636 -0.0590 -0.1295 1.3712 -0.0766 -0.1311 1.3741 -0.0748 -0.1336 1.3724 -0.0831 -0.1437 1.3607 -0.0639 -0.1430 1.3518 -0.0393 -0.1065 1.2969 0.0531 -0.0950 1.2923 0.0637 -0.1068 1.2924 0.0513 -0.1141 1.3814 -0.0897 -0.1160 1.3806 -0.0927 -0.1172 1.3793 -0.0955 -0.0954 1.2897 0.0593 -0.0970 1.2855 0.0571 -0.1074 1.2958 0.0569 -0.0858 1.2788 0.0634 -0.1259 1.3032 0.0294 -0.1363 1.3182 0.0054 -0.1433 1.3323 -0.0178 -0.1424 1.3369 -0.0152 -0.1201 1.3814 -0.0947 -0.1159 1.3843 -0.0876 -0.0965 1.3931 -0.1060 -0.0937 1.3953 -0.0984 -0.0769 1.4023 -0.1034" />
                  </IndexedFaceSet>
                </Shape>
                <Shape>
                  <Appearance USE="Bone" />
                  <IndexedFaceSet coordIndex="6 7 8 -1 7 9 8 -1 10 11 12 -1 15 16 4 -1 17 18 14 -1 15 19 20 -1 21 22 23 -1 23 24 21 -1 13 3 26 -1 27 28 29 -1 28 13 29 -1 30 25 31 -1 30 26 25 -1 32 33 34 -1 33 35 34 -1 37 33 36 -1 37 38 24 -1 23 34 39 -1 34 40 39 -1 10 34 11 -1 41 32 10 -1 41 36 32 -1 42 5 4 -1 16 43 4 -1 16 44 43 -1 45 47 46 -1 47 48 1 -1 14 49 48 -1 2 1 0 -1 1 49 14 -1 18 17 50 -1 45 50 51 -1 45 46 50 -1 4 5 9 -1 5 8 9 -1 42 22 5 -1 22 21 5 -1 21 24 38 -1 52 36 41 -1 32 34 10 -1 39 24 23 -1 39 37 24 -1 53 54 27 -1 54 28 27 -1 28 3 13 -1 50 20 19 -1 51 50 19 -1 12 11 22 -1 56 29 13 -1 19 9 51 -1 9 7 51 -1 52 6 21 -1 6 8 21 -1 52 21 38 -1 1 2 0 -1 0 55 1 -1 36 52 38 -1 22 11 34 -1 29 40 35 -1 29 56 40 -1 47 50 46 -1 1 18 47 -1 1 14 18 -1 47 17 14 -1 17 47 50 -1 42 12 22 -1 54 3 28 -1 54 31 25 -1 31 54 53 -1 33 53 27 -1 30 40 56 -1 39 40 30 -1 6 41 57 -1 6 52 41 -1 5 21 8 -1 20 50 47 -1 20 16 15 -1 12 58 57 -1 58 12 43 -1 51 7 45 -1 45 43 59 -1 43 45 58 -1 44 47 59 -1 16 20 47 -1 50 47 18 -1 47 14 48 -1 49 1 48 -1 16 47 44 -1 59 47 45 -1 19 4 9 -1 15 4 19 -1 43 44 59 -1 58 45 7 -1 57 7 6 -1 7 57 58 -1 57 10 12 -1 57 41 10 -1 22 34 23 -1 36 33 32 -1 30 37 39 -1 30 31 37 -1 37 53 33 -1 37 31 53 -1 33 29 35 -1 33 27 29 -1 56 26 30 -1 56 13 26 -1 3 25 26 -1 25 3 54 -1 43 42 4 -1 43 12 42 -1 0 1 55 -1 34 35 40 -1 38 37 36 -1" creaseAngle="1.57">
                    <Coordinate point="-0.0184 1.3756 -0.0825 -0.0403 1.3812 -0.1019 -0.0289 1.3747 -0.0944 -0.0990 1.2596 0.0666 -0.1246 1.3540 -0.0885 -0.1389 1.3370 -0.0716 -0.1435 1.3363 -0.0750 -0.1274 1.3512 -0.0944 -0.1412 1.3367 -0.0733 -0.1259 1.3497 -0.0951 -0.1536 1.3312 -0.0441 -0.1529 1.3327 -0.0419 -0.1443 1.3463 -0.0658 -0.1106 1.2747 0.0571 -0.0602 1.3740 -0.1126 -0.1065 1.3624 -0.1057 -0.1060 1.3649 -0.1020 -0.0717 1.3721 -0.1141 -0.0742 1.3779 -0.1123 -0.1072 1.3614 -0.1073 -0.0798 1.3710 -0.1096 -0.1495 1.3239 -0.0514 -0.1494 1.3311 -0.0427 -0.1437 1.3151 -0.0200 -0.1467 1.3095 -0.0229 -0.1173 1.2638 0.0490 -0.1129 1.2703 0.0522 -0.1396 1.2914 0.0254 -0.1164 1.2707 0.0565 -0.1344 1.2952 0.0289 -0.1353 1.2904 0.0228 -0.1391 1.2834 0.0171 -0.1530 1.3146 -0.0207 -0.1475 1.3023 0.0023 -0.1478 1.3201 -0.0177 -0.1431 1.3090 0.0041 -0.1523 1.3111 -0.0225 -0.1463 1.2954 -0.0036 -0.1516 1.3077 -0.0242 -0.1419 1.3038 0.0007 -0.1374 1.3056 0.0061 -0.1528 1.3262 -0.0498 -0.1386 1.3426 -0.0673 -0.1308 1.3597 -0.0862 -0.1093 1.3721 -0.0990 -0.1094 1.3662 -0.1065 -0.0834 1.3722 -0.1146 -0.0775 1.3766 -0.1096 -0.0561 1.3776 -0.1041 -0.0394 1.3760 -0.1012 -0.0806 1.3712 -0.1139 -0.1080 1.3627 -0.1080 -0.1504 1.3228 -0.0530 -0.1409 1.2880 0.0222 -0.1186 1.2674 0.0534 -0.0206 1.3759 -0.0846 -0.1295 1.2928 0.0294 -0.1462 1.3414 -0.0717 -0.1308 1.3569 -0.0906 -0.1108 1.3697 -0.1050" />
                  </IndexedFaceSet>
                </Shape>
                <Shape>
                  <Appearance USE="Bone" />
                  <IndexedFaceSet coordIndex="2 1 3 -1 5 6 7 -1 7 8 5 -1 9 10 11 -1 14 15 16 -1 16 19 14 -1 8 21 22 -1 24 17 25 -1 14 27 26 -1 28 29 11 -1 30 31 22 -1 33 34 32 -1 34 26 35 -1 34 18 26 -1 36 32 34 -1 39 41 40 -1 9 41 33 -1 9 40 41 -1 28 11 10 -1 33 32 9 -1 32 10 9 -1 39 6 41 -1 42 36 37 -1 42 43 36 -1 44 45 46 -1 47 16 48 -1 23 46 38 -1 19 49 27 -1 36 27 37 -1 36 35 27 -1 35 36 34 -1 28 15 29 -1 14 19 27 -1 4 3 1 -1 42 16 15 -1 42 48 16 -1 51 17 34 -1 17 18 34 -1 15 26 18 -1 52 19 16 -1 18 29 15 -1 4 2 8 -1 50 9 11 -1 50 40 9 -1 2 4 1 -1 20 21 8 -1 45 38 46 -1 19 53 49 -1 19 52 53 -1 8 13 20 -1 25 17 30 -1 13 39 20 -1 13 7 39 -1 43 28 10 -1 43 15 28 -1 3 4 12 -1 0 52 47 -1 17 29 18 -1 24 29 17 -1 21 50 25 -1 21 20 50 -1 29 24 11 -1 26 27 35 -1 27 49 37 -1 38 49 53 -1 53 23 38 -1 23 53 54 -1 23 44 46 -1 23 0 47 -1 44 48 45 -1 44 47 48 -1 6 5 41 -1 8 22 5 -1 12 13 2 -1 13 12 7 -1 10 36 43 -1 32 36 10 -1 20 40 50 -1 20 39 40 -1 8 12 4 -1 8 7 12 -1 39 7 6 -1 15 43 42 -1 45 42 37 -1 45 48 42 -1 23 47 44 -1 23 54 0 -1 45 49 38 -1 45 37 49 -1 31 33 41 -1 31 51 33 -1 34 33 51 -1 30 51 31 -1 30 17 51 -1 11 25 50 -1 24 25 11 -1 30 21 25 -1 30 22 21 -1 2 13 8 -1 16 47 52 -1 12 2 3 -1 41 22 31 -1 5 22 41 -1 52 54 53 -1 0 54 52 -1 14 26 15 -1" creaseAngle="1.57">
                    <Coordinate point="-0.1169 1.2367 0.0511 -0.0220 1.3502 -0.0848 -0.0267 1.3482 -0.0908 -0.0233 1.3473 -0.0855 -0.0235 1.3517 -0.0874 -0.0879 1.3426 -0.1130 -0.0878 1.3476 -0.1085 -0.0616 1.3531 -0.1059 -0.0548 1.3446 -0.1080 -0.1270 1.3160 -0.0832 -0.1442 1.3002 -0.0502 -0.1271 1.3131 -0.0846 -0.0367 1.3552 -0.0977 -0.0534 1.3426 -0.1059 -0.1473 1.2680 -0.0094 -0.1473 1.2712 -0.0149 -0.1423 1.2554 0.0153 -0.1280 1.3091 -0.0873 -0.1429 1.2908 -0.0529 -0.1432 1.2569 0.0166 -0.0853 1.3360 -0.1089 -0.0845 1.3282 -0.1115 -0.0867 1.3393 -0.1135 -0.1124 1.2449 0.0545 -0.1272 1.3102 -0.0859 -0.1059 1.3195 -0.1055 -0.1495 1.2748 -0.0208 -0.1502 1.2696 0.0016 -0.1419 1.2919 -0.0521 -0.1420 1.2906 -0.0527 -0.1065 1.3257 -0.1082 -0.1071 1.3318 -0.1067 -0.1473 1.3043 -0.0500 -0.1311 1.3239 -0.0831 -0.1472 1.3009 -0.0506 -0.1524 1.2813 -0.0186 -0.1516 1.2882 -0.0154 -0.1480 1.2785 0.0040 -0.1287 1.2596 0.0370 -0.0870 1.3450 -0.1082 -0.1043 1.3328 -0.1028 -0.1073 1.3380 -0.1029 -0.1478 1.2733 0.0009 -0.1491 1.2826 -0.0181 -0.1288 1.2560 0.0341 -0.1392 1.2697 0.0211 -0.1285 1.2585 0.0355 -0.1303 1.2515 0.0332 -0.1399 1.2637 0.0175 -0.1419 1.2649 0.0204 -0.1044 1.3260 -0.1036 -0.1306 1.3163 -0.0870 -0.1321 1.2490 0.0342 -0.1325 1.2509 0.0360 -0.1197 1.2431 0.0524" />
                  </IndexedFaceSet>
                </Shape>
                <Shape>
                  <Appearance USE="Bone" />
                  <IndexedFaceSet coordIndex="5 6 7 -1 15 16 14 -1 14 17 18 -1 20 8 21 -1 23 9 2 -1 26 10 4 -1 13 28 27 -1 31 28 11 -1 28 13 11 -1 32 25 33 -1 35 6 34 -1 35 34 39 -1 34 40 39 -1 17 29 41 -1 29 42 41 -1 43 15 44 -1 14 46 15 -1 45 48 47 -1 14 8 46 -1 1 2 22 -1 23 2 1 -1 1 0 19 -1 22 20 1 -1 2 9 8 -1 15 48 38 -1 38 44 15 -1 39 31 26 -1 24 7 33 -1 50 6 13 -1 6 11 13 -1 51 6 35 -1 51 7 6 -1 21 8 23 -1 51 32 7 -1 32 33 7 -1 52 14 8 -1 14 18 8 -1 15 43 16 -1 54 3 10 -1 3 4 10 -1 11 54 10 -1 43 55 30 -1 41 45 53 -1 45 38 48 -1 1 21 23 -1 24 5 7 -1 51 39 26 -1 51 35 39 -1 27 40 56 -1 40 27 28 -1 50 12 57 -1 13 12 50 -1 37 58 36 -1 57 58 37 -1 59 37 36 -1 59 56 37 -1 29 59 42 -1 59 29 30 -1 43 58 55 -1 43 44 58 -1 42 36 38 -1 59 36 42 -1 41 18 17 -1 41 53 18 -1 8 18 53 -1 49 47 46 -1 2 20 22 -1 1 20 21 -1 8 20 2 -1 52 8 14 -1 46 8 49 -1 53 49 8 -1 53 47 49 -1 15 47 48 -1 15 46 47 -1 14 16 17 -1 45 47 53 -1 43 17 16 -1 43 29 17 -1 36 44 38 -1 58 44 36 -1 30 29 43 -1 30 56 59 -1 27 56 30 -1 57 55 58 -1 12 55 57 -1 56 34 37 -1 40 34 56 -1 57 34 50 -1 57 37 34 -1 28 39 40 -1 39 28 31 -1 11 5 54 -1 11 6 5 -1 26 32 51 -1 32 26 4 -1 24 54 5 -1 3 54 24 -1 4 25 32 -1 25 24 33 -1 4 24 25 -1 4 3 24 -1 11 26 31 -1 26 11 10 -1 8 9 23 -1 0 1 19 -1 38 41 42 -1 41 38 45 -1 12 30 55 -1 12 27 30 -1 12 13 27 -1 6 50 34 -1" creaseAngle="1.57">
                    <Coordinate point="-0.0182 1.3204 -0.0818 -0.0278 1.3241 -0.0922 -0.0438 1.3206 -0.1039 -0.1308 1.2259 0.0302 -0.1315 1.2260 0.0307 -0.1371 1.2418 0.0133 -0.1418 1.2506 -0.0031 -0.1379 1.2426 0.0143 -0.0617 1.3160 -0.1162 -0.0454 1.3189 -0.1061 -0.1369 1.2340 0.0115 -0.1405 1.2425 -0.0068 -0.1417 1.2586 -0.0356 -0.1422 1.2496 -0.0211 -0.0755 1.3064 -0.1132 -0.0977 1.3013 -0.1027 -0.0965 1.2990 -0.1032 -0.0963 1.2933 -0.1041 -0.0800 1.3051 -0.1159 -0.0254 1.3267 -0.0904 -0.0431 1.3221 -0.1099 -0.0423 1.3253 -0.1091 -0.0292 1.3252 -0.1012 -0.0448 1.3237 -0.1038 -0.1328 1.2337 0.0283 -0.1301 1.2260 0.0350 -0.1381 1.2349 0.0127 -0.1417 1.2567 -0.0362 -0.1425 1.2484 -0.0215 -0.1207 1.2813 -0.0864 -0.1342 1.2721 -0.0664 -0.1409 1.2414 -0.0070 -0.1340 1.2345 0.0299 -0.1334 1.2344 0.0292 -0.1456 1.2580 -0.0168 -0.1434 1.2502 -0.0024 -0.1388 1.2848 -0.0649 -0.1454 1.2659 -0.0318 -0.1246 1.2985 -0.0855 -0.1440 1.2440 -0.0045 -0.1451 1.2513 -0.0196 -0.1007 1.3004 -0.1065 -0.1233 1.2889 -0.0875 -0.1201 1.2877 -0.0858 -0.1206 1.2933 -0.0851 -0.1032 1.3078 -0.1044 -0.0784 1.3113 -0.1121 -0.0869 1.3159 -0.1142 -0.1034 1.3087 -0.1039 -0.0762 1.3199 -0.1159 -0.1423 1.2553 -0.0186 -0.1390 1.2415 0.0149 -0.0670 1.3070 -0.1155 -0.0840 1.3101 -0.1170 -0.1363 1.2351 0.0112 -0.1343 1.2742 -0.0661 -0.1448 1.2594 -0.0345 -0.1419 1.2634 -0.0338 -0.1349 1.2812 -0.0651 -0.1373 1.2759 -0.0668" />
                  </IndexedFaceSet>
                </Shape>
                <Shape>
                  <Appearance USE="Bone" />
                  <IndexedFaceSet coordIndex="2 3 4 -1 9 8 1 -1 8 10 1 -1 8 7 10 -1 11 14 13 -1 19 9 1 -1 16 19 1 -1 16 7 17 -1 7 20 17 -1 14 22 23 -1 22 25 24 -1 27 28 3 -1 28 27 0 -1 30 31 25 -1 31 24 25 -1 32 30 33 -1 30 25 33 -1 13 12 11 -1 15 12 13 -1 21 34 35 -1 34 36 35 -1 19 16 17 -1 17 7 19 -1 10 7 16 -1 22 14 11 -1 38 15 7 -1 8 9 7 -1 2 4 6 -1 39 18 37 -1 39 40 18 -1 1 10 16 -1 21 7 41 -1 12 15 38 -1 29 3 42 -1 6 43 44 -1 6 4 43 -1 3 2 18 -1 7 9 19 -1 35 7 20 -1 34 41 45 -1 41 34 21 -1 35 36 46 -1 13 23 45 -1 13 14 23 -1 32 34 47 -1 32 36 34 -1 33 12 46 -1 33 11 12 -1 30 47 48 -1 47 30 32 -1 25 11 33 -1 25 22 11 -1 48 31 30 -1 48 22 31 -1 22 5 49 -1 24 31 37 -1 5 39 49 -1 5 44 39 -1 3 40 26 -1 3 18 40 -1 6 18 2 -1 37 18 6 -1 4 3 43 -1 0 42 28 -1 0 27 29 -1 28 42 3 -1 43 26 40 -1 3 26 43 -1 5 37 6 -1 37 49 39 -1 49 37 31 -1 44 5 6 -1 37 22 24 -1 37 5 22 -1 31 22 49 -1 48 23 22 -1 23 48 47 -1 32 46 36 -1 46 32 33 -1 45 47 34 -1 45 23 47 -1 46 38 35 -1 46 12 38 -1 45 15 13 -1 15 45 41 -1 7 35 38 -1 35 7 21 -1 7 35 20 -1 41 7 15 -1 20 7 17 -1 27 3 29 -1 44 40 39 -1 44 43 40 -1 42 0 29 -1" creaseAngle="1.57">
                    <Coordinate point="-0.1339 1.2153 0.0168 -0.0303 1.2936 -0.0941 -0.1312 1.2368 -0.0443 -0.1351 1.2314 -0.0264 -0.1321 1.2356 -0.0461 -0.1238 1.2472 -0.0721 -0.1268 1.2429 -0.0602 -0.0601 1.2857 -0.1192 -0.0399 1.2899 -0.1078 -0.0405 1.2888 -0.1063 -0.0407 1.2966 -0.1092 -0.1045 1.2568 -0.0939 -0.0909 1.2665 -0.1059 -0.0893 1.2607 -0.1096 -0.1043 1.2554 -0.0958 -0.0792 1.2680 -0.1156 -0.0414 1.2975 -0.1081 -0.0564 1.2930 -0.1159 -0.1317 1.2434 -0.0380 -0.0424 1.2933 -0.1051 -0.0675 1.2898 -0.1175 -0.0825 1.2800 -0.1170 -0.1219 1.2527 -0.0755 -0.1070 1.2609 -0.0974 -0.1235 1.2565 -0.0632 -0.1199 1.2572 -0.0692 -0.1360 1.2337 -0.0261 -0.1373 1.2235 0.0000 -0.1337 1.2254 0.0019 -0.1356 1.2195 -0.0059 -0.1179 1.2633 -0.0735 -0.1249 1.2574 -0.0647 -0.1076 1.2700 -0.0877 -0.1059 1.2649 -0.0885 -0.0942 1.2752 -0.1101 -0.0820 1.2823 -0.1116 -0.0936 1.2791 -0.1041 -0.1277 1.2495 -0.0529 -0.0803 1.2731 -0.1123 -0.1328 1.2488 -0.0534 -0.1356 1.2430 -0.0409 -0.0813 1.2748 -0.1181 -0.1345 1.2203 -0.0054 -0.1347 1.2381 -0.0451 -0.1315 1.2436 -0.0583 -0.0927 1.2692 -0.1118 -0.0926 1.2743 -0.1034 -0.1086 1.2669 -0.0949 -0.1217 1.2566 -0.0765 -0.1268 1.2552 -0.0641" />
                  </IndexedFaceSet>
                </Shape>
                <Shape>
                  <Appearance USE="Bone" />
                  <IndexedFaceSet coordIndex="1 2 3 -1 7 15 14 -1 8 16 7 -1 15 4 14 -1 8 9 17 -1 9 18 17 -1 4 19 9 -1 21 22 23 -1 21 24 22 -1 25 26 27 -1 26 28 27 -1 28 26 29 -1 29 26 0 -1 30 26 25 -1 25 13 30 -1 3 31 1 -1 24 32 33 -1 32 34 33 -1 23 22 35 -1 35 19 23 -1 14 9 8 -1 14 4 9 -1 17 18 36 -1 18 37 36 -1 5 4 15 -1 7 38 6 -1 15 7 5 -1 20 2 10 -1 1 10 2 -1 3 25 27 -1 7 6 38 -1 5 7 16 -1 16 4 5 -1 16 36 4 -1 39 18 35 -1 18 39 37 -1 11 4 10 -1 19 40 23 -1 41 40 19 -1 42 35 22 -1 35 42 39 -1 1 40 10 -1 1 43 40 -1 42 2 20 -1 42 33 2 -1 31 43 1 -1 31 44 43 -1 21 32 24 -1 21 45 32 -1 33 3 2 -1 33 34 3 -1 44 3 46 -1 31 3 44 -1 12 45 47 -1 45 12 32 -1 12 3 34 -1 27 46 3 -1 27 48 46 -1 13 47 48 -1 47 13 12 -1 13 3 12 -1 13 25 3 -1 0 26 30 -1 48 30 13 -1 48 29 30 -1 28 48 27 -1 28 29 48 -1 46 48 47 -1 12 34 32 -1 46 45 44 -1 46 47 45 -1 44 21 43 -1 44 45 21 -1 22 33 42 -1 22 24 33 -1 43 23 40 -1 43 21 23 -1 20 39 42 -1 39 20 10 -1 41 10 40 -1 11 10 41 -1 10 37 39 -1 37 10 4 -1 19 18 9 -1 19 35 18 -1 4 11 41 -1 4 36 37 -1 36 8 17 -1 36 16 8 -1 4 41 19 -1 7 14 8 -1 29 0 30 -1" creaseAngle="1.57">
                    <Coordinate point="-0.1318 1.1923 -0.0034 -0.1027 1.2256 -0.0811 -0.1046 1.2279 -0.0786 -0.1183 1.2149 -0.0589 -0.0614 1.2501 -0.1056 -0.0398 1.2569 -0.1016 -0.0207 1.2567 -0.0795 -0.0279 1.2616 -0.0920 -0.0449 1.2645 -0.1033 -0.0655 1.2548 -0.1069 -0.0809 1.2394 -0.0979 -0.0775 1.2400 -0.1004 -0.1255 1.2189 -0.0535 -0.1292 1.2119 -0.0411 -0.0412 1.2613 -0.1043 -0.0394 1.2590 -0.1039 -0.0451 1.2608 -0.0999 -0.0624 1.2601 -0.1043 -0.0742 1.2554 -0.1033 -0.0845 1.2468 -0.1018 -0.0826 1.2409 -0.0962 -0.1114 1.2317 -0.0809 -0.0982 1.2446 -0.0928 -0.0946 1.2426 -0.0965 -0.1129 1.2351 -0.0781 -0.1257 1.2083 -0.0436 -0.1302 1.2020 -0.0270 -0.1238 1.2045 -0.0458 -0.1291 1.2002 -0.0286 -0.1317 1.1975 -0.0253 -0.1331 1.2038 -0.0246 -0.1121 1.2157 -0.0690 -0.1226 1.2259 -0.0628 -0.1095 1.2328 -0.0773 -0.1202 1.2232 -0.0619 -0.0882 1.2493 -0.0984 -0.0592 1.2557 -0.1020 -0.0702 1.2520 -0.1008 -0.0226 1.2574 -0.0801 -0.0838 1.2472 -0.0969 -0.0882 1.2391 -0.0985 -0.0803 1.2447 -0.1038 -0.0933 1.2423 -0.0917 -0.1065 1.2267 -0.0819 -0.1168 1.2184 -0.0682 -0.1209 1.2222 -0.0661 -0.1231 1.2129 -0.0574 -0.1261 1.2155 -0.0559 -0.1292 1.2075 -0.0437" />
                  </IndexedFaceSet>
                </Shape>
                <Shape>
                  <Appearance USE="Bone" />
                  <IndexedFaceSet coordIndex="9 10 11 -1 10 12 11 -1 16 1 15 -1 8 4 7 -1 17 15 1 -1 8 6 5 -1 15 23 16 -1 17 1 9 -1 1 10 9 -1 21 10 2 -1 10 1 2 -1 6 8 0 -1 24 18 3 -1 24 14 18 -1 24 19 20 -1 1 16 2 -1 9 11 4 -1 22 21 13 -1 20 14 13 -1 19 14 20 -1 22 13 25 -1 14 20 13 -1 20 14 24 -1 21 13 20 -1 21 2 13 -1 8 7 0 -1 17 9 4 -1 4 15 17 -1 0 5 6 -1 4 5 0 -1 11 15 4 -1 12 25 23 -1 12 22 25 -1 23 11 12 -1 23 15 11 -1 7 4 0 -1 23 2 16 -1 23 25 2 -1 4 8 5 -1 21 20 13 -1 25 13 2 -1 18 19 3 -1 19 18 14 -1 19 24 3 -1 12 21 22 -1 10 21 12 -1" creaseAngle="1.57">
                    <Coordinate point="-0.0227 1.2189 -0.0761 -0.0727 1.2034 -0.0777 -0.0832 1.1949 -0.0693 -0.0946 1.1673 -0.0327 -0.0402 1.2180 -0.0834 -0.0296 1.2238 -0.0851 -0.0220 1.2270 -0.0797 -0.0297 1.2180 -0.0760 -0.0281 1.2258 -0.0782 -0.0528 1.2080 -0.0815 -0.0700 1.1964 -0.0750 -0.0532 1.2080 -0.0834 -0.0706 1.1963 -0.0764 -0.0890 1.1851 -0.0605 -0.0957 1.1780 -0.0461 -0.0547 1.2127 -0.0874 -0.0730 1.2037 -0.0785 -0.0559 1.2127 -0.0834 -0.0972 1.1726 -0.0371 -0.0907 1.1722 -0.0455 -0.0876 1.1810 -0.0574 -0.0789 1.1900 -0.0684 -0.0784 1.1887 -0.0689 -0.0722 1.1997 -0.0798 -0.0914 1.1737 -0.0450 -0.0826 1.1924 -0.0716" />
                  </IndexedFaceSet>
                </Shape>
                <Shape>
                  <Appearance USE="Bone" />
                  <IndexedFaceSet coordIndex="2 3 1 -1 0 5 6 -1 1 0 7 -1 0 8 7 -1 0 9 10 -1 1 12 11 -1 15 16 17 -1 16 13 17 -1 18 19 13 -1 21 24 25 -1 21 26 24 -1 27 29 28 -1 27 30 31 -1 27 33 32 -1 34 36 35 -1 38 39 37 -1 38 41 40 -1 38 37 42 -1 43 44 45 -1 43 46 44 -1 44 48 47 -1 49 50 44 -1 44 46 51 -1 52 43 45 -1 52 45 53 -1 54 55 56 -1 59 61 58 -1 57 63 64 -1 65 66 67 -1 62 59 55 -1 55 68 69 -1 72 73 71 -1 76 74 77 -1 72 70 78 -1 72 71 70 -1 79 80 81 -1 79 82 80 -1 84 85 83 -1 86 87 88 -1 89 88 82 -1 84 90 88 -1 88 91 84 -1 92 93 94 -1 95 93 92 -1 96 97 98 -1 99 94 100 -1 99 92 94 -1 98 101 92 -1 102 103 104 -1 92 105 98 -1 106 107 108 -1 109 110 111 -1 109 112 110 -1 113 112 114 -1 107 116 115 -1 119 120 118 -1 121 122 123 -1 122 124 123 -1 118 120 125 -1 124 127 126 -1 126 128 124 -1 124 128 123 -1 129 130 131 -1 132 130 133 -1 134 135 136 -1 137 138 139 -1 140 141 142 -1 143 138 144 -1 147 130 148 -1 148 149 150 -1 145 130 146 -1 151 152 148 -1 153 155 134 -1 156 134 155 -1 157 158 159 -1 160 161 162 -1 160 158 161 -1 163 161 164 -1 165 166 167 -1 168 169 170 -1 171 172 173 -1 175 176 177 -1 178 179 180 -1 172 181 173 -1 188 171 173 -1 189 176 175 -1 190 183 191 -1 187 186 179 -1 182 192 193 -1 184 181 185 -1 187 179 186 -1 187 183 179 -1 194 185 195 -1 179 183 180 -1 183 190 180 -1 189 175 182 -1 158 174 196 -1 194 197 198 -1 184 191 183 -1 165 199 166 -1 159 158 160 -1 164 161 200 -1 201 196 202 -1 201 158 196 -1 174 168 203 -1 204 166 205 -1 206 166 199 -1 207 131 145 -1 131 130 145 -1 132 148 130 -1 132 149 148 -1 130 145 146 -1 130 138 145 -1 208 138 209 -1 210 207 145 -1 211 155 212 -1 156 155 211 -1 213 133 130 -1 130 129 214 -1 215 118 128 -1 215 119 118 -1 128 125 216 -1 128 118 125 -1 128 121 123 -1 128 216 121 -1 217 112 113 -1 112 109 114 -1 111 110 107 -1 107 106 111 -1 108 107 218 -1 219 220 215 -1 215 221 219 -1 104 96 102 -1 96 222 97 -1 96 104 222 -1 92 223 95 -1 224 223 225 -1 85 91 226 -1 85 84 91 -1 89 82 79 -1 227 71 73 -1 78 74 76 -1 78 70 74 -1 70 228 75 -1 66 65 57 -1 57 55 69 -1 59 60 55 -1 65 67 56 -1 229 230 69 -1 59 58 231 -1 232 57 230 -1 57 64 66 -1 44 50 48 -1 47 233 44 -1 44 51 49 -1 233 45 44 -1 27 32 234 -1 234 34 27 -1 27 28 30 -1 22 235 20 -1 21 20 26 -1 20 235 26 -1 13 19 236 -1 13 237 18 -1 13 16 237 -1 17 238 15 -1 13 239 14 -1 13 236 239 -1 4 240 12 -1 12 1 4 -1 6 8 0 -1 10 5 0 -1 1 3 240 -1 240 4 1 -1 63 57 232 -1 241 0 1 -1 0 241 242 -1 1 244 243 -1 13 14 17 -1 245 23 246 -1 23 247 248 -1 23 22 20 -1 34 234 249 -1 250 38 251 -1 38 250 252 -1 229 69 68 -1 59 62 61 -1 60 253 55 -1 254 253 60 -1 230 57 69 -1 57 65 56 -1 68 55 253 -1 71 227 255 -1 228 71 256 -1 228 70 71 -1 74 257 77 -1 74 70 257 -1 80 87 258 -1 80 88 87 -1 91 89 226 -1 90 84 83 -1 102 99 100 -1 103 222 104 -1 222 103 259 -1 105 96 98 -1 105 102 96 -1 102 105 92 -1 218 107 260 -1 261 112 217 -1 112 262 263 -1 264 107 265 -1 117 266 267 -1 117 268 266 -1 117 107 269 -1 270 112 117 -1 110 270 107 -1 112 270 110 -1 122 271 124 -1 213 130 214 -1 135 134 156 -1 272 134 273 -1 274 134 136 -1 275 154 276 -1 275 155 154 -1 153 134 272 -1 144 138 277 -1 140 210 145 -1 138 130 147 -1 277 147 278 -1 277 138 147 -1 205 166 206 -1 166 203 168 -1 203 166 204 -1 196 174 202 -1 161 201 279 -1 161 158 201 -1 161 280 200 -1 169 168 281 -1 158 168 174 -1 182 282 192 -1 175 282 182 -1 177 282 175 -1 184 185 194 -1 188 283 179 -1 188 173 283 -1 184 179 283 -1 184 187 179 -1 179 178 284 -1 182 284 285 -1 179 284 182 -1 188 182 193 -1 184 183 187 -1 283 181 184 -1 283 173 181 -1 179 182 188 -1 195 181 172 -1 195 185 181 -1 182 285 189 -1 157 168 158 -1 170 166 168 -1 167 166 170 -1 161 163 162 -1 168 157 281 -1 161 279 280 -1 154 155 153 -1 148 150 151 -1 145 137 286 -1 138 137 145 -1 278 148 152 -1 278 147 148 -1 286 140 145 -1 138 208 139 -1 209 138 143 -1 154 153 276 -1 212 155 287 -1 273 134 274 -1 287 155 275 -1 271 127 124 -1 128 126 215 -1 117 269 270 -1 269 107 270 -1 112 268 117 -1 107 267 116 -1 107 117 267 -1 265 107 115 -1 263 268 112 -1 266 268 263 -1 262 112 261 -1 260 107 264 -1 102 92 99 -1 92 101 225 -1 103 102 288 -1 225 223 92 -1 103 288 259 -1 88 89 91 -1 82 88 80 -1 86 88 90 -1 80 258 81 -1 70 75 257 -1 256 71 255 -1 57 56 55 -1 289 62 55 -1 289 55 54 -1 254 59 231 -1 254 60 59 -1 45 233 53 -1 251 38 42 -1 38 40 39 -1 41 38 252 -1 29 34 35 -1 34 29 27 -1 34 249 36 -1 27 31 33 -1 20 21 25 -1 23 20 247 -1 246 23 248 -1 22 23 245 -1 17 14 238 -1 0 242 9 -1 1 243 2 -1 244 1 7 -1 1 11 241 -1" creaseAngle="1.57">
                    <Coordinate point="-0.0787 1.2792 0.0728 -0.0807 1.2730 0.0706 -0.0822 1.2675 0.0671 -0.0824 1.2676 0.0678 -0.0809 1.2716 0.0706 -0.0777 1.2826 0.0720 -0.0784 1.2817 0.0698 -0.0801 1.2758 0.0671 -0.0791 1.2797 0.0683 -0.0780 1.2819 0.0740 -0.0780 1.2826 0.0731 -0.0805 1.2742 0.0747 -0.0813 1.2722 0.0734 -0.0976 1.2562 0.0683 -0.0958 1.2607 0.0716 -0.0933 1.2615 0.0705 -0.0950 1.2582 0.0674 -0.0944 1.2614 0.0711 -0.0997 1.2511 0.0638 -0.0999 1.2510 0.0660 -0.1110 1.2356 0.0590 -0.1112 1.2339 0.0578 -0.1075 1.2365 0.0574 -0.1080 1.2398 0.0604 -0.1152 1.2324 0.0556 -0.1145 1.2332 0.0573 -0.1140 1.2320 0.0544 -0.1273 1.2213 0.0414 -0.1243 1.2222 0.0414 -0.1243 1.2235 0.0423 -0.1249 1.2207 0.0407 -0.1271 1.2188 0.0403 -0.1290 1.2208 0.0423 -0.1280 1.2189 0.0407 -0.1270 1.2242 0.0433 -0.1248 1.2247 0.0434 -0.1262 1.2252 0.0452 -0.1341 1.2104 0.0260 -0.1323 1.2132 0.0286 -0.1333 1.2096 0.0246 -0.1324 1.2095 0.0242 -0.1302 1.2113 0.0258 -0.1338 1.2132 0.0297 -0.0206 1.3121 0.0800 -0.0185 1.3195 0.0796 -0.0207 1.3129 0.0809 -0.0195 1.3135 0.0782 -0.0187 1.3193 0.0835 -0.0207 1.3236 0.0812 -0.0197 1.3225 0.0766 -0.0226 1.3245 0.0781 -0.0173 1.3177 0.0764 -0.0208 1.3123 0.0809 -0.0207 1.3124 0.0817 -0.0137 1.2945 0.0827 -0.0141 1.2989 0.0842 -0.0107 1.2908 0.0837 -0.0079 1.2915 0.0876 -0.0209 1.3111 0.0811 -0.0162 1.3049 0.0821 -0.0169 1.3071 0.0824 -0.0200 1.3089 0.0794 -0.0171 1.3053 0.0803 -0.0077 1.2899 0.0900 -0.0074 1.2877 0.0894 -0.0087 1.2878 0.0853 -0.0077 1.2872 0.0875 -0.0089 1.2873 0.0851 -0.0134 1.2971 0.0886 -0.0117 1.2955 0.0875 -0.0697 1.3049 0.0739 -0.0697 1.3025 0.0739 -0.0675 1.3013 0.0725 -0.0685 1.2994 0.0726 -0.0688 1.3066 0.0736 -0.0703 1.3038 0.0763 -0.0655 1.3106 0.0731 -0.0664 1.3115 0.0741 -0.0661 1.3060 0.0723 -0.0649 1.3263 0.0728 -0.0644 1.3241 0.0714 -0.0644 1.3238 0.0718 -0.0648 1.3267 0.0725 -0.0592 1.3418 0.0664 -0.0595 1.3416 0.0669 -0.0596 1.3424 0.0669 -0.0628 1.3291 0.0684 -0.0628 1.3290 0.0684 -0.0650 1.3317 0.0687 -0.0657 1.3330 0.0699 -0.0628 1.3371 0.0668 -0.0632 1.3382 0.0700 -0.0180 1.3334 0.0751 -0.0184 1.3308 0.0726 -0.0171 1.3340 0.0715 -0.0215 1.3279 0.0738 -0.0162 1.3397 0.0751 -0.0181 1.3422 0.0765 -0.0167 1.3358 0.0760 -0.0172 1.3340 0.0734 -0.0168 1.3346 0.0714 -0.0211 1.3313 0.0781 -0.0151 1.3390 0.0723 -0.0167 1.3435 0.0724 -0.0168 1.3424 0.0743 -0.0153 1.3375 0.0744 -0.0605 1.3772 0.0592 -0.0605 1.3708 0.0597 -0.0610 1.3744 0.0602 -0.0577 1.3855 0.0552 -0.0591 1.3836 0.0545 -0.0592 1.3823 0.0572 -0.0580 1.3836 0.0532 -0.0552 1.3884 0.0522 -0.0561 1.3880 0.0536 -0.0604 1.3651 0.0597 -0.0592 1.3684 0.0577 -0.0577 1.3729 0.0566 -0.0138 1.3689 0.0624 -0.0177 1.3648 0.0669 -0.0191 1.3627 0.0650 -0.0140 1.3794 0.0549 -0.0167 1.3858 0.0539 -0.0134 1.3794 0.0574 -0.0152 1.3824 0.0567 -0.0161 1.3641 0.0618 -0.0156 1.3796 0.0607 -0.0173 1.3855 0.0570 -0.0133 1.3716 0.0610 -0.0153 1.4192 0.0436 -0.0132 1.4171 0.0423 -0.0154 1.4194 0.0435 -0.0148 1.4180 0.0448 -0.0148 1.4181 0.0447 -0.0482 1.4175 0.0396 -0.0485 1.4190 0.0407 -0.0485 1.4190 0.0406 -0.0165 1.4256 0.0333 -0.0144 1.4189 0.0370 -0.0135 1.4199 0.0355 -0.0191 1.4275 0.0333 -0.0196 1.4276 0.0334 -0.0195 1.4277 0.0333 -0.0130 1.4195 0.0361 -0.0133 1.4187 0.0363 -0.0174 1.4236 0.0374 -0.0136 1.4220 0.0378 -0.0124 1.4135 0.0423 -0.0151 1.4088 0.0458 -0.0146 1.4105 0.0488 -0.0160 1.4055 0.0498 -0.0173 1.4043 0.0476 -0.0141 1.4059 0.0437 -0.0481 1.4109 0.0403 -0.0509 1.4086 0.0429 -0.0520 1.4127 0.0429 -0.0496 1.4173 0.0424 -0.0459 1.4490 0.0193 -0.0472 1.4434 0.0193 -0.0466 1.4469 0.0211 -0.0475 1.4434 0.0224 -0.0476 1.4419 0.0209 -0.0484 1.4402 0.0238 -0.0492 1.4382 0.0238 -0.0501 1.4372 0.0229 -0.0429 1.4566 0.0129 -0.0435 1.4535 0.0132 -0.0435 1.4554 0.0139 -0.0446 1.4499 0.0150 -0.0443 1.4539 0.0155 -0.0442 1.4539 0.0155 -0.0364 1.4457 0.0243 -0.0329 1.4404 0.0253 -0.0371 1.4443 0.0236 -0.0446 1.4449 0.0153 -0.0360 1.4518 0.0180 -0.0354 1.4526 0.0177 -0.0363 1.4527 0.0193 -0.0307 1.4454 0.0158 -0.0314 1.4488 0.0182 -0.0299 1.4435 0.0167 -0.0324 1.4407 0.0250 -0.0366 1.4498 0.0186 -0.0297 1.4409 0.0196 -0.0272 1.4419 0.0225 -0.0284 1.4393 0.0244 -0.0307 1.4478 0.0176 -0.0269 1.4439 0.0219 -0.0376 1.4478 0.0229 -0.0344 1.4522 0.0165 -0.0281 1.4417 0.0184 -0.0281 1.4394 0.0205 -0.0370 1.4527 0.0204 -0.0374 1.4517 0.0217 -0.0280 1.4385 0.0242 -0.0293 1.4390 0.0254 -0.0456 1.4429 0.0166 -0.0282 1.4383 0.0243 -0.0282 1.4383 0.0243 -0.0425 1.4572 0.0119 -0.0502 1.4367 0.0222 -0.0470 1.4401 0.0184 -0.0454 1.4427 0.0164 -0.0435 1.4482 0.0132 -0.0430 1.4513 0.0120 -0.0424 1.4553 0.0113 -0.0424 1.4569 0.0116 -0.0177 1.4242 0.0385 -0.0136 1.4196 0.0358 -0.0130 1.4196 0.0361 -0.0186 1.4265 0.0354 -0.0512 1.4138 0.0447 -0.0523 1.4104 0.0461 -0.0151 1.4183 0.0444 -0.0151 1.4185 0.0442 -0.0160 1.3698 0.0662 -0.0130 1.3693 0.0583 -0.0552 1.3880 0.0517 -0.0614 1.3705 0.0612 -0.0163 1.3698 0.0664 -0.0163 1.3698 0.0664 -0.0163 1.3699 0.0664 -0.0193 1.3478 0.0728 -0.0228 1.3293 0.0762 -0.0232 1.3292 0.0765 -0.0227 1.3294 0.0764 -0.0634 1.3386 0.0702 -0.0697 1.2976 0.0731 -0.0708 1.3015 0.0765 -0.0114 1.2958 0.0895 -0.0095 1.2939 0.0887 -0.0199 1.3097 0.0839 -0.0078 1.2913 0.0904 -0.0197 1.3143 0.0829 -0.1284 1.2240 0.0452 -0.1105 1.2341 0.0548 -0.0989 1.2529 0.0695 -0.0978 1.2524 0.0637 -0.0943 1.2625 0.0726 -0.0977 1.2561 0.0722 -0.0823 1.2693 0.0707 -0.0796 1.2765 0.0750 -0.0789 1.2790 0.0749 -0.0820 1.2698 0.0663 -0.0811 1.2719 0.0663 -0.1063 1.2402 0.0584 -0.1062 1.2431 0.0598 -0.1106 1.2418 0.0628 -0.1082 1.2436 0.0619 -0.1273 1.2249 0.0456 -0.1316 1.2152 0.0320 -0.1331 1.2150 0.0318 -0.1302 1.2136 0.0294 -0.0155 1.3017 0.0873 -0.0175 1.3058 0.0863 -0.0704 1.2976 0.0746 -0.0708 1.2989 0.0758 -0.0694 1.3086 0.0759 -0.0643 1.3240 0.0710 -0.0195 1.3489 0.0698 -0.0619 1.3670 0.0617 -0.0556 1.3859 0.0514 -0.0559 1.3836 0.0515 -0.0564 1.3815 0.0521 -0.0617 1.3658 0.0613 -0.0613 1.3651 0.0606 -0.0579 1.3748 0.0548 -0.0583 1.3727 0.0557 -0.0579 1.3749 0.0549 -0.0622 1.3758 0.0555 -0.0626 1.3791 0.0538 -0.0182 1.3867 0.0551 -0.0471 1.4169 0.0385 -0.0474 1.4180 0.0388 -0.0480 1.4187 0.0398 -0.0524 1.4073 0.0456 -0.0500 1.4077 0.0429 -0.0133 1.4182 0.0364 -0.0124 1.4114 0.0403 -0.0487 1.4378 0.0202 -0.0496 1.4369 0.0212 -0.0448 1.4525 0.0167 -0.0367 1.4527 0.0200 -0.0316 1.4493 0.0201 -0.0317 1.4487 0.0151 -0.0336 1.4518 0.0155 -0.0182 1.4273 0.0328 -0.0528 1.4081 0.0461 -0.0182 1.3474 0.0686 -0.0160 1.3006 0.0806" />
                  </IndexedFaceSet>
                </Shape>
                <Shape>
                  <Appearance USE="Bone" />
                  <IndexedFaceSet coordIndex="6 17 18 -1 19 20 6 -1 5 6 18 -1 42 43 40 -1 45 46 47 -1 48 32 46 -1 51 26 28 -1 52 29 53 -1 10 25 11 -1 11 54 10 -1 57 26 56 -1 59 68 20 -1 32 67 8 -1 19 59 20 -1 13 14 16 -1 70 71 22 -1 64 61 71 -1 72 73 71 -1 72 62 73 -1 34 74 63 -1 16 65 66 -1 27 65 32 -1 78 27 77 -1 58 5 24 -1 24 45 47 -1 47 82 38 -1 41 44 35 -1 0 21 87 -1 36 88 35 -1 69 89 44 -1 82 47 46 -1 38 90 42 -1 18 48 46 -1 46 91 18 -1 13 94 49 -1 95 49 16 -1 3 46 56 -1 96 55 56 -1 97 29 52 -1 28 12 101 -1 42 90 101 -1 42 101 12 -1 3 4 81 -1 80 98 4 -1 16 94 13 -1 48 18 17 -1 17 32 48 -1 38 83 90 -1 83 28 90 -1 22 0 2 -1 2 103 33 -1 88 36 0 -1 86 39 85 -1 86 84 39 -1 84 38 39 -1 84 47 38 -1 83 38 82 -1 3 81 4 -1 58 24 60 -1 78 65 27 -1 105 66 78 -1 66 15 75 -1 105 106 15 -1 107 22 2 -1 20 68 17 -1 59 60 68 -1 65 14 13 -1 2 33 109 -1 110 34 63 -1 96 56 26 -1 13 9 7 -1 46 52 53 -1 69 34 33 -1 35 33 36 -1 35 89 33 -1 41 15 44 -1 89 35 44 -1 69 33 89 -1 12 43 42 -1 43 12 25 -1 92 32 8 -1 58 19 5 -1 67 32 65 -1 23 61 64 -1 110 33 34 -1 112 33 110 -1 109 33 113 -1 60 64 79 -1 114 64 60 -1 24 114 60 -1 21 71 23 -1 25 10 16 -1 74 69 44 -1 34 69 74 -1 6 31 115 -1 32 17 68 -1 109 107 2 -1 109 70 107 -1 71 113 116 -1 71 116 72 -1 117 76 62 -1 74 118 63 -1 44 118 74 -1 106 118 108 -1 117 118 106 -1 106 78 77 -1 106 105 78 -1 15 66 105 -1 65 78 66 -1 23 114 24 -1 79 64 76 -1 68 27 32 -1 68 79 27 -1 79 68 60 -1 6 5 19 -1 24 5 45 -1 84 23 47 -1 38 42 37 -1 84 104 23 -1 84 86 104 -1 37 85 39 -1 42 40 37 -1 104 85 119 -1 104 86 85 -1 35 40 41 -1 35 37 40 -1 40 15 41 -1 25 15 40 -1 104 21 23 -1 87 21 104 -1 88 87 104 -1 88 0 87 -1 22 21 0 -1 103 36 33 -1 103 1 36 -1 1 2 0 -1 18 45 5 -1 91 45 18 -1 53 30 46 -1 26 46 30 -1 51 82 26 -1 83 51 28 -1 83 82 51 -1 91 46 45 -1 92 8 7 -1 10 54 16 -1 56 55 3 -1 57 92 111 -1 102 100 111 -1 93 102 92 -1 93 12 102 -1 12 93 95 -1 97 3 29 -1 3 4 120 -1 98 120 4 -1 98 80 4 -1 50 53 29 -1 3 50 98 -1 99 96 26 -1 11 25 12 -1 28 101 90 -1 12 28 100 -1 28 26 100 -1 3 99 50 -1 3 55 99 -1 26 50 99 -1 26 53 50 -1 50 29 98 -1 120 98 29 -1 120 29 3 -1 52 3 97 -1 52 46 3 -1 95 11 12 -1 54 11 95 -1 100 102 12 -1 92 102 111 -1 57 100 26 -1 57 111 100 -1 32 92 46 -1 54 95 16 -1 95 9 49 -1 93 9 95 -1 13 49 9 -1 7 93 92 -1 7 9 93 -1 46 26 82 -1 2 1 103 -1 119 88 104 -1 35 88 119 -1 39 38 37 -1 24 47 23 -1 20 31 6 -1 27 76 77 -1 76 27 79 -1 62 76 64 -1 14 65 16 -1 66 25 16 -1 25 66 75 -1 75 15 25 -1 15 106 108 -1 117 77 76 -1 117 106 77 -1 44 108 118 -1 44 15 108 -1 117 63 118 -1 117 62 63 -1 64 73 62 -1 62 110 63 -1 110 62 72 -1 72 112 110 -1 116 112 72 -1 116 33 112 -1 116 113 33 -1 70 113 71 -1 70 109 113 -1 21 22 71 -1 67 7 8 -1 7 67 65 -1 13 7 65 -1 17 115 31 -1 115 17 6 -1 20 17 31 -1 64 114 23 -1 70 22 107 -1 64 71 73 -1 61 23 71 -1 60 19 58 -1 59 19 60 -1 56 46 57 -1 57 46 92 -1 96 99 55 -1 49 94 16 -1 98 4 3 -1 119 37 35 -1 119 85 37 -1 43 25 40 -1 30 53 26 -1 36 1 0 -1" creaseAngle="1.57">
                    <Coordinate point="-0.1258 1.3796 -0.0963 -0.1150 1.3822 -0.1012 -0.1183 1.3689 -0.1008 -0.1678 1.4469 -0.0445 -0.1741 1.4464 -0.0284 -0.1653 1.4223 -0.0445 -0.1623 1.4266 -0.0347 -0.1179 1.4528 -0.0450 -0.1322 1.4402 -0.0507 -0.1103 1.4552 -0.0535 -0.0820 1.4600 -0.0795 -0.0983 1.4579 -0.0862 -0.1153 1.4558 -0.0886 -0.1065 1.4609 -0.0514 -0.0916 1.4631 -0.0651 -0.0858 1.4351 -0.0870 -0.0891 1.4603 -0.0696 -0.1464 1.4385 -0.0274 -0.1620 1.4346 -0.0440 -0.1590 1.4202 -0.0352 -0.1541 1.4301 -0.0294 -0.1393 1.3862 -0.0830 -0.1282 1.3725 -0.0920 -0.1473 1.3966 -0.0757 -0.1555 1.4084 -0.0622 -0.0882 1.4498 -0.0857 -0.1492 1.4496 -0.0731 -0.1307 1.4282 -0.0657 -0.1340 1.4494 -0.0808 -0.1904 1.4433 -0.0506 -0.1631 1.4477 -0.0681 -0.1654 1.4312 -0.0122 -0.1331 1.4375 -0.0485 -0.1032 1.3843 -0.1039 -0.0919 1.4038 -0.1014 -0.1042 1.4095 -0.0939 -0.1072 1.3920 -0.1014 -0.1147 1.4242 -0.0816 -0.1261 1.4312 -0.0739 -0.1276 1.4175 -0.0787 -0.1015 1.4292 -0.0845 -0.0925 1.4232 -0.0929 -0.1099 1.4459 -0.0797 -0.0998 1.4450 -0.0802 -0.0856 1.4203 -0.0983 -0.1565 1.4200 -0.0564 -0.1545 1.4354 -0.0588 -0.1398 1.4198 -0.0661 -0.1509 1.4333 -0.0548 -0.1006 1.4564 -0.0616 -0.1700 1.4508 -0.0529 -0.1413 1.4452 -0.0747 -0.1695 1.4392 -0.0574 -0.1720 1.4445 -0.0629 -0.0921 1.4564 -0.0788 -0.1647 1.4479 -0.0490 -0.1562 1.4431 -0.0588 -0.1432 1.4442 -0.0664 -0.1607 1.4143 -0.0452 -0.1457 1.4265 -0.0398 -0.1469 1.4157 -0.0532 -0.1408 1.4011 -0.0767 -0.1149 1.4120 -0.0814 -0.1068 1.4124 -0.0848 -0.1353 1.4085 -0.0743 -0.1144 1.4465 -0.0653 -0.1051 1.4471 -0.0710 -0.1305 1.4391 -0.0506 -0.1362 1.4352 -0.0461 -0.0900 1.4039 -0.1059 -0.1251 1.3805 -0.0909 -0.1293 1.3946 -0.0854 -0.1145 1.4008 -0.0910 -0.1263 1.4052 -0.0824 -0.0896 1.4166 -0.0948 -0.0896 1.4430 -0.0804 -0.1239 1.4187 -0.0761 -0.1212 1.4260 -0.0739 -0.1179 1.4352 -0.0706 -0.1391 1.4191 -0.0609 -0.1818 1.4474 -0.0195 -0.1712 1.4503 -0.0322 -0.1431 1.4347 -0.0668 -0.1336 1.4367 -0.0702 -0.1355 1.4106 -0.0765 -0.1198 1.4138 -0.0834 -0.1286 1.4050 -0.0833 -0.1285 1.3920 -0.0892 -0.1197 1.3926 -0.0933 -0.0959 1.4053 -0.1034 -0.1157 1.4462 -0.0783 -0.1598 1.4299 -0.0514 -0.1287 1.4415 -0.0628 -0.1082 1.4503 -0.0730 -0.0961 1.4645 -0.0616 -0.1041 1.4502 -0.0700 -0.1544 1.4523 -0.0639 -0.1741 1.4402 -0.0509 -0.1848 1.4488 -0.0370 -0.1601 1.4523 -0.0619 -0.1339 1.4546 -0.0801 -0.1241 1.4488 -0.0843 -0.1226 1.4480 -0.0770 -0.1062 1.3790 -0.1081 -0.1325 1.3997 -0.0840 -0.1063 1.4326 -0.0761 -0.1075 1.4278 -0.0779 -0.1216 1.3700 -0.0974 -0.0949 1.4281 -0.0831 -0.1140 1.3808 -0.0976 -0.1030 1.4024 -0.0960 -0.1335 1.4461 -0.0745 -0.1038 1.3940 -0.1001 -0.1147 1.3870 -0.0954 -0.1451 1.4076 -0.0653 -0.1596 1.4356 -0.0148 -0.1150 1.3931 -0.0937 -0.1087 1.4231 -0.0797 -0.0972 1.4218 -0.0857 -0.1134 1.4093 -0.0883 -0.1781 1.4450 -0.0359" />
                  </IndexedFaceSet>
                </Shape>
                <Shape>
                  <Appearance USE="Bone" />
                  <IndexedFaceSet coordIndex="5 6 7 -1 9 10 4 -1 23 33 34 -1 23 35 33 -1 37 38 36 -1 47 48 49 -1 53 55 54 -1 50 54 56 -1 15 60 14 -1 60 61 14 -1 18 4 12 -1 18 17 9 -1 9 4 18 -1 4 62 20 -1 60 64 21 -1 21 66 65 -1 52 31 37 -1 52 27 31 -1 27 26 68 -1 24 25 69 -1 24 70 25 -1 40 70 31 -1 40 71 70 -1 72 73 54 -1 10 9 77 -1 79 7 8 -1 77 16 10 -1 80 81 82 -1 80 43 81 -1 42 43 83 -1 84 23 42 -1 37 85 50 -1 85 37 36 -1 87 19 20 -1 20 62 87 -1 10 88 11 -1 13 4 61 -1 75 89 90 -1 89 91 90 -1 92 93 75 -1 75 95 74 -1 96 97 25 -1 30 27 28 -1 23 24 59 -1 59 25 23 -1 37 51 52 -1 23 39 38 -1 65 99 21 -1 0 26 27 -1 56 100 101 -1 31 68 85 -1 85 36 31 -1 41 102 36 -1 103 104 40 -1 40 23 103 -1 41 76 23 -1 44 42 76 -1 44 43 42 -1 104 105 40 -1 106 107 66 -1 21 74 22 -1 21 99 74 -1 63 22 1 -1 63 21 22 -1 102 40 31 -1 23 38 24 -1 54 28 98 -1 24 69 59 -1 2 64 109 -1 95 94 29 -1 29 74 95 -1 4 14 61 -1 110 18 15 -1 69 30 27 -1 111 112 56 -1 48 114 115 -1 42 116 117 -1 42 83 118 -1 80 82 43 -1 10 86 119 -1 17 77 9 -1 17 16 77 -1 122 123 13 -1 54 29 28 -1 124 67 125 -1 67 70 125 -1 67 124 126 -1 102 41 40 -1 2 21 64 -1 15 18 12 -1 4 15 12 -1 94 2 0 -1 42 117 44 -1 23 40 41 -1 129 130 56 -1 33 35 131 -1 23 32 103 -1 4 20 14 -1 20 15 14 -1 20 110 15 -1 120 4 132 -1 2 1 0 -1 16 7 3 -1 21 13 60 -1 10 133 134 -1 37 24 38 -1 23 34 135 -1 56 136 100 -1 51 54 98 -1 130 54 51 -1 140 130 139 -1 94 141 2 -1 95 141 94 -1 0 108 28 -1 18 20 19 -1 110 20 18 -1 15 109 60 -1 24 27 30 -1 26 50 68 -1 125 70 71 -1 25 127 96 -1 67 126 25 -1 92 75 90 -1 13 121 122 -1 142 13 4 -1 142 121 13 -1 4 144 143 -1 145 7 146 -1 7 147 8 -1 148 5 7 -1 10 149 150 -1 87 62 10 -1 109 15 63 -1 151 13 152 -1 89 107 91 -1 89 66 107 -1 44 153 154 -1 42 118 116 -1 44 117 155 -1 36 48 76 -1 39 84 76 -1 84 39 23 -1 76 156 45 -1 115 156 48 -1 115 157 156 -1 48 158 113 -1 49 48 159 -1 45 160 161 -1 160 45 128 -1 51 50 56 -1 16 18 3 -1 19 3 18 -1 54 73 53 -1 162 66 163 -1 22 74 1 -1 16 87 10 -1 16 3 87 -1 10 165 164 -1 163 57 58 -1 66 57 163 -1 95 66 21 -1 95 75 66 -1 141 21 2 -1 141 95 21 -1 108 0 30 -1 29 94 0 -1 25 131 23 -1 28 52 51 -1 52 28 27 -1 131 35 23 -1 130 140 166 -1 48 137 161 -1 76 36 39 -1 44 138 42 -1 27 24 69 -1 16 17 18 -1 133 10 119 -1 134 149 10 -1 29 1 74 -1 1 29 0 -1 89 65 66 -1 89 99 65 -1 54 26 29 -1 54 167 168 -1 50 85 68 -1 42 23 76 -1 156 76 48 -1 36 76 41 -1 36 102 31 -1 168 56 54 -1 136 56 168 -1 40 105 71 -1 26 0 29 -1 106 66 162 -1 13 21 15 -1 15 4 13 -1 10 150 88 -1 70 67 25 -1 70 24 31 -1 76 161 137 -1 76 45 161 -1 42 138 84 -1 138 76 84 -1 38 39 36 -1 139 130 129 -1 169 131 25 -1 0 28 29 -1 30 69 24 -1 59 69 25 -1 66 75 57 -1 75 58 57 -1 58 75 93 -1 75 99 89 -1 10 11 165 -1 3 19 87 -1 144 4 120 -1 30 0 27 -1 159 161 160 -1 161 159 48 -1 158 48 47 -1 114 48 113 -1 45 157 46 -1 157 45 156 -1 45 46 128 -1 36 76 137 -1 44 154 153 -1 44 155 154 -1 43 44 81 -1 13 123 152 -1 60 13 61 -1 63 2 109 -1 1 2 63 -1 64 60 109 -1 62 4 10 -1 3 78 16 -1 7 78 3 -1 170 147 7 -1 79 146 7 -1 145 148 7 -1 7 16 78 -1 7 5 170 -1 6 5 7 -1 13 132 4 -1 13 151 132 -1 143 142 4 -1 75 74 99 -1 54 55 167 -1 54 50 26 -1 27 68 31 -1 15 21 63 -1 108 30 28 -1 169 25 97 -1 129 56 112 -1 56 101 111 -1 51 98 28 -1 130 72 54 -1 166 72 130 -1 138 44 76 -1 36 137 48 -1 50 51 37 -1 56 130 51 -1 23 135 32 -1 37 31 24 -1 86 10 164 -1" creaseAngle="1.57">
                    <Coordinate point="-0.0478 1.2536 0.0853 -0.0582 1.2403 0.0804 -0.0587 1.2430 0.0819 -0.0983 1.2119 0.0488 -0.1032 1.2299 0.0575 -0.1316 1.2152 0.0320 -0.1200 1.2095 0.0400 -0.1207 1.2093 0.0397 -0.1341 1.2104 0.0260 -0.1139 1.2196 0.0481 -0.1185 1.2192 0.0463 -0.1273 1.2249 0.0456 -0.0937 1.2229 0.0581 -0.1054 1.2375 0.0640 -0.0901 1.2292 0.0665 -0.0827 1.2265 0.0639 -0.1036 1.2131 0.0454 -0.0944 1.2170 0.0496 -0.0895 1.2163 0.0529 -0.0948 1.2170 0.0588 -0.0943 1.2228 0.0612 -0.0762 1.2381 0.0721 -0.0607 1.2425 0.0795 -0.0262 1.2998 0.0870 -0.0270 1.2763 0.0882 -0.0195 1.2891 0.0901 -0.0558 1.2580 0.0794 -0.0418 1.2645 0.0848 -0.0546 1.2638 0.0838 -0.0565 1.2547 0.0795 -0.0318 1.2664 0.0896 -0.0384 1.2786 0.0842 -0.0209 1.3111 0.0811 -0.0155 1.3017 0.0873 -0.0175 1.3058 0.0863 -0.0185 1.2992 0.0877 -0.0489 1.2960 0.0846 -0.0461 1.2800 0.0893 -0.0355 1.2902 0.0909 -0.0379 1.2998 0.0870 -0.0254 1.2989 0.0814 -0.0363 1.2963 0.0826 -0.0262 1.3090 0.0832 -0.0229 1.3172 0.0769 -0.0252 1.3167 0.0825 -0.0615 1.3081 0.0771 -0.0655 1.3106 0.0731 -0.0708 1.2989 0.0758 -0.0603 1.2967 0.0804 -0.0708 1.3015 0.0765 -0.0594 1.2728 0.0807 -0.0623 1.2728 0.0829 -0.0505 1.2735 0.0878 -0.0822 1.2675 0.0671 -0.0694 1.2687 0.0740 -0.0820 1.2698 0.0663 -0.0694 1.2770 0.0771 -0.0861 1.2518 0.0752 -0.0977 1.2561 0.0722 -0.0274 1.2792 0.0927 -0.0879 1.2321 0.0688 -0.1047 1.2289 0.0601 -0.1030 1.2221 0.0557 -0.0671 1.2326 0.0711 -0.0757 1.2376 0.0721 -0.0842 1.2430 0.0663 -0.0905 1.2448 0.0685 -0.0118 1.2852 0.0867 -0.0502 1.2691 0.0811 -0.0266 1.2703 0.0900 -0.0191 1.2879 0.0849 -0.0137 1.2945 0.0827 -0.0823 1.2693 0.0707 -0.0824 1.2676 0.0678 -0.0667 1.2513 0.0772 -0.0811 1.2501 0.0763 -0.0474 1.3034 0.0825 -0.1171 1.2198 0.0470 -0.1070 1.2083 0.0392 -0.1333 1.2096 0.0246 -0.0175 1.3177 0.0762 -0.0198 1.3228 0.0762 -0.0173 1.3177 0.0764 -0.0206 1.3121 0.0800 -0.0329 1.3080 0.0878 -0.0548 1.2770 0.0853 -0.1280 1.2189 0.0407 -0.1028 1.2162 0.0550 -0.1262 1.2252 0.0452 -0.0884 1.2544 0.0690 -0.0933 1.2615 0.0705 -0.0950 1.2582 0.0674 -0.0943 1.2625 0.0726 -0.0959 1.2606 0.0737 -0.0605 1.2529 0.0826 -0.0765 1.2485 0.0777 -0.0078 1.2913 0.0904 -0.0092 1.2940 0.0900 -0.0639 1.2649 0.0793 -0.0797 1.2511 0.0708 -0.0784 1.2817 0.0698 -0.0777 1.2826 0.0720 -0.0363 1.2829 0.0835 -0.0200 1.3089 0.0794 -0.0180 1.3045 0.0793 -0.0160 1.3006 0.0806 -0.0997 1.2511 0.0638 -0.0978 1.2524 0.0637 -0.0480 1.2601 0.0873 -0.0694 1.2334 0.0742 -0.0860 1.2183 0.0581 -0.0780 1.2826 0.0731 -0.0780 1.2819 0.0740 -0.0697 1.2976 0.0731 -0.0685 1.2994 0.0726 -0.0675 1.3013 0.0725 -0.0207 1.3124 0.0817 -0.0197 1.3143 0.0832 -0.0208 1.3123 0.0809 -0.1271 1.2188 0.0403 -0.1152 1.2324 0.0556 -0.1063 1.2402 0.0584 -0.1062 1.2431 0.0598 -0.1082 1.2436 0.0619 -0.0089 1.2873 0.0851 -0.0103 1.2901 0.0831 -0.0079 1.2870 0.0875 -0.0077 1.2899 0.0900 -0.0664 1.3115 0.0741 -0.0789 1.2790 0.0749 -0.0721 1.2729 0.0777 -0.0149 1.2962 0.0887 -0.1145 1.2332 0.0573 -0.1249 1.2207 0.0407 -0.1243 1.2222 0.0414 -0.0199 1.3097 0.0839 -0.0791 1.2797 0.0683 -0.0544 1.3004 0.0847 -0.0357 1.3112 0.0848 -0.0796 1.2765 0.0750 -0.0805 1.2742 0.0747 -0.0618 1.2438 0.0811 -0.1078 1.2365 0.0567 -0.1105 1.2341 0.0548 -0.1140 1.2320 0.0544 -0.1302 1.2113 0.0258 -0.1324 1.2095 0.0242 -0.1338 1.2132 0.0297 -0.1302 1.2136 0.0294 -0.1243 1.2235 0.0423 -0.1248 1.2247 0.0434 -0.1129 1.2377 0.0609 -0.1106 1.2418 0.0628 -0.0209 1.3237 0.0814 -0.0207 1.3236 0.0812 -0.0187 1.3193 0.0835 -0.0612 1.3037 0.0763 -0.0661 1.3060 0.0723 -0.0704 1.2976 0.0746 -0.0705 1.3042 0.0766 -0.0694 1.3086 0.0759 -0.0626 1.3044 0.0802 -0.0999 1.2510 0.0660 -0.0989 1.2529 0.0695 -0.1290 1.2208 0.0423 -0.1284 1.2240 0.0452 -0.0813 1.2722 0.0734 -0.0811 1.2719 0.0663 -0.0801 1.2758 0.0671 -0.0114 1.2958 0.0895 -0.1331 1.2150 0.0318" />
                  </IndexedFaceSet>
                </Shape>
                <Shape>
                  <Appearance USE="Bone" />
                  <IndexedFaceSet coordIndex="2 3 0 -1 1 0 8 -1 8 9 1 -1 10 11 3 -1 3 12 10 -1 5 14 15 -1 5 16 14 -1 19 20 21 -1 21 18 19 -1 22 23 24 -1 25 26 19 -1 27 28 18 -1 29 27 18 -1 22 30 23 -1 5 31 3 -1 3 32 4 -1 5 17 34 -1 36 5 15 -1 2 6 5 -1 2 37 6 -1 38 39 5 -1 31 13 3 -1 31 40 13 -1 32 7 4 -1 41 3 13 -1 3 42 43 -1 35 42 3 -1 44 33 45 -1 33 44 5 -1 16 5 44 -1 46 47 3 -1 48 35 5 -1 48 42 35 -1 5 49 48 -1 43 46 3 -1 47 12 3 -1 3 50 33 -1 3 51 50 -1 3 11 52 -1 3 52 51 -1 33 50 45 -1 37 9 8 -1 9 37 2 -1 3 41 32 -1 7 0 4 -1 7 8 0 -1 17 39 40 -1 5 39 17 -1 38 5 6 -1 5 36 49 -1 3 4 0 -1 2 1 9 -1 3 5 35 -1 5 3 2 -1 34 31 5 -1 3 33 5 -1 22 53 19 -1 22 54 55 -1 54 56 55 -1 57 59 58 -1 53 25 19 -1 53 60 25 -1 57 54 22 -1 62 64 63 -1 61 65 66 -1 22 65 61 -1 29 61 66 -1 61 29 18 -1 67 19 68 -1 19 67 22 -1 18 64 62 -1 64 18 28 -1 67 69 22 -1 22 69 65 -1 68 62 63 -1 62 68 19 -1 18 62 19 -1 61 18 22 -1 59 22 24 -1 22 59 57 -1 57 58 54 -1 56 53 55 -1 56 60 53 -1 26 20 19 -1 18 70 22 -1 18 21 70 -1 22 55 53 -1" creaseAngle="1.57">
                    <Coordinate point="-0.0142 1.3795 0.0547 -0.0142 1.3794 0.0547 -0.0213 1.3698 0.0600 -0.0356 1.3809 0.0580 -0.0256 1.3818 0.0565 -0.0370 1.3656 0.0633 -0.0161 1.3641 0.0618 -0.0167 1.3858 0.0539 -0.0140 1.3794 0.0549 -0.0142 1.3794 0.0547 -0.0552 1.3884 0.0522 -0.0561 1.3880 0.0536 -0.0552 1.3880 0.0517 -0.0157 1.3798 0.0609 -0.0617 1.3658 0.0613 -0.0613 1.3651 0.0606 -0.0619 1.3670 0.0617 -0.0163 1.3698 0.0664 -0.0438 1.3233 0.0756 -0.0342 1.3367 0.0716 -0.0184 1.3308 0.0726 -0.0215 1.3279 0.0738 -0.0382 1.3377 0.0745 -0.0211 1.3313 0.0781 -0.0190 1.3354 0.0782 -0.0168 1.3346 0.0714 -0.0171 1.3340 0.0715 -0.0644 1.3238 0.0718 -0.0643 1.3240 0.0710 -0.0649 1.3263 0.0728 -0.0227 1.3294 0.0764 -0.0163 1.3699 0.0664 -0.0183 1.3868 0.0551 -0.0470 1.3701 0.0653 -0.0163 1.3698 0.0664 -0.0443 1.3724 0.0585 -0.0604 1.3651 0.0597 -0.0130 1.3693 0.0583 -0.0191 1.3627 0.0650 -0.0177 1.3648 0.0669 -0.0160 1.3698 0.0662 -0.0173 1.3855 0.0570 -0.0579 1.3748 0.0548 -0.0564 1.3815 0.0521 -0.0614 1.3705 0.0612 -0.0610 1.3744 0.0602 -0.0559 1.3836 0.0515 -0.0556 1.3859 0.0514 -0.0583 1.3727 0.0557 -0.0592 1.3684 0.0577 -0.0605 1.3772 0.0592 -0.0592 1.3823 0.0572 -0.0577 1.3855 0.0552 -0.0157 1.3411 0.0690 -0.0197 1.3490 0.0698 -0.0184 1.3474 0.0684 -0.0182 1.3474 0.0686 -0.0271 1.3387 0.0757 -0.0193 1.3478 0.0728 -0.0181 1.3422 0.0765 -0.0156 1.3411 0.0692 -0.0430 1.3349 0.0761 -0.0430 1.3245 0.0743 -0.0628 1.3291 0.0684 -0.0628 1.3290 0.0684 -0.0634 1.3386 0.0702 -0.0650 1.3330 0.0722 -0.0592 1.3418 0.0664 -0.0613 1.3360 0.0670 -0.0596 1.3424 0.0669 -0.0228 1.3293 0.0762" />
                  </IndexedFaceSet>
                </Shape>
              </Transform>
            </Transform>
          </HAnimSegment>
          <HAnimJoint DEF="Joe_vc4" center="0 1.5675 -0.0256" name="vc4">
            <HAnimSegment DEF="Joe_c4" name="c4">
              <Transform DEF="HeadSkeletonParts">
                <Shape>
                  <Appearance USE="Bone" />
                  <IndexedFaceSet coordIndex="6 7 8 -1 10 11 9 -1 15 1 2 -1 6 14 11 -1 18 7 4 -1 7 15 19 -1 20 15 2 -1 2 1 23 -1 2 22 13 -1 11 10 6 -1 4 3 18 -1 0 24 23 -1 19 14 7 -1 15 20 21 -1 7 17 4 -1 10 9 16 -1 9 11 0 -1 14 6 8 -1 24 0 26 -1 23 22 2 -1 7 6 10 -1 7 14 8 -1 25 0 12 -1 13 26 0 -1 7 10 17 -1 13 22 26 -1 14 19 5 -1 2 12 14 -1 4 16 9 -1 0 25 13 -1 4 17 16 -1 19 15 21 -1 18 15 7 -1 21 20 5 -1 5 19 21 -1 1 3 23 -1 9 23 3 -1 9 3 4 -1 0 23 9 -1 2 13 12 -1 2 5 20 -1 15 3 1 -1 15 18 3 -1 14 12 0 -1 25 12 13 -1 17 10 16 -1 5 2 14 -1 0 11 14 -1 24 22 23 -1" creaseAngle="1.571">
                    <Coordinate point="0.0104 1.6511 0.0709 0.0073 1.6518 0.0767 0.0104 1.6461 0.0764 0.0072 1.6557 0.0756 0.0072 1.6603 0.0767 0.0093 1.6469 0.0775 0.0089 1.6580 0.0767 0.0073 1.6601 0.0822 0.0087 1.6542 0.0793 0.0093 1.6559 0.0726 0.0089 1.6595 0.0762 0.0097 1.6539 0.0750 0.0116 1.6482 0.0724 0.0108 1.6473 0.0700 0.0091 1.6511 0.0762 0.0080 1.6490 0.0805 0.0095 1.6624 0.0705 0.0093 1.6632 0.0760 0.0067 1.6562 0.0803 0.0089 1.6511 0.0832 0.0101 1.6438 0.0807 0.0099 1.6462 0.0833 0.0087 1.6491 0.0714 0.0084 1.6508 0.0737 0.0096 1.6494 0.0705 0.0118 1.6493 0.0667 0.0095 1.6484 0.0691" />
                  </IndexedFaceSet>
                </Shape>
                <Shape>
                  <Appearance USE="Bone" />
                  <IndexedFaceSet coordIndex="5 15 16 -1 15 5 16 -1 18 19 7 -1 4 11 20 -1 14 20 8 -1 9 18 5 -1 25 3 0 -1 18 9 3 -1 20 7 8 -1 11 10 17 -1 19 1 6 -1 1 3 2 -1 3 25 2 -1 23 7 20 -1 7 19 8 -1 8 19 14 -1 3 19 18 -1 2 25 0 -1 4 20 24 -1 7 5 18 -1 19 6 14 -1 12 3 1 -1 1 13 22 -1 21 3 1 -1 14 13 20 -1 5 16 4 -1 13 1 2 -1 23 5 7 -1 17 5 23 -1 1 3 21 -1 11 4 10 -1 24 13 2 -1 24 20 13 -1 14 6 13 -1 2 5 24 -1 22 6 1 -1 2 0 5 -1 9 0 3 -1 0 9 5 -1 12 1 19 -1 4 17 10 -1 17 20 11 -1 23 20 17 -1 22 13 6 -1 24 5 4 -1 17 16 5 -1 17 4 16 -1 19 3 12 -1" creaseAngle="1.571">
                    <Coordinate point="-0.0100 1.6522 0.0713 -0.0087 1.6471 0.0762 -0.0079 1.6512 0.0746 -0.0107 1.6484 0.0704 -0.0071 1.6604 0.0765 -0.0090 1.6592 0.0724 -0.0094 1.6482 0.0815 -0.0088 1.6561 0.0782 -0.0076 1.6568 0.0820 -0.0104 1.6542 0.0730 -0.0072 1.6639 0.0808 -0.0070 1.6628 0.0818 -0.0095 1.6499 0.0745 -0.0087 1.6487 0.0810 -0.0089 1.6506 0.0828 -0.0094 1.6629 0.0686 -0.0101 1.6633 0.0720 -0.0090 1.6615 0.0764 -0.0094 1.6554 0.0754 -0.0087 1.6516 0.0773 -0.0071 1.6565 0.0810 -0.0123 1.6448 0.0753 -0.0101 1.6438 0.0802 -0.0088 1.6581 0.0776 -0.0072 1.6557 0.0753 -0.0085 1.6506 0.0729" />
                  </IndexedFaceSet>
                </Shape>
                <Shape>
                  <Appearance USE="Bone" />
                  <IndexedFaceSet coordIndex="5 6 7 -1 14 16 17 -1 28 27 29 -1 30 29 31 -1 32 47 46 -1 54 55 56 -1 45 51 26 -1 60 42 51 -1 61 62 63 -1 40 66 67 -1 72 73 74 -1 80 81 82 -1 84 8 83 -1 87 88 89 -1 70 71 79 -1 40 92 66 -1 94 95 96 -1 98 15 99 -1 101 102 103 -1 11 89 88 -1 105 89 23 -1 106 17 16 -1 22 86 107 -1 86 103 102 -1 108 109 1 -1 110 63 62 -1 62 61 23 -1 108 82 111 -1 112 113 82 -1 125 126 123 -1 139 140 136 -1 146 147 143 -1 135 150 151 -1 136 141 139 -1 163 164 165 -1 159 166 167 -1 164 163 171 -1 142 157 156 -1 173 129 174 -1 143 180 181 -1 182 183 184 -1 195 86 22 -1 188 140 201 -1 188 177 150 -1 203 204 96 -1 207 205 208 -1 209 210 211 -1 161 152 134 -1 213 131 212 -1 127 215 216 -1 127 123 217 -1 127 216 218 -1 22 137 219 -1 103 195 209 -1 198 197 191 -1 22 192 137 -1 227 226 228 -1 231 232 233 -1 236 237 121 -1 238 232 5 -1 241 153 226 -1 223 243 224 -1 191 197 190 -1 225 197 198 -1 223 198 6 -1 137 126 127 -1 4 121 237 -1 196 209 195 -1 215 132 189 -1 176 134 152 -1 173 175 248 -1 150 177 153 -1 6 5 254 -1 9 222 193 -1 217 214 132 -1 155 150 135 -1 222 9 8 -1 193 8 192 -1 190 220 191 -1 252 250 184 -1 178 202 185 -1 143 200 180 -1 201 139 142 -1 178 248 175 -1 135 154 153 -1 135 257 136 -1 235 145 157 -1 170 158 145 -1 151 154 135 -1 147 146 263 -1 181 156 157 -1 266 119 264 -1 268 269 116 -1 271 62 272 -1 61 63 84 -1 275 122 121 -1 102 17 106 -1 19 18 16 -1 20 65 104 -1 277 278 102 -1 101 100 102 -1 92 40 93 -1 279 280 281 -1 66 282 68 -1 31 33 32 -1 83 9 22 -1 77 78 93 -1 31 285 59 -1 46 47 32 -1 57 286 54 -1 49 20 41 -1 26 27 45 -1 45 287 29 -1 38 26 42 -1 288 148 149 -1 35 34 289 -1 287 27 29 -1 290 20 87 -1 87 13 11 -1 10 11 13 -1 13 20 10 -1 37 36 288 -1 67 42 43 -1 50 41 43 -1 285 31 120 -1 52 48 24 -1 57 54 47 -1 291 71 77 -1 23 11 12 -1 18 89 90 -1 10 20 81 -1 79 292 70 -1 67 38 42 -1 101 103 95 -1 277 15 278 -1 20 104 21 -1 74 64 19 -1 11 88 87 -1 89 105 61 -1 275 274 122 -1 272 11 293 -1 82 113 111 -1 114 112 81 -1 10 81 294 -1 50 42 60 -1 122 236 121 -1 295 53 296 -1 295 297 53 -1 133 124 134 -1 140 155 136 -1 139 141 142 -1 153 199 152 -1 152 161 299 -1 169 259 166 -1 136 256 135 -1 188 178 177 -1 206 213 187 -1 192 194 137 -1 24 25 160 -1 300 188 201 -1 186 251 255 -1 301 204 302 -1 153 151 150 -1 178 252 202 -1 209 211 103 -1 209 196 210 -1 174 134 176 -1 212 173 187 -1 189 216 215 -1 127 217 215 -1 216 219 218 -1 4 237 3 -1 7 253 0 -1 225 198 224 -1 153 152 162 -1 238 303 232 -1 243 304 242 -1 198 223 224 -1 137 244 126 -1 3 0 4 -1 86 195 103 -1 219 195 22 -1 217 123 214 -1 123 133 214 -1 175 176 152 -1 208 298 207 -1 96 95 203 -1 252 178 188 -1 182 186 255 -1 125 123 127 -1 193 222 8 -1 192 22 9 -1 221 194 8 -1 252 184 202 -1 257 135 241 -1 170 163 165 -1 134 299 161 -1 136 155 135 -1 149 160 25 -1 262 261 149 -1 167 24 160 -1 123 124 133 -1 128 125 127 -1 125 128 126 -1 108 283 109 -1 82 81 112 -1 62 23 272 -1 62 271 110 -1 22 107 61 -1 18 106 16 -1 14 72 19 -1 104 76 21 -1 277 102 100 -1 100 101 95 -1 98 99 97 -1 94 96 280 -1 67 66 38 -1 9 83 8 -1 93 40 75 -1 91 33 69 -1 27 68 29 -1 276 40 76 -1 44 26 42 -1 53 286 52 -1 39 43 21 -1 21 76 39 -1 48 37 25 -1 5 7 0 -1 0 237 238 -1 0 3 237 -1 20 13 87 -1 48 34 37 -1 115 60 51 -1 58 286 57 -1 286 58 48 -1 30 59 29 -1 29 59 117 -1 85 61 84 -1 106 61 107 -1 85 83 22 -1 108 111 283 -1 85 84 83 -1 47 32 289 -1 307 148 36 -1 148 307 308 -1 68 27 66 -1 66 78 282 -1 92 78 66 -1 96 281 280 -1 96 301 281 -1 40 67 39 -1 77 93 97 -1 40 74 75 -1 40 276 74 -1 309 15 277 -1 15 309 99 -1 15 14 278 -1 104 64 76 -1 21 41 20 -1 21 310 41 -1 65 20 290 -1 18 19 64 -1 64 311 18 -1 89 18 311 -1 89 11 23 -1 106 18 90 -1 16 14 19 -1 8 275 121 -1 274 109 122 -1 272 80 271 -1 272 293 80 -1 2 1 274 -1 84 2 274 -1 12 11 272 -1 12 272 23 -1 114 20 49 -1 81 20 114 -1 49 41 270 -1 113 49 270 -1 116 60 115 -1 270 60 116 -1 51 312 115 -1 51 313 312 -1 111 269 268 -1 315 316 317 -1 318 316 315 -1 56 120 31 -1 315 319 320 -1 321 319 315 -1 266 118 119 -1 265 266 264 -1 265 322 266 -1 323 321 324 -1 319 321 323 -1 54 325 55 -1 53 325 54 -1 326 324 327 -1 326 323 324 -1 328 322 265 -1 328 330 236 -1 331 327 332 -1 326 327 331 -1 333 53 297 -1 325 53 333 -1 140 139 201 -1 146 158 263 -1 199 153 177 -1 153 199 249 -1 152 260 162 -1 240 257 241 -1 240 239 257 -1 258 170 165 -1 257 239 136 -1 248 187 173 -1 223 6 254 -1 143 145 158 -1 148 334 262 -1 308 334 148 -1 157 144 181 -1 140 188 150 -1 250 186 182 -1 250 300 186 -1 301 251 335 -1 251 301 255 -1 302 182 255 -1 179 177 178 -1 199 177 179 -1 202 184 205 -1 187 178 185 -1 187 248 178 -1 208 336 210 -1 173 176 175 -1 337 214 138 -1 132 130 189 -1 219 127 218 -1 127 219 137 -1 4 8 121 -1 246 7 6 -1 246 253 7 -1 0 253 245 -1 221 0 245 -1 220 198 191 -1 225 299 197 -1 224 299 225 -1 227 338 339 -1 338 227 242 -1 340 339 341 -1 229 304 223 -1 341 342 343 -1 342 341 339 -1 344 345 346 -1 344 343 345 -1 347 346 345 -1 347 348 346 -1 258 349 350 -1 258 351 349 -1 352 353 354 -1 352 355 353 -1 303 357 356 -1 358 330 359 -1 330 358 356 -1 360 332 361 -1 332 360 362 -1 166 259 297 -1 349 361 363 -1 361 349 360 -1 353 359 364 -1 359 353 358 -1 357 237 236 -1 237 357 365 -1 303 356 234 -1 347 354 362 -1 347 352 354 -1 350 170 258 -1 170 350 259 -1 345 352 347 -1 352 345 366 -1 232 234 233 -1 232 303 234 -1 367 233 368 -1 367 231 233 -1 346 164 344 -1 164 346 369 -1 339 367 342 -1 367 339 338 -1 229 223 254 -1 230 304 229 -1 240 341 370 -1 240 340 341 -1 242 304 338 -1 260 299 224 -1 152 299 260 -1 134 197 299 -1 0 221 4 -1 253 244 245 -1 253 247 244 -1 196 130 131 -1 216 189 219 -1 215 217 132 -1 214 337 132 -1 176 173 174 -1 210 95 211 -1 336 95 210 -1 185 206 187 -1 185 205 206 -1 152 199 175 -1 336 183 203 -1 183 336 208 -1 184 250 182 -1 302 255 301 -1 155 140 150 -1 251 200 305 -1 251 186 200 -1 180 142 181 -1 180 201 142 -1 262 305 147 -1 305 262 334 -1 124 126 190 -1 126 124 123 -1 9 193 192 -1 159 167 160 -1 135 153 172 -1 171 136 239 -1 157 163 170 -1 157 142 163 -1 145 235 170 -1 169 158 170 -1 168 158 169 -1 295 167 166 -1 263 158 261 -1 157 145 143 -1 53 52 296 -1 363 325 333 -1 371 325 363 -1 364 326 331 -1 372 326 364 -1 373 328 236 -1 328 373 322 -1 372 323 326 -1 372 374 323 -1 371 55 325 -1 371 375 55 -1 376 324 321 -1 376 377 324 -1 321 317 376 -1 321 315 317 -1 320 318 315 -1 312 318 320 -1 268 267 111 -1 312 313 318 -1 313 51 306 -1 42 26 51 -1 269 270 116 -1 113 270 269 -1 270 50 60 -1 2 84 378 -1 271 273 110 -1 271 80 273 -1 17 278 14 -1 17 102 278 -1 90 89 61 -1 19 72 74 -1 290 64 65 -1 64 290 311 -1 73 14 98 -1 14 73 72 -1 98 97 73 -1 77 99 291 -1 99 77 97 -1 279 94 280 -1 291 94 279 -1 379 301 380 -1 281 301 379 -1 307 380 308 -1 379 380 307 -1 69 70 91 -1 282 70 69 -1 148 288 36 -1 293 10 294 -1 293 11 10 -1 27 28 29 -1 59 30 31 -1 31 32 56 -1 56 55 120 -1 56 47 54 -1 44 42 26 -1 43 39 67 -1 34 48 47 -1 109 274 1 -1 14 15 98 -1 31 29 33 -1 47 289 34 -1 41 310 21 -1 45 27 287 -1 270 41 50 -1 45 306 51 -1 45 117 306 -1 32 47 56 -1 117 45 29 -1 25 24 48 -1 109 283 267 -1 294 81 80 -1 75 97 93 -1 289 33 35 -1 284 36 35 -1 284 307 36 -1 29 69 33 -1 29 68 69 -1 91 292 284 -1 91 70 292 -1 27 26 38 -1 79 279 281 -1 78 77 71 -1 291 309 94 -1 99 309 291 -1 73 75 74 -1 73 97 75 -1 95 277 100 -1 277 95 309 -1 76 64 276 -1 64 104 65 -1 311 87 89 -1 106 107 86 -1 108 80 82 -1 273 1 378 -1 22 61 85 -1 114 49 112 -1 49 113 112 -1 314 115 312 -1 116 115 314 -1 316 117 59 -1 316 306 117 -1 314 118 268 -1 119 314 381 -1 118 314 119 -1 317 59 285 -1 316 59 317 -1 120 382 285 -1 383 320 319 -1 383 381 320 -1 267 266 109 -1 266 267 118 -1 374 319 323 -1 383 319 374 -1 375 120 55 -1 382 120 375 -1 286 53 54 -1 327 377 384 -1 327 324 377 -1 265 385 328 -1 122 109 329 -1 330 385 359 -1 328 385 330 -1 332 384 361 -1 327 384 332 -1 144 157 143 -1 159 149 261 -1 159 160 149 -1 142 141 136 -1 226 227 241 -1 166 159 168 -1 168 169 166 -1 170 235 157 -1 163 142 171 -1 172 153 135 -1 254 5 229 -1 205 185 202 -1 261 158 159 -1 149 148 262 -1 181 144 143 -1 186 180 200 -1 186 300 180 -1 380 334 308 -1 334 380 335 -1 252 300 250 -1 301 335 380 -1 203 302 204 -1 302 203 183 -1 208 184 183 -1 208 205 184 -1 205 207 206 -1 208 210 298 -1 131 206 207 -1 213 206 131 -1 129 138 174 -1 337 138 129 -1 213 212 187 -1 212 132 129 -1 212 130 132 -1 133 138 214 -1 134 138 133 -1 219 130 195 -1 5 0 238 -1 220 6 198 -1 6 220 246 -1 220 126 244 -1 194 221 137 -1 221 244 137 -1 245 244 221 -1 127 126 128 -1 153 228 226 -1 153 162 228 -1 228 242 227 -1 242 228 260 -1 339 241 227 -1 339 340 241 -1 304 243 223 -1 370 343 344 -1 343 370 341 -1 366 343 342 -1 343 366 345 -1 230 232 231 -1 368 234 355 -1 234 368 233 -1 348 369 346 -1 348 351 369 -1 351 360 349 -1 351 348 360 -1 355 358 353 -1 355 234 358 -1 365 303 238 -1 303 365 357 -1 330 356 236 -1 362 331 332 -1 331 362 354 -1 259 333 297 -1 333 259 350 -1 297 295 166 -1 350 363 333 -1 363 350 349 -1 354 364 331 -1 364 354 353 -1 236 356 357 -1 358 234 356 -1 348 362 360 -1 348 347 362 -1 259 169 170 -1 165 351 258 -1 351 165 369 -1 366 355 352 -1 355 366 368 -1 232 229 5 -1 230 229 232 -1 342 368 366 -1 342 367 368 -1 369 165 164 -1 171 344 164 -1 344 171 370 -1 338 231 367 -1 231 338 230 -1 230 338 304 -1 239 370 171 -1 239 240 370 -1 241 340 240 -1 241 135 153 -1 260 243 242 -1 243 260 224 -1 162 260 228 -1 192 8 194 -1 4 221 8 -1 247 220 244 -1 247 253 246 -1 220 247 246 -1 130 196 195 -1 212 131 130 -1 337 129 132 -1 212 129 173 -1 134 174 138 -1 131 210 196 -1 131 298 210 -1 95 103 211 -1 189 130 219 -1 199 178 175 -1 203 95 336 -1 179 178 199 -1 249 199 153 -1 183 182 302 -1 301 96 204 -1 252 188 300 -1 335 305 334 -1 305 335 251 -1 300 201 180 -1 305 143 147 -1 305 200 143 -1 263 262 147 -1 263 261 262 -1 168 159 158 -1 126 220 190 -1 190 134 124 -1 197 134 190 -1 135 256 136 -1 136 171 142 -1 153 154 151 -1 143 158 146 -1 142 156 181 -1 298 131 207 -1 295 24 167 -1 296 24 295 -1 361 371 363 -1 384 371 361 -1 359 372 364 -1 385 372 359 -1 122 373 236 -1 329 373 122 -1 322 329 109 -1 373 329 322 -1 385 374 372 -1 385 265 374 -1 384 375 371 -1 384 377 375 -1 382 377 376 -1 382 375 377 -1 265 383 374 -1 264 383 265 -1 322 109 266 -1 264 381 383 -1 264 119 381 -1 285 376 317 -1 382 376 285 -1 381 312 320 -1 314 312 381 -1 111 267 283 -1 268 118 267 -1 318 306 316 -1 318 313 306 -1 268 116 314 -1 111 113 269 -1 47 58 57 -1 8 84 275 -1 110 84 63 -1 84 110 378 -1 275 84 274 -1 2 378 1 -1 110 273 378 -1 1 273 108 -1 108 273 80 -1 102 106 86 -1 105 23 61 -1 87 311 290 -1 106 90 61 -1 40 39 76 -1 43 41 21 -1 309 95 94 -1 71 291 279 -1 92 93 78 -1 71 279 79 -1 292 281 379 -1 79 281 292 -1 70 78 71 -1 70 282 78 -1 66 27 38 -1 284 379 307 -1 292 379 284 -1 68 282 69 -1 33 284 35 -1 33 91 284 -1 36 34 35 -1 36 37 34 -1 25 288 149 -1 294 80 293 -1 74 276 64 -1 58 47 48 -1 43 42 50 -1 286 48 52 -1 24 296 52 -1 288 25 37 -1 32 33 289 -1 237 365 238 -1" creaseAngle="1.571">
                    <Coordinate point="-0.0183 1.6780 0.0824 0.0264 1.6779 0.0815 0.0157 1.6775 0.0827 -0.0112 1.6797 0.0894 -0.0099 1.6736 0.0846 -0.0289 1.6835 0.0826 -0.0379 1.6798 0.0781 -0.0285 1.6796 0.0802 0.0009 1.6696 0.0836 -0.0004 1.6763 0.0788 0.0344 1.6680 0.0436 0.0206 1.6646 0.0427 0.0133 1.6621 0.0417 0.0329 1.6694 0.0405 0.0261 1.6861 0.0806 0.0179 1.6936 0.0831 0.0202 1.6816 0.0760 0.0162 1.6810 0.0775 0.0269 1.6789 0.0651 0.0307 1.6812 0.0736 0.0441 1.6741 0.0436 0.0521 1.6879 0.0462 -0.0046 1.6704 0.0656 0.0106 1.6647 0.0490 0.0029 1.7618 0.0164 0.0060 1.7568 0.0208 0.0537 1.7199 0.0348 0.0464 1.7259 0.0420 0.0483 1.7314 0.0333 0.0457 1.7325 0.0343 0.0454 1.7377 0.0289 0.0431 1.7419 0.0289 0.0328 1.7466 0.0251 0.0316 1.7417 0.0394 0.0169 1.7503 0.0357 0.0193 1.7466 0.0449 0.0092 1.7499 0.0459 0.0090 1.7527 0.0348 0.0499 1.7155 0.0456 0.0515 1.6955 0.0540 0.0483 1.7042 0.0579 0.0515 1.6833 0.0445 0.0542 1.7034 0.0388 0.0548 1.6991 0.0393 0.0570 1.7055 0.0308 0.0525 1.7255 0.0334 0.0296 1.7523 0.0217 0.0261 1.7517 0.0217 0.0173 1.7557 0.0200 0.0510 1.6812 0.0561 0.0554 1.6953 0.0455 0.0537 1.7144 0.0480 0.0127 1.7596 0.0278 0.0136 1.7585 0.0361 0.0290 1.7523 0.0342 0.0255 1.7518 0.0425 0.0319 1.7506 0.0337 0.0224 1.7569 0.0272 0.0206 1.7567 0.0184 0.0447 1.7381 0.0392 0.0546 1.7021 0.0509 0.0120 1.6706 0.0618 0.0093 1.6674 0.0589 0.0131 1.6716 0.0642 0.0409 1.6782 0.0626 0.0421 1.6738 0.0541 0.0448 1.7198 0.0543 0.0521 1.7062 0.0484 0.0398 1.7307 0.0499 0.0338 1.7356 0.0502 0.0296 1.7328 0.0608 0.0241 1.7271 0.0732 0.0309 1.6855 0.0792 0.0314 1.6939 0.0805 0.0407 1.6877 0.0722 0.0427 1.7040 0.0691 0.0491 1.6845 0.0566 0.0260 1.7147 0.0802 0.0346 1.7218 0.0680 0.0165 1.7321 0.0713 0.0354 1.6741 0.0619 0.0409 1.6707 0.0547 0.0452 1.6744 0.0713 0.0094 1.6748 0.0754 0.0102 1.6681 0.0747 0.0090 1.6682 0.0622 0.0015 1.6766 0.0737 0.0306 1.6694 0.0441 0.0226 1.6717 0.0529 0.0203 1.6717 0.0535 0.0150 1.6730 0.0613 0.0265 1.7388 0.0538 0.0381 1.7193 0.0655 0.0382 1.7115 0.0715 0.0074 1.7171 0.0821 0.0000 1.7070 0.0799 0.0000 1.7273 0.0756 0.0330 1.7038 0.0793 0.0264 1.6942 0.0818 0.0190 1.7053 0.0847 0.0042 1.6916 0.0831 0.0011 1.6899 0.0807 0.0107 1.6813 0.0792 -0.0008 1.6899 0.0806 0.0474 1.6782 0.0510 0.0128 1.6665 0.0509 0.0193 1.6782 0.0677 0.0102 1.6742 0.0678 0.0392 1.6762 0.0777 0.0261 1.6866 0.0867 0.0197 1.6763 0.0647 0.0414 1.6876 0.0762 0.0474 1.6792 0.0633 0.0484 1.6831 0.0639 0.0452 1.6727 0.0564 0.0516 1.7061 0.0586 0.0495 1.6991 0.0654 0.0522 1.7246 0.0378 0.0395 1.7002 0.0776 0.0330 1.7067 0.0835 0.0359 1.7461 0.0405 0.0003 1.6797 0.0893 0.0075 1.6866 0.0907 -0.0224 1.6651 0.0423 -0.0333 1.6682 0.0425 -0.0136 1.6611 0.0392 -0.0219 1.6669 0.0476 -0.0106 1.6647 0.0490 -0.0194 1.6661 0.0472 -0.0349 1.6769 0.0631 -0.0212 1.6811 0.0733 -0.0261 1.6861 0.0805 -0.0253 1.6762 0.0595 -0.0340 1.6697 0.0412 -0.0436 1.6734 0.0448 -0.0547 1.7171 0.0337 -0.0515 1.7254 0.0322 -0.0072 1.6693 0.0634 -0.0367 1.6697 0.0500 -0.0480 1.7287 0.0348 -0.0454 1.7248 0.0458 -0.0459 1.7344 0.0313 -0.0443 1.7345 0.0334 -0.0240 1.7464 0.0378 -0.0284 1.7437 0.0395 -0.0302 1.7493 0.0227 -0.0196 1.7491 0.0360 -0.0193 1.7466 0.0449 0.0000 1.7510 0.0452 -0.0017 1.7538 0.0341 -0.0499 1.7155 0.0456 -0.0548 1.7051 0.0383 -0.0531 1.6868 0.0441 -0.0548 1.7007 0.0384 -0.0569 1.7050 0.0308 -0.0505 1.7212 0.0372 -0.0384 1.7426 0.0269 -0.0363 1.7441 0.0263 -0.0212 1.7534 0.0213 -0.0121 1.7591 0.0185 -0.0088 1.7583 0.0195 -0.0503 1.6802 0.0413 -0.0552 1.6955 0.0471 -0.0372 1.7472 0.0324 -0.0399 1.7401 0.0468 -0.0359 1.7461 0.0405 -0.0128 1.7597 0.0279 -0.0022 1.7638 0.0194 -0.0223 1.7548 0.0197 -0.0222 1.7566 0.0285 -0.0279 1.7533 0.0304 -0.0447 1.7381 0.0392 -0.0563 1.7137 0.0338 -0.0429 1.6801 0.0644 -0.0421 1.6738 0.0541 -0.0491 1.6845 0.0566 -0.0474 1.6782 0.0510 -0.0521 1.7062 0.0484 -0.0483 1.7042 0.0579 -0.0513 1.6972 0.0539 -0.0338 1.7356 0.0502 -0.0342 1.7400 0.0393 -0.0241 1.7271 0.0732 -0.0209 1.7156 0.0813 -0.0260 1.7147 0.0802 -0.0427 1.7040 0.0691 -0.0296 1.7328 0.0608 -0.0406 1.6865 0.0718 -0.0448 1.7198 0.0543 -0.0154 1.6735 0.0609 -0.0389 1.6698 0.0539 -0.0445 1.6701 0.0641 -0.0090 1.6695 0.0720 -0.0050 1.6769 0.0806 -0.0093 1.6671 0.0715 -0.0029 1.6765 0.0733 -0.0131 1.6828 0.0813 -0.0430 1.6712 0.0552 -0.0452 1.6747 0.0701 -0.0514 1.6933 0.0526 -0.0265 1.7388 0.0538 -0.0398 1.7307 0.0499 -0.0382 1.7115 0.0715 -0.0074 1.7171 0.0821 -0.0073 1.7259 0.0770 -0.0330 1.7038 0.0793 -0.0314 1.6939 0.0805 -0.0264 1.6942 0.0818 -0.0190 1.7053 0.0847 -0.0052 1.6816 0.0808 -0.0123 1.6929 0.0833 -0.0041 1.6916 0.0831 -0.0307 1.6812 0.0735 -0.0309 1.6855 0.0791 -0.0255 1.6700 0.0497 -0.0204 1.6710 0.0522 -0.0188 1.6713 0.0533 -0.0229 1.6705 0.0518 -0.0122 1.6667 0.0514 -0.0122 1.6735 0.0640 -0.0354 1.6741 0.0619 -0.0106 1.6699 0.0762 -0.0007 1.6761 0.0818 -0.0414 1.6876 0.0762 -0.0478 1.6826 0.0659 -0.0478 1.6776 0.0605 -0.0552 1.7038 0.0485 -0.0516 1.7061 0.0586 -0.0547 1.7022 0.0506 -0.0390 1.6917 0.0782 -0.0395 1.7002 0.0776 -0.0330 1.7067 0.0835 -0.0314 1.7020 0.0843 -0.0305 1.7131 0.0843 -0.0227 1.7138 0.0873 -0.0322 1.7509 0.0323 0.0000 1.6984 0.0895 -0.0075 1.6866 0.0905 -0.0224 1.6891 0.0882 -0.0525 1.7245 0.0401 -0.0501 1.7232 0.0498 -0.0537 1.7144 0.0480 -0.0495 1.6991 0.0654 -0.0457 1.6926 0.0716 -0.0200 1.6749 0.0610 -0.0191 1.6777 0.0726 -0.0385 1.6761 0.0767 -0.0302 1.6774 0.0670 -0.0463 1.6892 0.0635 -0.0548 1.6962 0.0386 -0.0311 1.7243 0.0705 -0.0171 1.7382 0.0627 -0.0375 1.7200 0.0658 -0.0280 1.6783 0.0772 -0.0372 1.6835 0.0795 -0.0165 1.7321 0.0713 -0.0550 1.7221 0.0296 -0.0542 1.7201 0.0376 -0.0255 1.7518 0.0425 -0.0136 1.7585 0.0361 -0.0526 1.6918 0.0567 -0.0099 1.7525 0.0349 -0.0092 1.7499 0.0459 -0.0143 1.7514 0.0354 0.0305 1.7131 0.0843 0.0227 1.7138 0.0873 0.0314 1.7020 0.0843 0.0390 1.6917 0.0782 0.0426 1.6964 0.0746 0.0457 1.6926 0.0716 0.0526 1.6918 0.0567 0.0204 1.6734 0.0577 0.0209 1.6679 0.0501 0.0293 1.6779 0.0687 0.0151 1.6789 0.0850 0.0093 1.6763 0.0880 0.0463 1.6892 0.0635 0.0094 1.6930 0.0843 0.0140 1.6852 0.0842 0.0160 1.7253 0.0770 0.0073 1.7259 0.0770 0.0036 1.7355 0.0707 0.0340 1.7303 0.0590 0.0369 1.6855 0.0802 0.0181 1.7437 0.0530 0.0399 1.7401 0.0468 0.0191 1.7581 0.0276 0.0486 1.7304 0.0331 0.0046 1.7537 0.0342 0.0204 1.7489 0.0360 0.0367 1.6697 0.0500 0.0209 1.7156 0.0813 0.0171 1.7382 0.0627 0.0238 1.6686 0.0502 0.0366 1.6687 0.0529 -0.0023 1.7613 0.0280 0.0063 1.7611 0.0281 0.0000 1.7605 0.0359 -0.0205 1.6943 0.0836 -0.0510 1.6812 0.0561 -0.0340 1.7303 0.0590 -0.0018 1.7354 0.0712 -0.0160 1.7253 0.0770 -0.0223 1.7000 0.0875 -0.0426 1.6964 0.0746 -0.0181 1.7437 0.0530 0.0501 1.7232 0.0498 0.0082 1.7468 0.0543 0.0000 1.7479 0.0535 0.0076 1.7050 0.0861 0.0501 1.6816 0.0406 0.0321 1.6727 0.0562 0.0461 1.7153 0.0652 0.0492 1.7180 0.0570 0.0438 1.7073 0.0721 0.0392 1.7297 0.0636 0.0458 1.7294 0.0530 0.0395 1.7354 0.0559 0.0450 1.7239 0.0607 0.0326 1.7291 0.0728 0.0392 1.7239 0.0702 0.0329 1.7345 0.0660 0.0223 1.7000 0.0875 0.0238 1.7329 0.0751 0.0240 1.7388 0.0679 0.0131 1.7562 0.0441 0.0117 1.7359 0.0769 0.0123 1.7422 0.0701 0.0110 1.7060 0.0891 0.0111 1.6937 0.0896 0.0000 1.7101 0.0893 0.0000 1.7368 0.0779 0.0000 1.7430 0.0713 0.0000 1.7580 0.0443 -0.0082 1.7468 0.0543 -0.0074 1.7411 0.0638 -0.0076 1.7050 0.0861 -0.0321 1.6727 0.0562 -0.0438 1.7073 0.0721 -0.0461 1.7153 0.0652 -0.0492 1.7180 0.0570 -0.0450 1.7239 0.0607 -0.0392 1.7239 0.0702 -0.0392 1.7297 0.0636 -0.0395 1.7354 0.0559 -0.0329 1.7345 0.0660 -0.0329 1.7401 0.0579 -0.0240 1.7388 0.0679 -0.0245 1.7441 0.0595 -0.0129 1.7530 0.0525 -0.0131 1.7562 0.0441 -0.0252 1.7486 0.0505 -0.0238 1.7329 0.0751 -0.0112 1.7262 0.0843 -0.0117 1.7359 0.0769 -0.0232 1.7241 0.0826 -0.0110 1.7060 0.0891 -0.0110 1.6982 0.0894 -0.0109 1.7138 0.0889 0.0000 1.7182 0.0882 -0.0126 1.7482 0.0617 0.0000 1.7493 0.0626 -0.0123 1.7422 0.0701 0.0000 1.7543 0.0532 0.0000 1.7269 0.0847 -0.0111 1.6937 0.0895 -0.0326 1.7291 0.0728 -0.0379 1.7153 0.0772 -0.0319 1.7203 0.0804 -0.0332 1.7446 0.0487 -0.0458 1.7294 0.0530 0.0129 1.7530 0.0525 0.0112 1.7262 0.0843 0.0110 1.6982 0.0894 0.0232 1.7241 0.0826 0.0252 1.7486 0.0505 0.0329 1.7401 0.0579 0.0245 1.7441 0.0595 0.0191 1.6777 0.0729 0.0074 1.7411 0.0638 0.0000 1.7423 0.0630 0.0379 1.7153 0.0772 0.0332 1.7446 0.0487 0.0319 1.7203 0.0804 0.0126 1.7482 0.0617 0.0109 1.7138 0.0889" />
                  </IndexedFaceSet>
                </Shape>
                <Shape>
                  <Appearance USE="Bone" />
                  <IndexedFaceSet coordIndex="0 1 2 -1 3 4 5 -1 7 5 8 -1 9 10 11 -1 16 17 18 -1 19 20 21 -1 29 30 28 -1 31 32 33 -1 34 35 31 -1 36 24 37 -1 22 27 26 -1 15 38 23 -1 21 39 40 -1 20 19 12 -1 44 29 28 -1 31 46 45 -1 47 31 28 -1 48 49 13 -1 50 51 52 -1 31 45 28 -1 58 59 60 -1 61 62 63 -1 65 66 67 -1 9 68 69 -1 71 9 69 -1 72 73 64 -1 63 70 57 -1 83 84 85 -1 77 86 78 -1 87 88 89 -1 92 93 94 -1 66 80 57 -1 68 67 70 -1 17 98 99 -1 16 100 98 -1 102 72 40 -1 107 108 109 -1 110 111 112 -1 113 114 115 -1 60 105 117 -1 118 119 120 -1 121 122 118 -1 115 114 123 -1 131 132 133 -1 134 135 136 -1 137 138 135 -1 58 139 74 -1 140 141 99 -1 5 142 143 -1 147 148 149 -1 113 150 151 -1 152 153 86 -1 109 155 85 -1 156 134 136 -1 69 63 71 -1 128 161 162 -1 128 163 97 -1 164 101 128 -1 61 169 62 -1 63 171 71 -1 173 62 169 -1 173 167 166 -1 167 174 175 -1 174 176 167 -1 178 179 180 -1 181 182 179 -1 158 184 185 -1 176 186 187 -1 176 174 186 -1 189 190 178 -1 198 199 193 -1 200 203 202 -1 204 205 203 -1 157 204 201 -1 209 210 161 -1 212 213 214 -1 214 213 216 -1 217 213 215 -1 219 220 217 -1 216 218 211 -1 223 212 210 -1 232 226 227 -1 228 231 230 -1 227 224 225 -1 228 234 235 -1 238 246 247 -1 255 254 253 -1 261 262 263 -1 278 279 280 -1 281 282 283 -1 284 251 285 -1 251 286 285 -1 136 287 288 -1 289 138 197 -1 182 181 290 -1 291 292 293 -1 304 156 136 -1 305 306 307 -1 305 308 306 -1 309 310 311 -1 312 313 314 -1 321 322 323 -1 297 325 323 -1 339 341 342 -1 343 340 344 -1 322 348 349 -1 317 315 285 -1 337 354 182 -1 285 286 355 -1 358 329 351 -1 358 359 360 -1 370 332 302 -1 327 371 372 -1 363 369 374 -1 364 375 120 -1 377 292 378 -1 365 377 366 -1 380 381 328 -1 382 383 384 -1 378 292 385 -1 387 388 351 -1 391 390 389 -1 393 318 249 -1 394 224 315 -1 154 190 395 -1 402 403 299 -1 406 407 405 -1 408 406 405 -1 314 412 413 -1 195 418 414 -1 326 367 376 -1 356 173 419 -1 420 421 397 -1 422 423 420 -1 424 425 426 -1 310 427 412 -1 410 412 409 -1 428 429 142 -1 338 344 430 -1 348 346 324 -1 346 431 347 -1 322 349 432 -1 310 433 427 -1 434 342 433 -1 435 252 361 -1 369 363 325 -1 358 149 359 -1 351 329 384 -1 249 439 292 -1 317 178 354 -1 442 441 443 -1 387 390 290 -1 290 390 182 -1 457 458 459 -1 307 306 456 -1 455 460 459 -1 453 314 413 -1 272 461 266 -1 462 195 454 -1 195 191 454 -1 460 191 459 -1 260 453 259 -1 458 455 459 -1 453 418 454 -1 454 460 455 -1 446 451 464 -1 448 447 465 -1 447 446 465 -1 176 187 445 -1 290 181 466 -1 182 390 391 -1 442 443 391 -1 441 442 250 -1 354 337 317 -1 467 249 250 -1 300 393 294 -1 353 166 468 -1 303 351 388 -1 469 378 383 -1 352 336 335 -1 286 435 309 -1 286 309 470 -1 322 472 348 -1 145 430 472 -1 428 304 429 -1 396 312 306 -1 473 474 475 -1 477 470 313 -1 423 356 478 -1 320 296 369 -1 470 309 311 -1 400 415 338 -1 412 414 413 -1 405 400 404 -1 404 400 399 -1 404 398 414 -1 299 403 345 -1 345 403 437 -1 345 340 400 -1 335 198 399 -1 315 284 285 -1 318 393 300 -1 249 467 439 -1 482 389 387 -1 380 329 381 -1 379 375 483 -1 120 376 367 -1 301 165 484 -1 327 488 120 -1 324 345 489 -1 317 166 353 -1 199 198 335 -1 472 322 350 -1 492 362 318 -1 440 493 249 -1 396 421 477 -1 422 476 426 -1 308 396 306 -1 284 494 251 -1 494 495 251 -1 287 136 138 -1 195 462 418 -1 274 273 270 -1 271 283 274 -1 261 260 264 -1 255 253 254 -1 237 235 234 -1 242 243 245 -1 234 242 236 -1 244 243 242 -1 224 227 226 -1 233 227 225 -1 228 232 227 -1 161 222 212 -1 216 213 217 -1 212 216 501 -1 161 501 211 -1 208 161 128 -1 157 158 159 -1 185 159 158 -1 206 203 200 -1 204 201 205 -1 491 179 178 -1 186 174 188 -1 182 354 180 -1 179 182 180 -1 171 356 357 -1 173 166 419 -1 160 395 165 -1 170 167 168 -1 56 57 104 -1 504 505 131 -1 9 71 357 -1 350 506 144 -1 12 9 11 -1 107 84 507 -1 143 145 8 -1 144 8 145 -1 321 14 350 -1 473 508 509 -1 156 510 134 -1 1 6 4 -1 131 511 512 -1 90 159 513 -1 110 123 114 -1 148 514 149 -1 515 130 516 -1 74 77 59 -1 94 77 78 -1 517 96 124 -1 87 91 88 -1 81 90 513 -1 148 75 127 -1 66 65 79 -1 68 65 67 -1 44 523 524 -1 525 15 14 -1 53 526 527 -1 528 529 521 -1 36 144 506 -1 32 31 531 -1 13 49 51 -1 532 533 523 -1 140 534 43 -1 38 535 23 -1 530 144 36 -1 536 537 520 -1 531 31 47 -1 50 20 51 -1 38 15 525 -1 538 13 12 -1 11 48 538 -1 35 539 520 -1 511 510 1 -1 131 505 511 -1 511 1 0 -1 6 5 4 -1 35 520 31 -1 540 10 9 -1 11 538 12 -1 8 144 541 -1 525 542 38 -1 17 43 18 -1 20 50 533 -1 530 36 543 -1 14 23 506 -1 22 23 27 -1 140 43 17 -1 523 28 532 -1 49 52 51 -1 523 44 28 -1 24 36 506 -1 530 541 144 -1 528 521 55 -1 33 34 31 -1 53 527 54 -1 14 16 525 -1 523 50 524 -1 20 12 51 -1 23 22 24 -1 28 30 544 -1 545 68 9 -1 518 82 79 -1 87 89 103 -1 517 124 547 -1 94 93 77 -1 163 90 103 -1 16 14 100 -1 112 153 546 -1 515 127 130 -1 74 139 99 -1 97 130 76 -1 110 548 123 -1 127 515 148 -1 90 101 159 -1 504 508 135 -1 540 425 424 -1 473 137 508 -1 5 143 8 -1 422 9 423 -1 129 157 159 -1 158 157 129 -1 97 550 116 -1 128 162 161 -1 503 162 128 -1 167 173 169 -1 357 71 171 -1 171 63 62 -1 167 177 174 -1 180 354 178 -1 174 177 188 -1 193 191 194 -1 194 191 195 -1 193 197 191 -1 104 184 158 -1 161 211 128 -1 501 216 211 -1 210 221 220 -1 210 215 223 -1 223 215 213 -1 231 229 230 -1 228 227 229 -1 237 234 236 -1 551 235 237 -1 257 499 258 -1 271 552 283 -1 272 280 279 -1 274 270 271 -1 266 259 280 -1 248 250 249 -1 289 287 138 -1 191 138 479 -1 495 252 251 -1 457 553 305 -1 470 311 313 -1 396 477 313 -1 349 297 432 -1 369 325 298 -1 190 302 491 -1 438 336 362 -1 250 392 441 -1 339 342 352 -1 335 554 199 -1 345 554 299 -1 299 554 335 -1 345 324 346 -1 384 386 351 -1 316 502 56 -1 487 555 365 -1 292 291 294 -1 363 374 364 -1 469 383 382 -1 380 382 384 -1 351 303 358 -1 389 390 387 -1 471 322 432 -1 339 352 335 -1 335 399 339 -1 401 345 437 -1 404 399 398 -1 304 136 411 -1 304 408 400 -1 409 407 406 -1 417 416 407 -1 383 378 385 -1 356 423 357 -1 420 478 556 -1 473 475 137 -1 481 409 412 -1 409 304 411 -1 348 472 431 -1 430 344 472 -1 470 477 286 -1 435 433 309 -1 345 320 489 -1 325 363 326 -1 384 329 380 -1 335 438 299 -1 300 299 438 -1 294 249 292 -1 189 178 316 -1 182 441 337 -1 391 467 442 -1 391 443 182 -1 387 290 388 -1 465 446 448 -1 449 448 446 -1 446 464 449 -1 265 314 453 -1 418 453 413 -1 261 264 259 -1 459 192 457 -1 418 462 454 -1 259 453 454 -1 307 456 457 -1 456 458 457 -1 306 312 265 -1 454 191 460 -1 466 388 290 -1 250 442 467 -1 317 337 394 -1 392 250 248 -1 440 249 318 -1 249 294 393 -1 294 291 300 -1 295 300 291 -1 492 300 438 -1 362 492 438 -1 166 317 285 -1 370 302 190 -1 366 327 365 -1 358 303 149 -1 296 374 369 -1 320 345 437 -1 434 435 361 -1 435 434 433 -1 341 339 340 -1 325 297 298 -1 156 304 428 -1 396 308 397 -1 397 421 396 -1 420 423 478 -1 557 477 421 -1 320 369 489 -1 326 363 367 -1 418 413 414 -1 407 409 417 -1 288 287 289 -1 299 300 402 -1 402 437 403 -1 402 319 437 -1 199 554 345 -1 399 198 398 -1 396 313 312 -1 475 138 137 -1 154 370 190 -1 385 292 439 -1 386 387 351 -1 386 384 383 -1 328 366 380 -1 375 379 120 -1 327 366 328 -1 374 295 375 -1 374 375 364 -1 120 367 364 -1 364 367 363 -1 436 361 362 -1 329 358 360 -1 317 316 178 -1 303 330 147 -1 75 330 332 -1 320 437 296 -1 472 347 431 -1 138 191 197 -1 481 417 409 -1 344 338 343 -1 336 438 335 -1 300 492 318 -1 424 426 480 -1 412 427 481 -1 309 433 310 -1 479 457 192 -1 283 552 281 -1 259 264 260 -1 245 236 242 -1 240 244 241 -1 161 210 222 -1 209 221 210 -1 221 217 220 -1 220 219 215 -1 215 219 217 -1 208 209 161 -1 204 558 202 -1 203 558 204 -1 201 202 203 -1 198 193 195 -1 193 561 196 -1 459 191 192 -1 491 178 190 -1 175 174 167 -1 129 164 128 -1 162 503 128 -1 160 56 104 -1 104 129 126 -1 6 1 510 -1 135 138 136 -1 423 9 357 -1 109 85 84 -1 350 14 506 -1 152 86 563 -1 151 92 113 -1 143 142 145 -1 130 88 564 -1 99 139 140 -1 58 74 59 -1 137 135 508 -1 540 9 425 -1 512 132 131 -1 131 133 504 -1 134 510 505 -1 127 76 130 -1 159 566 513 -1 129 104 158 -1 123 567 115 -1 118 568 121 -1 108 107 119 -1 60 106 105 -1 115 150 113 -1 546 110 112 -1 107 109 84 -1 97 89 88 -1 89 97 103 -1 102 73 72 -1 16 98 17 -1 17 99 141 -1 65 102 570 -1 92 571 93 -1 77 569 59 -1 146 72 64 -1 68 64 65 -1 57 61 63 -1 60 549 58 -1 50 523 533 -1 524 50 52 -1 13 538 48 -1 572 47 28 -1 40 19 21 -1 26 573 22 -1 37 574 36 -1 26 27 575 -1 25 37 24 -1 20 533 21 -1 16 18 525 -1 14 15 23 -1 13 51 12 -1 511 505 510 -1 520 576 536 -1 512 511 577 -1 578 43 579 -1 580 581 582 -1 532 21 533 -1 532 39 21 -1 583 528 55 -1 519 584 585 -1 27 535 521 -1 27 23 535 -1 586 534 140 -1 586 587 534 -1 45 588 28 -1 582 519 580 -1 519 582 46 -1 23 24 506 -1 54 579 53 -1 54 578 579 -1 589 24 22 -1 589 25 24 -1 542 18 578 -1 525 18 542 -1 522 55 521 -1 117 590 591 -1 117 105 590 -1 66 57 70 -1 56 61 57 -1 81 66 82 -1 79 592 518 -1 59 593 106 -1 59 569 593 -1 151 124 125 -1 547 124 151 -1 41 549 594 -1 595 549 41 -1 14 321 100 -1 569 571 593 -1 93 571 569 -1 96 518 592 -1 155 122 121 -1 596 516 597 -1 596 515 516 -1 598 372 599 -1 359 514 567 -1 359 149 514 -1 568 546 121 -1 568 598 546 -1 514 515 596 -1 514 148 515 -1 594 40 41 -1 102 40 594 -1 104 57 159 -1 601 2 600 -1 134 504 135 -1 504 134 505 -1 473 540 424 -1 509 540 473 -1 100 507 84 -1 321 507 100 -1 102 590 570 -1 102 594 590 -1 564 516 130 -1 517 516 564 -1 19 72 146 -1 140 17 141 -1 545 19 146 -1 19 545 12 -1 101 129 159 -1 164 129 101 -1 170 166 167 -1 56 167 169 -1 159 207 184 -1 167 176 177 -1 561 193 194 -1 603 195 604 -1 194 195 603 -1 605 606 607 -1 560 559 608 -1 612 560 613 -1 614 560 612 -1 616 614 612 -1 618 614 619 -1 559 618 620 -1 559 621 618 -1 198 195 398 -1 204 157 201 -1 185 207 159 -1 185 184 207 -1 212 501 161 -1 212 214 216 -1 212 223 213 -1 225 230 229 -1 228 229 231 -1 624 625 626 -1 624 627 625 -1 627 628 625 -1 627 629 628 -1 627 630 629 -1 631 629 244 -1 245 632 626 -1 632 624 626 -1 257 254 255 -1 633 254 257 -1 254 633 500 -1 455 463 454 -1 455 262 261 -1 455 458 262 -1 262 458 263 -1 260 263 265 -1 268 496 275 -1 635 270 276 -1 275 635 497 -1 635 275 270 -1 278 277 279 -1 259 274 280 -1 479 553 457 -1 308 305 397 -1 476 480 426 -1 397 480 476 -1 322 321 350 -1 142 6 428 -1 142 5 6 -1 341 340 416 -1 416 417 481 -1 300 295 319 -1 636 466 181 -1 466 636 490 -1 327 368 365 -1 293 292 483 -1 107 323 326 -1 507 323 107 -1 165 373 172 -1 333 301 484 -1 555 120 379 -1 555 487 120 -1 486 381 485 -1 328 381 486 -1 482 439 467 -1 482 385 439 -1 474 424 553 -1 424 474 473 -1 193 199 400 -1 437 345 401 -1 407 400 405 -1 408 405 400 -1 400 416 415 -1 557 419 355 -1 557 556 419 -1 344 347 472 -1 345 346 347 -1 149 303 147 -1 189 334 333 -1 189 316 334 -1 252 440 361 -1 252 495 440 -1 295 483 375 -1 295 291 483 -1 291 293 483 -1 317 394 315 -1 183 452 637 -1 444 452 183 -1 451 450 449 -1 260 265 453 -1 266 461 273 -1 266 273 259 -1 265 263 456 -1 261 454 463 -1 454 261 259 -1 447 444 451 -1 452 444 447 -1 444 183 451 -1 183 637 450 -1 448 637 447 -1 490 331 303 -1 318 361 440 -1 362 361 318 -1 325 326 323 -1 252 286 251 -1 435 286 252 -1 427 342 341 -1 427 433 342 -1 429 338 430 -1 420 476 422 -1 397 476 420 -1 557 420 556 -1 557 421 420 -1 311 314 313 -1 304 400 338 -1 416 400 407 -1 408 409 406 -1 304 409 408 -1 400 288 193 -1 400 405 288 -1 300 319 402 -1 165 190 484 -1 249 493 248 -1 387 383 482 -1 383 387 386 -1 482 383 385 -1 329 485 381 -1 469 377 378 -1 469 366 377 -1 328 486 371 -1 371 327 328 -1 360 485 329 -1 360 638 485 -1 376 120 119 -1 190 165 395 -1 377 483 292 -1 377 555 483 -1 327 120 368 -1 486 638 599 -1 303 388 490 -1 349 348 324 -1 347 340 345 -1 481 341 416 -1 481 427 341 -1 304 338 429 -1 457 305 307 -1 281 496 282 -1 283 280 274 -1 269 277 268 -1 273 276 270 -1 552 496 281 -1 272 279 269 -1 552 270 275 -1 461 635 276 -1 268 267 634 -1 498 634 248 -1 456 263 458 -1 500 257 258 -1 224 337 441 -1 239 624 632 -1 246 632 245 -1 246 239 632 -1 234 228 631 -1 629 241 244 -1 228 235 631 -1 625 628 237 -1 237 626 625 -1 224 230 225 -1 229 227 233 -1 233 225 229 -1 210 212 222 -1 215 210 220 -1 218 221 209 -1 217 218 216 -1 602 166 129 -1 558 203 206 -1 622 604 639 -1 620 603 604 -1 620 618 603 -1 559 614 621 -1 618 619 603 -1 617 194 603 -1 617 612 615 -1 616 612 617 -1 560 614 559 -1 615 613 611 -1 612 613 615 -1 610 561 611 -1 607 609 610 -1 560 608 605 -1 607 622 609 -1 607 606 622 -1 7 562 5 -1 188 187 186 -1 445 177 176 -1 172 160 165 -1 160 172 56 -1 168 166 170 -1 3 600 2 -1 600 3 640 -1 563 155 152 -1 155 563 85 -1 92 111 113 -1 94 111 92 -1 147 75 148 -1 147 330 75 -1 597 517 547 -1 516 517 597 -1 594 591 590 -1 83 99 98 -1 99 83 74 -1 550 97 76 -1 596 567 514 -1 115 567 596 -1 599 548 598 -1 599 638 548 -1 568 120 488 -1 118 120 568 -1 110 113 111 -1 110 114 113 -1 121 152 155 -1 593 125 641 -1 571 125 593 -1 91 518 96 -1 91 82 518 -1 58 549 595 -1 65 73 102 -1 82 91 87 -1 564 91 96 -1 88 91 564 -1 90 87 103 -1 105 592 79 -1 105 642 592 -1 80 95 57 -1 80 81 95 -1 64 545 146 -1 64 68 545 -1 60 591 549 -1 60 117 591 -1 578 18 43 -1 53 585 526 -1 585 53 519 -1 55 521 535 -1 522 521 55 -1 31 520 519 -1 580 519 643 -1 595 587 586 -1 595 581 587 -1 55 578 54 -1 55 542 578 -1 572 28 544 -1 543 36 574 -1 582 42 588 -1 582 581 42 -1 579 534 644 -1 579 43 534 -1 577 0 645 -1 577 511 0 -1 581 643 587 -1 580 643 581 -1 39 588 42 -1 532 588 39 -1 573 589 22 -1 521 529 646 -1 42 40 39 -1 40 42 41 -1 581 41 42 -1 41 581 595 -1 532 28 588 -1 588 46 582 -1 46 588 45 -1 422 425 9 -1 425 422 426 -1 105 570 590 -1 105 79 570 -1 61 56 169 -1 66 70 67 -1 69 70 63 -1 69 68 70 -1 75 76 127 -1 80 66 81 -1 106 641 105 -1 106 593 641 -1 74 86 77 -1 86 74 563 -1 90 81 87 -1 125 92 151 -1 125 571 92 -1 97 163 103 -1 77 93 569 -1 96 642 124 -1 96 592 642 -1 108 155 109 -1 108 122 155 -1 115 597 150 -1 115 596 597 -1 327 598 568 -1 327 372 598 -1 567 360 359 -1 123 360 567 -1 119 122 108 -1 119 118 122 -1 78 153 112 -1 78 86 153 -1 640 3 647 -1 163 101 90 -1 84 98 100 -1 98 84 83 -1 586 140 139 -1 19 40 72 -1 547 150 597 -1 151 150 547 -1 9 12 545 -1 104 159 184 -1 160 104 565 -1 129 116 126 -1 116 129 97 -1 128 101 163 -1 129 128 97 -1 129 166 602 -1 468 166 168 -1 56 502 167 -1 285 419 166 -1 285 355 419 -1 179 636 181 -1 179 491 636 -1 195 639 604 -1 608 559 605 -1 639 609 622 -1 609 639 196 -1 196 610 609 -1 610 196 561 -1 611 607 610 -1 613 607 611 -1 611 194 615 -1 611 561 194 -1 615 194 617 -1 603 616 617 -1 619 616 603 -1 604 606 620 -1 606 604 622 -1 193 289 197 -1 289 193 288 -1 202 558 206 -1 202 206 200 -1 208 211 218 -1 208 128 211 -1 217 221 218 -1 218 209 208 -1 232 230 226 -1 228 230 232 -1 237 648 551 -1 239 627 624 -1 239 630 627 -1 239 238 630 -1 631 551 629 -1 238 240 630 -1 623 240 238 -1 242 631 244 -1 242 234 631 -1 623 244 240 -1 247 244 623 -1 247 243 244 -1 245 247 246 -1 247 245 243 -1 255 256 257 -1 257 500 633 -1 258 255 500 -1 256 255 258 -1 261 263 260 -1 248 267 498 -1 267 248 634 -1 498 268 634 -1 268 498 267 -1 269 497 635 -1 275 496 552 -1 275 497 268 -1 268 497 269 -1 278 268 277 -1 269 279 277 -1 280 282 278 -1 553 138 474 -1 138 553 479 -1 412 311 310 -1 311 412 314 -1 323 471 297 -1 323 322 471 -1 224 284 315 -1 392 224 441 -1 338 415 343 -1 416 343 415 -1 416 340 343 -1 191 479 192 -1 295 296 437 -1 316 317 353 -1 495 284 248 -1 494 284 495 -1 165 301 373 -1 365 368 487 -1 332 491 302 -1 332 636 491 -1 331 332 330 -1 326 119 107 -1 326 376 119 -1 373 334 172 -1 373 333 334 -1 373 301 333 -1 379 483 555 -1 382 366 469 -1 480 553 424 -1 305 553 480 -1 340 399 400 -1 340 339 399 -1 414 398 195 -1 288 404 411 -1 412 404 414 -1 404 412 410 -1 411 136 288 -1 411 404 410 -1 557 286 477 -1 557 355 286 -1 305 480 397 -1 348 431 346 -1 340 347 344 -1 489 298 324 -1 489 369 298 -1 342 336 352 -1 434 336 342 -1 336 361 436 -1 336 434 361 -1 333 190 189 -1 333 484 190 -1 440 248 493 -1 440 495 248 -1 452 447 637 -1 448 449 450 -1 183 450 451 -1 451 449 464 -1 265 312 314 -1 456 306 265 -1 266 280 272 -1 447 451 446 -1 448 450 637 -1 188 445 187 -1 182 443 441 -1 332 490 636 -1 490 332 331 -1 324 297 349 -1 297 324 298 -1 350 145 472 -1 429 145 142 -1 429 430 145 -1 556 356 419 -1 356 556 478 -1 410 409 411 -1 288 405 404 -1 199 345 400 -1 391 482 467 -1 389 482 391 -1 380 366 382 -1 371 599 372 -1 599 371 486 -1 154 332 370 -1 154 75 332 -1 555 377 365 -1 487 368 120 -1 436 362 336 -1 638 486 485 -1 303 331 330 -1 337 224 394 -1 248 224 392 -1 284 224 248 -1 353 502 316 -1 468 502 353 -1 388 466 490 -1 296 295 374 -1 319 295 437 -1 471 432 297 -1 507 321 323 -1 138 475 474 -1 496 278 282 -1 259 273 274 -1 282 280 283 -1 276 273 461 -1 278 496 268 -1 272 269 635 -1 270 552 271 -1 461 272 635 -1 463 455 261 -1 254 500 255 -1 256 258 499 -1 256 499 257 -1 246 238 239 -1 237 245 626 -1 245 237 236 -1 238 247 623 -1 629 240 241 -1 630 240 629 -1 551 631 235 -1 551 628 629 -1 628 551 648 -1 648 237 628 -1 224 226 230 -1 201 204 202 -1 205 201 203 -1 620 605 559 -1 605 620 606 -1 621 614 618 -1 619 614 616 -1 560 607 613 -1 560 605 607 -1 196 195 193 -1 195 196 639 -1 177 445 188 -1 172 316 56 -1 172 334 316 -1 171 173 356 -1 62 173 171 -1 468 167 502 -1 168 167 468 -1 154 160 565 -1 154 395 160 -1 104 116 550 -1 126 116 104 -1 550 565 104 -1 550 76 565 -1 94 112 111 -1 112 94 78 -1 144 145 350 -1 594 549 591 -1 428 510 156 -1 510 428 6 -1 130 97 88 -1 110 598 548 -1 546 598 110 -1 638 123 548 -1 638 360 123 -1 568 488 327 -1 73 65 64 -1 60 59 106 -1 121 153 152 -1 121 546 153 -1 641 124 642 -1 125 124 641 -1 139 595 586 -1 139 58 595 -1 566 57 95 -1 57 566 159 -1 81 82 87 -1 564 96 517 -1 513 95 81 -1 566 95 513 -1 74 85 563 -1 74 83 85 -1 642 105 641 -1 66 79 82 -1 565 75 154 -1 565 76 75 -1 79 65 570 -1 519 46 31 -1 537 519 520 -1 537 584 519 -1 55 527 583 -1 527 55 54 -1 53 579 644 -1 53 643 519 -1 53 644 643 -1 535 542 55 -1 535 38 542 -1 646 27 521 -1 646 575 27 -1 587 644 534 -1 643 644 587 -1 645 2 601 -1 2 645 0 -1 520 539 576 -1 562 3 5 -1 3 562 647 -1 4 2 1 -1 2 4 3 -1" creaseAngle="1.571">
                    <Coordinate point="-0.0006 1.6727 0.0623 -0.0007 1.6710 0.0641 -0.0006 1.6735 0.0626 -0.0006 1.6738 0.0656 -0.0007 1.6722 0.0664 -0.0011 1.6727 0.0683 -0.0011 1.6698 0.0678 0.0000 1.6749 0.0680 0.0000 1.6725 0.0695 -0.0013 1.6567 0.0431 0.0000 1.6571 0.0426 0.0000 1.6555 0.0432 -0.0007 1.6576 0.0447 -0.0008 1.6514 0.0441 -0.0020 1.6654 0.0677 -0.0018 1.6623 0.0686 -0.0019 1.6652 0.0666 -0.0024 1.6646 0.0628 -0.0012 1.6596 0.0651 -0.0017 1.6593 0.0475 -0.0010 1.6507 0.0473 -0.0011 1.6545 0.0499 -0.0007 1.6609 0.0733 -0.0010 1.6618 0.0716 -0.0007 1.6632 0.0732 0.0000 1.6648 0.0746 0.0000 1.6616 0.0743 -0.0008 1.6595 0.0726 -0.0005 1.6434 0.0571 0.0000 1.6431 0.0585 0.0000 1.6432 0.0590 -0.0004 1.6436 0.0608 0.0000 1.6434 0.0627 0.0000 1.6434 0.0630 0.0000 1.6433 0.0635 0.0000 1.6433 0.0640 -0.0011 1.6654 0.0728 0.0000 1.6652 0.0745 -0.0009 1.6593 0.0700 -0.0008 1.6556 0.0520 -0.0026 1.6616 0.0501 -0.0026 1.6618 0.0529 -0.0009 1.6561 0.0547 -0.0011 1.6592 0.0644 0.0000 1.6426 0.0566 -0.0007 1.6448 0.0592 -0.0009 1.6451 0.0610 0.0000 1.6433 0.0618 0.0000 1.6535 0.0431 0.0000 1.6505 0.0443 -0.0006 1.6451 0.0476 -0.0008 1.6487 0.0447 0.0000 1.6474 0.0466 -0.0008 1.6458 0.0672 -0.0009 1.6487 0.0694 -0.0007 1.6521 0.0703 -0.0077 1.6459 0.0446 -0.0059 1.6488 0.0454 -0.0031 1.6590 0.0583 -0.0032 1.6570 0.0598 -0.0028 1.6551 0.0577 -0.0060 1.6484 0.0446 -0.0080 1.6493 0.0422 -0.0049 1.6498 0.0449 -0.0032 1.6552 0.0477 -0.0032 1.6532 0.0491 -0.0038 1.6509 0.0482 -0.0038 1.6520 0.0472 -0.0026 1.6538 0.0458 -0.0028 1.6535 0.0435 -0.0044 1.6512 0.0461 -0.0055 1.6533 0.0418 -0.0037 1.6592 0.0478 -0.0032 1.6562 0.0490 -0.0033 1.6577 0.0611 -0.0029 1.6455 0.0509 -0.0035 1.6477 0.0493 -0.0038 1.6596 0.0601 -0.0037 1.6554 0.0609 -0.0030 1.6518 0.0512 -0.0051 1.6504 0.0467 -0.0048 1.6531 0.0463 -0.0040 1.6536 0.0480 -0.0033 1.6583 0.0654 -0.0030 1.6593 0.0692 -0.0030 1.6566 0.0656 -0.0033 1.6558 0.0624 -0.0041 1.6551 0.0466 -0.0043 1.6531 0.0490 -0.0045 1.6529 0.0481 -0.0051 1.6522 0.0470 -0.0039 1.6555 0.0473 -0.0042 1.6550 0.0574 -0.0039 1.6606 0.0578 -0.0041 1.6552 0.0593 -0.0055 1.6529 0.0456 -0.0039 1.6578 0.0494 -0.0056 1.6499 0.0491 -0.0033 1.6611 0.0644 -0.0033 1.6607 0.0628 -0.0030 1.6622 0.0677 -0.0060 1.6504 0.0476 -0.0030 1.6571 0.0508 -0.0047 1.6527 0.0476 -0.0070 1.6477 0.0467 -0.0029 1.6534 0.0552 -0.0030 1.6553 0.0576 -0.0030 1.6567 0.0704 -0.0026 1.6553 0.0693 -0.0031 1.6575 0.0687 -0.0024 1.6499 0.0611 -0.0035 1.6527 0.0601 -0.0032 1.6531 0.0616 -0.0036 1.6518 0.0583 -0.0028 1.6495 0.0592 -0.0029 1.6493 0.0572 -0.0074 1.6489 0.0501 -0.0028 1.6531 0.0551 -0.0026 1.6508 0.0679 -0.0028 1.6531 0.0700 -0.0035 1.6490 0.0693 -0.0023 1.6521 0.0665 -0.0023 1.6528 0.0672 -0.0027 1.6475 0.0598 -0.0036 1.6599 0.0523 -0.0037 1.6603 0.0539 -0.0084 1.6478 0.0485 -0.0030 1.6475 0.0510 -0.0070 1.6514 0.0487 -0.0094 1.6496 0.0477 -0.0040 1.6491 0.0508 -0.0006 1.6702 0.0621 0.0000 1.6705 0.0613 0.0000 1.6676 0.0598 -0.0013 1.6649 0.0634 -0.0007 1.6644 0.0603 -0.0053 1.6655 0.0627 -0.0044 1.6631 0.0585 -0.0048 1.6645 0.0606 -0.0033 1.6601 0.0604 -0.0032 1.6636 0.0600 -0.0032 1.6643 0.0615 -0.0029 1.6710 0.0683 -0.0014 1.6703 0.0694 -0.0020 1.6682 0.0706 -0.0026 1.6687 0.0701 -0.0035 1.6585 0.0471 -0.0025 1.6443 0.0551 -0.0026 1.6465 0.0541 -0.0025 1.6445 0.0571 -0.0040 1.6511 0.0565 -0.0043 1.6544 0.0556 -0.0027 1.6545 0.0654 -0.0026 1.6536 0.0633 -0.0038 1.6448 0.0481 -0.0027 1.6549 0.0661 -0.0018 1.6653 0.0656 -0.0076 1.6498 0.0462 -0.0076 1.6488 0.0461 -0.0076 1.6493 0.0462 -0.0055 1.6465 0.0460 -0.0079 1.6520 0.0485 -0.0075 1.6516 0.0487 -0.0051 1.6500 0.0479 -0.0089 1.6497 0.0477 -0.0063 1.6417 0.0428 -0.0117 1.6485 0.0472 -0.0096 1.6471 0.0452 -0.0102 1.6468 0.0469 -0.0080 1.6466 0.0433 -0.0101 1.6471 0.0467 -0.0071 1.6522 0.0417 -0.0079 1.6435 0.0430 -0.0095 1.6496 0.0427 -0.0089 1.6475 0.0448 -0.0089 1.6473 0.0451 -0.0096 1.6487 0.0465 -0.0086 1.6493 0.0458 -0.0063 1.6470 0.0470 -0.0044 1.6471 0.0482 -0.0059 1.6482 0.0487 -0.0045 1.6476 0.0502 -0.0056 1.6487 0.0515 -0.0091 1.6518 0.0497 -0.0067 1.6492 0.0445 -0.0075 1.6508 0.0443 -0.0101 1.6496 0.0461 -0.0098 1.6518 0.0479 -0.0088 1.6509 0.0465 -0.0069 1.6435 0.0457 -0.0050 1.6419 0.0463 -0.0050 1.6586 0.0588 -0.0060 1.6640 0.0580 -0.0051 1.6599 0.0630 -0.0054 1.6574 0.0613 -0.0072 1.6579 0.0608 -0.0070 1.6576 0.0645 -0.0043 1.6589 0.0603 -0.0077 1.6583 0.0668 -0.0070 1.6589 0.0664 -0.0073 1.6559 0.0458 -0.0080 1.6527 0.0465 -0.0075 1.6539 0.0448 -0.0062 1.6546 0.0462 -0.0072 1.6520 0.0452 -0.0060 1.6522 0.0462 -0.0059 1.6546 0.0454 -0.0062 1.6510 0.0448 -0.0076 1.6518 0.0484 -0.0066 1.6540 0.0473 -0.0075 1.6544 0.0470 -0.0076 1.6532 0.0496 -0.0099 1.6543 0.0490 -0.0092 1.6559 0.0487 -0.0097 1.6554 0.0489 -0.0080 1.6579 0.0475 -0.0083 1.6547 0.0499 -0.0061 1.6569 0.0491 -0.0058 1.6547 0.0492 -0.0061 1.6580 0.0482 -0.0063 1.6576 0.0478 -0.0057 1.6563 0.0484 -0.0088 1.6534 0.0473 -0.0091 1.6564 0.0472 -0.0097 1.6488 0.0541 -0.0095 1.6491 0.0546 -0.0085 1.6507 0.0558 -0.0099 1.6517 0.0568 -0.0080 1.6532 0.0525 -0.0099 1.6512 0.0542 -0.0081 1.6506 0.0529 -0.0094 1.6513 0.0526 -0.0083 1.6510 0.0554 -0.0106 1.6504 0.0560 -0.0066 1.6540 0.0510 -0.0081 1.6547 0.0530 -0.0085 1.6556 0.0499 -0.0098 1.6571 0.0524 -0.0053 1.6604 0.0509 -0.0082 1.6606 0.0503 -0.0046 1.6578 0.0521 -0.0047 1.6570 0.0525 -0.0055 1.6559 0.0504 -0.0057 1.6562 0.0499 -0.0048 1.6569 0.0521 -0.0084 1.6561 0.0497 -0.0076 1.6591 0.0488 -0.0054 1.6586 0.0490 -0.0111 1.6476 0.0590 -0.0101 1.6466 0.0629 -0.0090 1.6470 0.0587 -0.0124 1.6507 0.0536 -0.0116 1.6518 0.0604 -0.0111 1.6541 0.0525 -0.0106 1.6548 0.0529 -0.0106 1.6555 0.0528 -0.0102 1.6574 0.0547 -0.0097 1.6556 0.0551 -0.0101 1.6578 0.0539 -0.0071 1.6580 0.0559 -0.0075 1.6586 0.0538 -0.0049 1.6599 0.0537 -0.0069 1.6613 0.0526 -0.0070 1.6609 0.0526 -0.0064 1.6582 0.0554 -0.0086 1.6603 0.0540 -0.0066 1.6581 0.0559 -0.0089 1.6496 0.0580 -0.0080 1.6516 0.0566 -0.0069 1.6536 0.0580 -0.0094 1.6565 0.0587 -0.0105 1.6562 0.0569 -0.0058 1.6560 0.0577 -0.0081 1.6589 0.0580 -0.0090 1.6578 0.0562 -0.0097 1.6537 0.0581 -0.0080 1.6574 0.0594 -0.0066 1.6526 0.0560 -0.0072 1.6533 0.0542 -0.0057 1.6543 0.0559 -0.0073 1.6563 0.0547 -0.0100 1.6537 0.0553 -0.0090 1.6542 0.0544 -0.0097 1.6563 0.0551 -0.0121 1.6482 0.0554 -0.0128 1.6498 0.0509 -0.0125 1.6529 0.0539 -0.0044 1.6635 0.0621 -0.0047 1.6626 0.0632 -0.0038 1.6604 0.0610 -0.0032 1.6484 0.0564 -0.0076 1.6490 0.0711 -0.0073 1.6489 0.0677 -0.0074 1.6490 0.0709 -0.0082 1.6476 0.0695 -0.0075 1.6514 0.0726 -0.0072 1.6533 0.0737 -0.0042 1.6594 0.0767 -0.0047 1.6569 0.0763 -0.0088 1.6546 0.0725 -0.0091 1.6506 0.0720 -0.0069 1.6409 0.0421 -0.0043 1.6426 0.0485 -0.0033 1.6426 0.0560 -0.0070 1.6676 0.0657 -0.0086 1.6640 0.0538 -0.0090 1.6647 0.0563 -0.0082 1.6652 0.0563 -0.0094 1.6637 0.0537 -0.0114 1.6569 0.0570 -0.0093 1.6610 0.0605 -0.0101 1.6614 0.0580 -0.0095 1.6643 0.0566 -0.0104 1.6616 0.0571 -0.0101 1.6632 0.0585 -0.0114 1.6476 0.0526 -0.0094 1.6445 0.0463 -0.0104 1.6464 0.0486 -0.0097 1.6493 0.0686 -0.0076 1.6518 0.0721 -0.0066 1.6558 0.0724 -0.0033 1.6627 0.0716 -0.0039 1.6625 0.0740 -0.0037 1.6603 0.0731 -0.0057 1.6594 0.0736 -0.0041 1.6566 0.0737 -0.0036 1.6551 0.0719 -0.0038 1.6465 0.0678 -0.0042 1.6438 0.0655 -0.0040 1.6428 0.0611 -0.0027 1.6438 0.0530 -0.0041 1.6431 0.0534 -0.0041 1.6431 0.0508 -0.0073 1.6418 0.0438 -0.0090 1.6427 0.0440 -0.0090 1.6562 0.0722 -0.0101 1.6529 0.0708 -0.0094 1.6486 0.0521 -0.0081 1.6676 0.0675 -0.0089 1.6598 0.0707 -0.0086 1.6625 0.0688 -0.0088 1.6610 0.0674 -0.0100 1.6577 0.0690 -0.0086 1.6649 0.0678 -0.0063 1.6649 0.0685 -0.0064 1.6597 0.0713 -0.0058 1.6615 0.0702 -0.0058 1.6628 0.0688 -0.0051 1.6629 0.0726 -0.0049 1.6611 0.0748 -0.0031 1.6654 0.0706 -0.0048 1.6438 0.0587 -0.0099 1.6577 0.0715 -0.0107 1.6461 0.0480 -0.0081 1.6482 0.0494 -0.0121 1.6528 0.0516 -0.0089 1.6529 0.0423 -0.0055 1.6550 0.0414 -0.0033 1.6424 0.0592 -0.0026 1.6446 0.0588 -0.0029 1.6449 0.0606 -0.0102 1.6514 0.0654 -0.0100 1.6503 0.0686 -0.0039 1.6546 0.0723 -0.0034 1.6518 0.0704 -0.0043 1.6465 0.0680 -0.0056 1.6451 0.0653 -0.0034 1.6519 0.0706 -0.0046 1.6479 0.0691 -0.0061 1.6549 0.0739 -0.0042 1.6424 0.0485 -0.0037 1.6442 0.0659 -0.0030 1.6461 0.0657 -0.0083 1.6419 0.0424 -0.0052 1.6540 0.0715 -0.0054 1.6525 0.0701 -0.0034 1.6514 0.0705 -0.0050 1.6478 0.0673 -0.0063 1.6482 0.0652 -0.0046 1.6501 0.0692 -0.0055 1.6437 0.0629 -0.0051 1.6433 0.0629 -0.0067 1.6452 0.0629 -0.0061 1.6466 0.0608 -0.0057 1.6437 0.0610 -0.0061 1.6493 0.0630 -0.0050 1.6455 0.0600 -0.0034 1.6478 0.0609 -0.0042 1.6442 0.0570 -0.0048 1.6495 0.0598 -0.0043 1.6498 0.0571 -0.0058 1.6481 0.0578 -0.0095 1.6480 0.0562 -0.0085 1.6481 0.0672 -0.0104 1.6481 0.0523 -0.0052 1.6444 0.0459 -0.0105 1.6621 0.0559 -0.0087 1.6622 0.0514 -0.0068 1.6593 0.0620 -0.0069 1.6604 0.0660 -0.0066 1.6653 0.0664 -0.0068 1.6592 0.0715 -0.0078 1.6522 0.0717 -0.0072 1.6543 0.0712 -0.0069 1.6627 0.0625 -0.0061 1.6636 0.0661 -0.0068 1.6646 0.0650 -0.0071 1.6642 0.0650 -0.0064 1.6654 0.0655 -0.0080 1.6660 0.0641 -0.0074 1.6654 0.0629 -0.0059 1.6656 0.0633 -0.0094 1.6640 0.0609 -0.0088 1.6618 0.0600 -0.0073 1.6610 0.0618 -0.0086 1.6671 0.0671 -0.0086 1.6649 0.0656 -0.0082 1.6656 0.0639 -0.0096 1.6580 0.0588 -0.0106 1.6529 0.0457 -0.0097 1.6574 0.0450 -0.0110 1.6580 0.0511 -0.0065 1.6562 0.0436 -0.0066 1.6545 0.0425 -0.0053 1.6623 0.0540 -0.0043 1.6617 0.0501 -0.0062 1.6616 0.0503 -0.0089 1.6609 0.0624 -0.0019 1.6672 0.0678 -0.0065 1.6692 0.0676 -0.0058 1.6681 0.0692 -0.0053 1.6636 0.0702 -0.0044 1.6616 0.0749 -0.0101 1.6577 0.0624 -0.0106 1.6536 0.0679 -0.0116 1.6539 0.0617 -0.0099 1.6510 0.0685 -0.0071 1.6540 0.0714 -0.0097 1.6525 0.0714 -0.0073 1.6481 0.0629 -0.0111 1.6491 0.0639 -0.0088 1.6489 0.0545 -0.0075 1.6473 0.0570 -0.0063 1.6486 0.0558 -0.0105 1.6510 0.0487 -0.0086 1.6512 0.0471 -0.0109 1.6536 0.0523 -0.0113 1.6526 0.0511 -0.0107 1.6531 0.0527 -0.0088 1.6540 0.0524 -0.0085 1.6527 0.0516 -0.0095 1.6536 0.0500 -0.0096 1.6516 0.0493 -0.0091 1.6588 0.0555 -0.0068 1.6594 0.0567 -0.0059 1.6616 0.0562 -0.0081 1.6620 0.0543 -0.0077 1.6653 0.0567 -0.0070 1.6626 0.0546 -0.0063 1.6641 0.0571 -0.0066 1.6616 0.0565 -0.0063 1.6572 0.0590 -0.0081 1.6591 0.0584 -0.0050 1.6600 0.0565 -0.0109 1.6538 0.0519 -0.0113 1.6524 0.0518 -0.0043 1.6467 0.0537 -0.0073 1.6470 0.0594 -0.0104 1.6464 0.0472 -0.0065 1.6467 0.0644 -0.0114 1.6565 0.0554 -0.0042 1.6616 0.0751 -0.0046 1.6654 0.0704 -0.0043 1.6619 0.0564 -0.0052 1.6639 0.0580 -0.0049 1.6645 0.0595 -0.0079 1.6615 0.0503 -0.0113 1.6560 0.0538 -0.0089 1.6547 0.0436 -0.0061 1.6647 0.0583 -0.0079 1.6625 0.0517 -0.0090 1.6635 0.0629 -0.0056 1.6493 0.0615 -0.0063 1.6504 0.0688 -0.0059 1.6407 0.0444 -0.0032 1.6428 0.0630 -0.0032 1.6443 0.0644 -0.0042 1.6483 0.0687 -0.0029 1.6481 0.0680 -0.0064 1.6571 0.0734 -0.0042 1.6446 0.0541 -0.0043 1.6445 0.0478 -0.0099 1.6506 0.0705 -0.0105 1.6469 0.0631 -0.0122 1.6491 0.0575 -0.0122 1.6495 0.0591 -0.0097 1.6532 0.0555 -0.0077 1.6534 0.0585 -0.0088 1.6496 0.0581 -0.0090 1.6576 0.0554 -0.0103 1.6550 0.0533 -0.0085 1.6541 0.0502 -0.0090 1.6468 0.0455 -0.0075 1.6515 0.0487 0.0000 1.6676 0.0599 -0.0010 1.6676 0.0627 -0.0021 1.6645 0.0707 -0.0031 1.6597 0.0702 0.0000 1.6641 0.0581 0.0000 1.6620 0.0562 -0.0011 1.6680 0.0650 -0.0006 1.6715 0.0622 0.0000 1.6713 0.0618 -0.0055 1.6518 0.0463 -0.0024 1.6471 0.0562 -0.0028 1.6484 0.0533 -0.0037 1.6498 0.0528 -0.0039 1.6533 0.0516 -0.0039 1.6540 0.0490 -0.0008 1.6445 0.0649 -0.0006 1.6440 0.0638 -0.0008 1.6557 0.0719 -0.0008 1.6542 0.0715 -0.0004 1.6427 0.0538 0.0000 1.6442 0.0499 -0.0012 1.6615 0.0673 0.0000 1.6462 0.0713 0.0000 1.6502 0.0724 0.0000 1.6539 0.0724 0.0000 1.6577 0.0739 0.0000 1.6702 0.0718 0.0000 1.6434 0.0624 -0.0006 1.6494 0.0539 -0.0008 1.6485 0.0520 -0.0012 1.6581 0.0621 -0.0009 1.6573 0.0708 0.0000 1.6439 0.0679 0.0000 1.6441 0.0684 -0.0005 1.6544 0.0433 0.0000 1.6436 0.0662 0.0000 1.6621 0.0506 0.0000 1.6703 0.0717 -0.0010 1.6574 0.0690 0.0000 1.6676 0.0733 0.0000 1.6426 0.0605 -0.0024 1.6569 0.0450 -0.0023 1.6505 0.0635 -0.0041 1.6538 0.0539 -0.0026 1.6478 0.0618 -0.0030 1.6577 0.0571 -0.0051 1.6494 0.0492 -0.0078 1.6560 0.0542 -0.0105 1.6554 0.0572 -0.0061 1.6642 0.0559 -0.0084 1.6584 0.0716 -0.0047 1.6484 0.0678 -0.0100 1.6550 0.0460 -0.0111 1.6558 0.0515 -0.0068 1.6536 0.0443 -0.0065 1.6517 0.0637 -0.0061 1.6524 0.0654 -0.0063 1.6576 0.0641 0.0000 1.6749 0.0679 -0.0030 1.6563 0.0648 -0.0042 1.6532 0.0496 -0.0042 1.6473 0.0475 -0.0057 1.6516 0.0462 -0.0024 1.6473 0.0579 -0.0025 1.6499 0.0673 -0.0037 1.6593 0.0592 -0.0028 1.6542 0.0514 -0.0038 1.6603 0.0559 0.0000 1.6429 0.0609 0.0000 1.6630 0.0744 0.0000 1.6673 0.0734 0.0000 1.6612 0.0743 0.0000 1.6437 0.0666 0.0000 1.6723 0.0612 -0.0009 1.6543 0.0669 -0.0009 1.6536 0.0663 -0.0009 1.6518 0.0609 -0.0011 1.6567 0.0583 -0.0008 1.6513 0.0590 0.0000 1.6535 0.0724 0.0000 1.6445 0.0695 0.0000 1.6449 0.0702 -0.0032 1.6631 0.0585 -0.0011 1.6576 0.0605 -0.0007 1.6504 0.0566 0.0000 1.6633 0.0745 -0.0027 1.6553 0.0538 -0.0026 1.6559 0.0553 -0.0035 1.6553 0.0509 -0.0035 1.6580 0.0566 -0.0029 1.6574 0.0541 -0.0029 1.6617 0.0565 -0.0030 1.6490 0.0554 -0.0040 1.6505 0.0548 -0.0025 1.6482 0.0642 -0.0030 1.6453 0.0642 0.0000 1.6746 0.0628 0.0000 1.6746 0.0615 -0.0092 1.6496 0.0477 -0.0061 1.6557 0.0606 -0.0079 1.6566 0.0617 -0.0072 1.6526 0.0655 -0.0083 1.6538 0.0651 -0.0070 1.6543 0.0671 -0.0065 1.6523 0.0657 -0.0079 1.6563 0.0664 -0.0064 1.6565 0.0661 -0.0054 1.6564 0.0648 -0.0046 1.6539 0.0628 -0.0053 1.6544 0.0655 -0.0052 1.6525 0.0628 -0.0045 1.6559 0.0624 -0.0047 1.6536 0.0618 -0.0051 1.6560 0.0609 -0.0067 1.6533 0.0609 -0.0052 1.6534 0.0610 -0.0082 1.6536 0.0628 -0.0071 1.6523 0.0623 -0.0086 1.6559 0.0641 -0.0053 1.6601 0.0504 -0.0095 1.6586 0.0512 -0.0097 1.6581 0.0526 -0.0096 1.6577 0.0508 -0.0086 1.6595 0.0518 -0.0086 1.6581 0.0536 -0.0061 1.6576 0.0538 -0.0057 1.6592 0.0526 -0.0062 1.6553 0.0533 -0.0089 1.6581 0.0498 -0.0100 1.6545 0.0538 -0.0088 1.6496 0.0580 -0.0075 1.6559 0.0589 -0.0042 1.6452 0.0503 -0.0095 1.6518 0.0517 -0.0030 1.6451 0.0625 -0.0079 1.6572 0.0628 0.0000 1.6749 0.0639 -0.0033 1.6574 0.0547 -0.0032 1.6567 0.0531 -0.0008 1.6521 0.0625 -0.0009 1.6525 0.0642 0.0000 1.6738 0.0608 0.0000 1.6582 0.0740 0.0000 1.6752 0.0652 -0.0088 1.6574 0.0539" />
                  </IndexedFaceSet>
                </Shape>
                <Shape>
                  <Appearance USE="Bone" />
                  <IndexedFaceSet coordIndex="2 3 0 -1 9 10 11 -1 16 17 18 -1 19 16 18 -1 20 21 22 -1 23 24 25 -1 26 27 28 -1 32 9 33 -1 34 35 36 -1 35 38 39 -1 25 40 41 -1 43 8 42 -1 26 44 45 -1 7 46 8 -1 34 51 37 -1 52 53 54 -1 50 55 56 -1 12 48 57 -1 22 21 59 -1 60 8 46 -1 26 19 27 -1 61 62 31 -1 63 64 65 -1 67 68 69 -1 70 68 71 -1 73 69 75 -1 69 77 66 -1 86 87 70 -1 93 94 95 -1 91 89 97 -1 103 104 105 -1 100 106 107 -1 108 109 80 -1 110 101 82 -1 111 103 100 -1 112 113 114 -1 115 105 104 -1 6 118 2 -1 119 3 120 -1 90 100 121 -1 122 123 124 -1 125 126 127 -1 130 131 5 -1 18 73 19 -1 54 34 133 -1 135 73 136 -1 140 141 139 -1 116 143 90 -1 146 138 147 -1 152 150 153 -1 78 154 155 -1 160 161 156 -1 79 66 156 -1 164 162 150 -1 166 165 164 -1 167 168 169 -1 165 166 172 -1 173 172 174 -1 178 180 185 -1 186 187 188 -1 137 194 195 -1 198 197 142 -1 202 205 206 -1 200 203 207 -1 216 217 218 -1 217 212 213 -1 209 214 212 -1 223 224 225 -1 224 226 227 -1 228 229 230 -1 228 227 229 -1 221 231 220 -1 239 240 241 -1 243 244 238 -1 252 253 251 -1 256 258 259 -1 266 267 178 -1 268 269 270 -1 285 286 287 -1 234 299 300 -1 309 277 306 -1 318 284 317 -1 322 219 233 -1 325 329 330 -1 326 324 331 -1 332 333 334 -1 327 185 335 -1 342 343 344 -1 348 349 341 -1 350 351 298 -1 282 281 65 -1 281 282 176 -1 273 271 355 -1 356 357 311 -1 360 312 361 -1 365 366 361 -1 368 369 367 -1 371 343 342 -1 374 372 373 -1 375 376 234 -1 277 278 377 -1 382 383 178 -1 331 384 385 -1 385 386 327 -1 381 385 327 -1 387 336 335 -1 383 385 388 -1 385 384 388 -1 391 394 329 -1 390 395 396 -1 390 396 393 -1 398 288 186 -1 275 274 399 -1 400 401 388 -1 402 161 135 -1 288 289 186 -1 379 396 404 -1 329 397 393 -1 406 339 338 -1 339 407 132 -1 398 408 346 -1 409 410 411 -1 345 342 295 -1 236 298 280 -1 352 336 378 -1 355 234 273 -1 282 175 176 -1 232 322 168 -1 413 414 415 -1 413 416 168 -1 345 417 374 -1 427 420 422 -1 428 187 252 -1 188 428 266 -1 287 430 431 -1 246 267 266 -1 246 432 433 -1 263 434 432 -1 431 435 429 -1 435 179 246 -1 173 170 165 -1 173 421 170 -1 421 173 170 -1 421 420 422 -1 168 416 417 -1 417 416 374 -1 414 322 415 -1 347 175 412 -1 234 300 302 -1 355 375 234 -1 350 319 320 -1 344 369 342 -1 316 437 438 -1 310 311 275 -1 305 349 399 -1 319 408 440 -1 328 440 408 -1 334 441 442 -1 309 340 338 -1 407 405 325 -1 444 330 445 -1 291 446 289 -1 447 448 123 -1 289 292 291 -1 402 135 449 -1 450 154 161 -1 292 290 451 -1 348 275 399 -1 312 360 311 -1 453 188 178 -1 401 392 388 -1 392 393 396 -1 384 390 394 -1 384 395 390 -1 389 270 184 -1 336 452 454 -1 378 455 272 -1 452 305 455 -1 455 454 452 -1 456 327 386 -1 386 385 383 -1 291 286 446 -1 126 268 457 -1 159 284 458 -1 375 355 459 -1 371 342 345 -1 459 355 410 -1 343 409 370 -1 367 363 315 -1 363 460 353 -1 315 363 362 -1 364 314 362 -1 366 304 357 -1 302 320 439 -1 462 336 321 -1 437 316 369 -1 342 369 316 -1 298 219 209 -1 340 309 349 -1 412 282 297 -1 283 464 465 -1 272 305 274 -1 406 337 339 -1 177 179 268 -1 396 466 404 -1 405 331 324 -1 331 332 326 -1 327 333 381 -1 235 219 351 -1 278 443 308 -1 187 186 403 -1 442 441 398 -1 393 120 329 -1 430 287 467 -1 234 233 235 -1 260 261 263 -1 468 469 433 -1 219 235 233 -1 472 228 473 -1 220 226 213 -1 217 216 212 -1 207 206 116 -1 202 204 205 -1 204 202 201 -1 207 197 199 -1 142 197 116 -1 137 96 138 -1 193 194 137 -1 190 192 195 -1 189 191 193 -1 476 477 478 -1 479 182 178 -1 177 181 179 -1 430 179 431 -1 175 317 176 -1 165 172 173 -1 145 146 96 -1 169 168 480 -1 167 169 175 -1 164 163 150 -1 481 157 148 -1 138 145 482 -1 90 96 139 -1 485 111 138 -1 116 139 141 -1 3 2 118 -1 269 268 486 -1 160 73 135 -1 393 119 120 -1 487 488 489 -1 34 36 133 -1 490 491 492 -1 493 494 495 -1 132 444 131 -1 108 41 109 -1 81 80 497 -1 498 499 308 -1 125 486 268 -1 269 486 119 -1 1 486 500 -1 1 119 486 -1 0 500 501 -1 1 3 119 -1 103 111 104 -1 90 502 96 -1 137 138 139 -1 112 505 506 -1 507 508 509 -1 461 510 511 -1 505 112 494 -1 85 512 114 -1 510 498 489 -1 515 516 517 -1 99 308 36 -1 25 518 108 -1 502 91 96 -1 94 519 495 -1 514 513 89 -1 520 491 102 -1 487 498 521 -1 93 520 102 -1 522 516 76 -1 77 73 134 -1 77 69 73 -1 72 71 67 -1 67 71 68 -1 66 79 523 -1 128 83 81 -1 42 8 28 -1 44 26 28 -1 524 45 17 -1 31 32 525 -1 12 526 527 -1 48 12 529 -1 532 533 496 -1 535 37 51 -1 536 47 9 -1 538 539 534 -1 533 42 27 -1 23 25 59 -1 36 35 22 -1 19 26 524 -1 14 2 0 -1 4 2 14 -1 5 6 543 -1 130 5 13 -1 73 18 541 -1 22 59 36 -1 21 23 59 -1 533 27 496 -1 37 535 540 -1 7 62 537 -1 58 9 11 -1 51 544 535 -1 496 515 532 -1 19 496 27 -1 7 537 46 -1 35 34 37 -1 31 525 545 -1 17 16 524 -1 44 28 60 -1 128 129 83 -1 66 523 64 -1 68 522 69 -1 522 546 516 -1 121 514 89 -1 121 89 90 -1 495 95 94 -1 88 513 100 -1 72 67 69 -1 108 98 25 -1 36 59 99 -1 516 546 517 -1 513 514 100 -1 548 82 70 -1 489 511 510 -1 85 114 84 -1 494 493 505 -1 364 461 509 -1 507 509 549 -1 506 550 112 -1 501 551 0 -1 0 551 117 -1 123 73 124 -1 268 126 125 -1 308 99 498 -1 81 497 128 -1 108 518 41 -1 131 444 5 -1 438 115 463 -1 495 552 493 -1 490 492 553 -1 498 487 489 -1 393 269 119 -1 134 66 77 -1 159 144 65 -1 111 100 138 -1 484 139 138 -1 138 65 144 -1 140 116 141 -1 106 100 116 -1 116 90 139 -1 79 78 523 -1 153 65 155 -1 134 156 66 -1 78 79 154 -1 481 155 154 -1 150 162 164 -1 164 166 150 -1 317 175 318 -1 178 185 456 -1 192 189 193 -1 190 195 194 -1 96 147 138 -1 116 206 142 -1 201 203 200 -1 201 202 203 -1 475 204 198 -1 209 211 210 -1 213 226 224 -1 230 229 471 -1 251 247 249 -1 468 433 556 -1 245 260 265 -1 260 263 265 -1 157 236 280 -1 157 346 236 -1 184 270 269 -1 177 268 389 -1 285 557 286 -1 186 442 398 -1 404 334 379 -1 380 448 447 -1 302 303 378 -1 307 278 308 -1 307 310 306 -1 319 236 237 -1 352 321 336 -1 327 328 333 -1 331 333 332 -1 324 325 405 -1 274 305 399 -1 157 279 297 -1 168 347 232 -1 341 349 309 -1 560 346 157 -1 175 282 412 -1 369 561 437 -1 311 360 356 -1 356 366 357 -1 562 315 558 -1 357 275 311 -1 361 366 356 -1 362 361 364 -1 410 355 460 -1 315 368 367 -1 345 374 371 -1 372 416 413 -1 301 563 234 -1 279 209 323 -1 159 317 284 -1 335 185 384 -1 387 335 349 -1 454 378 336 -1 395 384 466 -1 466 396 395 -1 188 266 178 -1 291 292 449 -1 449 135 136 -1 123 122 447 -1 379 334 442 -1 445 329 120 -1 406 340 337 -1 276 306 310 -1 331 381 333 -1 408 441 328 -1 440 320 319 -1 275 357 274 -1 438 295 316 -1 353 362 363 -1 157 297 148 -1 320 300 350 -1 352 378 303 -1 271 378 272 -1 378 271 273 -1 563 273 234 -1 301 234 302 -1 323 232 412 -1 376 415 233 -1 417 345 565 -1 170 171 165 -1 426 424 425 -1 431 248 285 -1 248 557 285 -1 188 187 428 -1 246 263 432 -1 246 178 267 -1 285 287 431 -1 431 179 435 -1 431 429 248 -1 246 266 428 -1 429 435 246 -1 424 566 418 -1 419 436 426 -1 565 480 417 -1 168 414 413 -1 415 376 413 -1 233 415 322 -1 412 232 347 -1 209 280 298 -1 301 302 378 -1 233 234 376 -1 273 563 378 -1 152 148 297 -1 367 369 344 -1 348 399 349 -1 462 321 327 -1 398 441 408 -1 339 405 407 -1 330 407 325 -1 330 329 445 -1 288 290 289 -1 568 402 449 -1 160 135 161 -1 459 410 409 -1 339 133 443 -1 393 184 269 -1 384 332 466 -1 188 453 379 -1 183 184 384 -1 453 383 388 -1 387 452 336 -1 305 452 387 -1 331 335 384 -1 186 289 403 -1 157 280 279 -1 374 416 372 -1 316 295 342 -1 343 370 367 -1 370 409 411 -1 354 569 353 -1 463 464 293 -1 337 335 331 -1 338 278 277 -1 339 278 338 -1 336 327 335 -1 327 456 185 -1 332 334 404 -1 321 352 302 -1 276 310 275 -1 443 278 339 -1 290 292 289 -1 448 567 136 -1 403 289 446 -1 286 571 287 -1 298 236 319 -1 467 268 179 -1 268 270 389 -1 246 433 245 -1 263 261 262 -1 556 433 432 -1 260 572 261 -1 251 250 245 -1 250 251 249 -1 246 428 245 -1 226 220 231 -1 224 227 228 -1 209 212 211 -1 212 215 213 -1 212 214 215 -1 198 200 199 -1 138 482 96 -1 195 193 137 -1 180 177 183 -1 182 177 178 -1 178 179 181 -1 177 180 178 -1 175 169 318 -1 166 164 172 -1 175 347 167 -1 167 347 168 -1 166 164 150 -1 163 164 150 -1 156 134 160 -1 450 481 154 -1 150 65 153 -1 151 152 65 -1 143 116 90 -1 96 137 139 -1 116 140 106 -1 138 96 65 -1 0 1 500 -1 160 134 73 -1 499 498 510 -1 130 132 131 -1 132 130 54 -1 443 36 308 -1 36 443 133 -1 127 575 125 -1 486 125 500 -1 112 550 113 -1 438 576 115 -1 577 103 105 -1 84 492 85 -1 82 548 110 -1 95 520 93 -1 92 89 88 -1 88 89 513 -1 80 93 102 -1 72 483 71 -1 104 465 115 -1 66 72 69 -1 96 63 65 -1 62 7 31 -1 29 35 37 -1 60 28 8 -1 9 58 536 -1 12 57 578 -1 55 579 56 -1 34 54 51 -1 33 9 47 -1 26 45 524 -1 43 7 8 -1 25 24 40 -1 33 525 32 -1 29 580 30 -1 42 28 27 -1 22 39 20 -1 52 54 130 -1 19 524 16 -1 73 541 124 -1 14 581 15 -1 10 582 11 -1 6 5 118 -1 40 583 584 -1 40 24 583 -1 531 585 586 -1 531 587 585 -1 544 51 588 -1 579 55 589 -1 590 12 527 -1 591 50 49 -1 591 20 50 -1 592 593 594 -1 592 587 593 -1 12 595 596 -1 12 597 595 -1 597 12 10 -1 55 50 38 -1 50 55 528 -1 57 49 598 -1 49 57 48 -1 24 23 591 -1 599 83 129 -1 599 82 83 -1 111 465 104 -1 91 66 96 -1 72 91 97 -1 91 72 66 -1 600 548 70 -1 600 601 548 -1 93 80 81 -1 490 488 487 -1 92 88 547 -1 495 504 552 -1 495 519 504 -1 546 74 517 -1 593 129 128 -1 87 92 547 -1 87 86 92 -1 504 602 603 -1 602 504 519 -1 488 553 507 -1 494 114 512 -1 494 112 114 -1 604 558 508 -1 604 562 558 -1 561 506 437 -1 506 561 550 -1 549 461 511 -1 549 509 461 -1 604 84 605 -1 492 520 85 -1 492 491 520 -1 98 498 99 -1 521 498 98 -1 109 594 497 -1 109 41 594 -1 515 496 516 -1 493 606 607 -1 606 493 552 -1 19 73 75 -1 487 521 490 -1 153 148 152 -1 65 152 151 -1 65 150 152 -1 450 157 481 -1 450 560 157 -1 171 173 423 -1 170 173 171 -1 165 171 164 -1 608 169 480 -1 608 318 169 -1 609 478 477 -1 610 611 612 -1 610 613 611 -1 614 476 615 -1 612 611 616 -1 182 616 617 -1 618 619 617 -1 619 618 620 -1 620 621 619 -1 621 620 622 -1 181 621 623 -1 624 625 623 -1 625 624 626 -1 625 627 628 -1 625 626 627 -1 615 609 614 -1 610 629 628 -1 192 190 189 -1 191 189 190 -1 96 196 145 -1 145 196 96 -1 197 207 116 -1 204 201 200 -1 206 205 204 -1 202 206 207 -1 207 203 202 -1 199 200 207 -1 212 216 211 -1 215 218 213 -1 218 209 210 -1 208 209 218 -1 632 631 471 -1 473 471 631 -1 473 474 471 -1 220 213 223 -1 213 224 223 -1 228 230 630 -1 225 224 228 -1 226 635 227 -1 636 632 471 -1 232 209 322 -1 319 237 236 -1 638 244 637 -1 637 639 241 -1 637 244 639 -1 241 639 243 -1 242 239 243 -1 253 247 251 -1 254 235 640 -1 235 254 641 -1 258 640 256 -1 254 640 258 -1 470 642 434 -1 262 572 555 -1 556 643 554 -1 643 556 432 -1 262 470 263 -1 573 259 258 -1 257 554 256 -1 257 469 468 -1 433 260 245 -1 469 573 644 -1 350 298 319 -1 350 645 298 -1 268 571 126 -1 467 571 268 -1 403 286 557 -1 403 446 286 -1 186 379 442 -1 280 209 279 -1 209 219 322 -1 467 179 430 -1 349 564 340 -1 345 293 570 -1 295 293 345 -1 318 283 284 -1 318 608 283 -1 283 294 464 -1 461 311 510 -1 461 312 311 -1 559 158 296 -1 460 411 410 -1 460 363 411 -1 358 369 368 -1 459 409 373 -1 409 374 373 -1 371 374 409 -1 571 380 447 -1 380 571 286 -1 455 378 454 -1 183 384 180 -1 388 184 400 -1 388 379 453 -1 392 379 388 -1 392 401 393 -1 332 391 325 -1 384 391 332 -1 397 394 390 -1 394 397 329 -1 391 329 325 -1 449 451 568 -1 449 292 451 -1 567 449 136 -1 449 567 291 -1 380 286 291 -1 406 338 340 -1 337 331 405 -1 276 348 341 -1 276 275 348 -1 328 334 333 -1 328 441 334 -1 346 319 236 -1 319 346 408 -1 311 310 307 -1 317 559 176 -1 317 359 559 -1 351 300 299 -1 351 350 300 -1 425 420 648 -1 436 419 418 -1 424 418 566 -1 187 403 252 -1 403 248 252 -1 403 557 248 -1 418 427 420 -1 426 425 648 -1 279 412 297 -1 279 323 412 -1 234 235 351 -1 365 304 366 -1 365 271 304 -1 352 303 302 -1 559 281 176 -1 438 463 295 -1 340 335 337 -1 337 405 339 -1 392 396 379 -1 390 393 397 -1 393 401 400 -1 379 186 188 -1 384 184 388 -1 185 180 384 -1 373 413 376 -1 413 373 372 -1 343 371 409 -1 368 315 358 -1 647 315 562 -1 283 458 284 -1 283 465 458 -1 355 271 365 -1 362 353 649 -1 362 313 558 -1 361 649 569 -1 327 336 462 -1 209 232 323 -1 351 219 298 -1 65 297 282 -1 297 65 152 -1 570 565 345 -1 274 304 272 -1 564 335 340 -1 306 277 377 -1 307 308 499 -1 380 567 448 -1 567 380 291 -1 287 571 467 -1 644 572 260 -1 644 573 572 -1 265 263 264 -1 263 470 434 -1 573 469 259 -1 642 554 643 -1 261 572 262 -1 643 434 642 -1 233 641 255 -1 233 235 641 -1 640 235 255 -1 639 244 243 -1 238 638 242 -1 238 244 638 -1 632 636 635 -1 635 636 227 -1 650 228 472 -1 650 651 228 -1 471 474 630 -1 222 650 472 -1 634 650 222 -1 220 634 222 -1 222 631 652 -1 222 473 631 -1 652 631 653 -1 653 631 632 -1 208 218 209 -1 475 206 204 -1 190 194 193 -1 382 386 383 -1 382 456 386 -1 615 627 609 -1 613 627 615 -1 478 624 622 -1 620 476 478 -1 611 476 618 -1 609 476 614 -1 476 609 477 -1 613 615 611 -1 423 164 171 -1 423 173 174 -1 164 174 172 -1 281 296 65 -1 281 559 296 -1 154 156 161 -1 156 154 79 -1 138 146 145 -1 147 96 146 -1 85 95 512 -1 520 95 85 -1 132 54 133 -1 129 654 599 -1 124 127 122 -1 127 124 575 -1 655 4 656 -1 88 100 103 -1 605 114 113 -1 114 605 84 -1 550 646 113 -1 550 561 646 -1 313 508 558 -1 74 522 68 -1 522 74 546 -1 492 507 553 -1 492 84 507 -1 503 603 601 -1 603 503 504 -1 593 497 594 -1 593 128 497 -1 89 86 97 -1 657 547 88 -1 602 81 101 -1 602 93 81 -1 87 600 70 -1 483 97 86 -1 97 483 72 -1 523 65 64 -1 63 66 64 -1 658 82 599 -1 31 659 9 -1 9 597 10 -1 37 580 29 -1 37 540 580 -1 583 49 48 -1 583 591 49 -1 584 48 529 -1 584 583 48 -1 596 529 12 -1 596 584 529 -1 20 38 50 -1 20 39 38 -1 534 589 55 -1 534 539 589 -1 29 538 534 -1 538 29 30 -1 531 586 660 -1 584 592 40 -1 592 584 596 -1 4 15 656 -1 14 15 4 -1 582 10 661 -1 543 542 5 -1 662 542 543 -1 4 6 2 -1 543 6 4 -1 3 1 0 -1 12 661 10 -1 12 590 661 -1 14 117 581 -1 14 0 117 -1 24 591 583 -1 587 595 585 -1 533 43 42 -1 533 532 43 -1 50 56 663 -1 526 12 578 -1 22 35 39 -1 38 534 55 -1 38 35 534 -1 40 594 41 -1 40 592 594 -1 659 660 586 -1 31 660 659 -1 597 585 595 -1 9 585 597 -1 598 50 663 -1 49 50 598 -1 23 20 591 -1 20 23 21 -1 32 31 9 -1 50 528 55 -1 63 96 66 -1 68 70 74 -1 465 485 458 -1 465 111 485 -1 86 70 71 -1 110 601 603 -1 601 110 548 -1 490 521 80 -1 90 91 502 -1 503 552 504 -1 552 503 606 -1 129 530 654 -1 530 129 593 -1 99 25 98 -1 25 99 59 -1 519 93 602 -1 93 519 94 -1 600 87 547 -1 549 488 507 -1 577 664 607 -1 577 105 664 -1 81 83 101 -1 82 101 83 -1 562 605 647 -1 605 562 604 -1 576 437 506 -1 576 438 437 -1 84 508 507 -1 84 604 508 -1 105 576 664 -1 105 115 576 -1 515 654 530 -1 654 515 517 -1 3 445 120 -1 118 445 3 -1 658 517 74 -1 658 654 517 -1 577 88 103 -1 88 577 657 -1 516 496 76 -1 518 25 41 -1 496 75 76 -1 19 75 496 -1 107 138 100 -1 138 107 484 -1 144 458 485 -1 144 159 458 -1 139 148 149 -1 148 155 481 -1 155 148 153 -1 65 78 155 -1 629 479 178 -1 610 612 616 -1 611 615 476 -1 476 620 618 -1 478 622 620 -1 478 626 624 -1 626 478 609 -1 626 609 627 -1 192 193 195 -1 190 193 191 -1 198 199 197 -1 217 213 218 -1 210 216 218 -1 210 211 216 -1 214 209 215 -1 653 633 652 -1 221 633 653 -1 652 220 222 -1 633 220 652 -1 634 223 650 -1 220 223 634 -1 473 222 472 -1 651 225 228 -1 230 471 630 -1 226 231 635 -1 231 221 635 -1 240 239 242 -1 240 242 637 -1 241 240 637 -1 243 238 242 -1 247 248 429 -1 247 429 249 -1 255 235 233 -1 573 258 555 -1 255 641 256 -1 640 255 256 -1 470 262 642 -1 642 555 574 -1 262 555 642 -1 257 468 556 -1 246 245 263 -1 433 644 260 -1 469 644 433 -1 264 245 265 -1 245 264 263 -1 480 168 417 -1 457 268 126 -1 118 444 445 -1 118 5 444 -1 466 332 404 -1 349 335 564 -1 272 455 305 -1 271 272 304 -1 304 274 357 -1 565 608 480 -1 570 608 565 -1 294 293 464 -1 646 315 647 -1 358 315 646 -1 321 302 439 -1 360 361 356 -1 460 354 353 -1 307 510 311 -1 510 307 499 -1 158 559 359 -1 361 569 354 -1 370 363 367 -1 375 373 376 -1 375 459 373 -1 122 126 571 -1 127 126 122 -1 349 305 387 -1 384 394 391 -1 393 400 184 -1 450 451 560 -1 450 568 451 -1 161 568 450 -1 402 568 161 -1 571 447 122 -1 132 330 444 -1 132 407 330 -1 132 133 339 -1 306 341 309 -1 276 341 306 -1 315 362 558 -1 313 314 364 -1 570 283 608 -1 294 283 570 -1 414 168 322 -1 421 422 420 -1 648 427 419 -1 648 420 427 -1 436 418 424 -1 422 420 427 -1 252 245 428 -1 252 251 245 -1 179 178 246 -1 253 252 248 -1 246 249 429 -1 250 249 246 -1 420 424 418 -1 419 427 418 -1 424 426 436 -1 426 648 419 -1 424 420 425 -1 294 570 293 -1 320 302 300 -1 320 321 439 -1 320 440 321 -1 321 328 327 -1 328 321 440 -1 290 398 346 -1 288 398 290 -1 346 451 290 -1 346 560 451 -1 383 453 178 -1 381 331 385 -1 351 299 234 -1 301 378 563 -1 343 367 344 -1 363 370 411 -1 365 361 354 -1 361 362 649 -1 361 312 364 -1 358 561 369 -1 358 646 561 -1 364 312 461 -1 158 317 159 -1 158 359 317 -1 295 463 293 -1 365 460 355 -1 365 354 460 -1 313 362 314 -1 569 649 353 -1 298 645 350 -1 338 277 309 -1 324 326 332 -1 332 325 324 -1 377 307 306 -1 377 278 307 -1 556 554 257 -1 256 469 257 -1 259 469 256 -1 574 256 554 -1 256 574 258 -1 574 555 258 -1 573 555 572 -1 642 574 554 -1 432 434 643 -1 641 258 256 -1 641 254 258 -1 247 253 248 -1 250 246 245 -1 241 243 239 -1 637 242 638 -1 635 221 632 -1 636 229 227 -1 636 471 229 -1 473 228 630 -1 223 225 651 -1 650 223 651 -1 473 630 474 -1 221 653 632 -1 633 221 220 -1 209 218 215 -1 142 206 475 -1 200 198 204 -1 198 142 475 -1 145 96 482 -1 456 382 178 -1 389 183 177 -1 184 183 389 -1 613 628 627 -1 610 628 613 -1 628 178 625 -1 629 178 628 -1 178 623 625 -1 178 181 623 -1 622 623 621 -1 623 622 624 -1 181 619 621 -1 181 177 619 -1 177 617 619 -1 177 182 617 -1 611 617 616 -1 617 611 618 -1 182 479 616 -1 616 629 610 -1 479 629 616 -1 5 542 13 -1 174 164 423 -1 159 296 158 -1 65 296 159 -1 148 139 149 -1 106 140 139 -1 90 116 100 -1 107 139 484 -1 106 139 107 -1 138 144 485 -1 655 543 4 -1 665 543 655 -1 488 490 553 -1 512 495 494 -1 495 512 95 -1 465 463 115 -1 465 464 463 -1 657 607 606 -1 607 657 577 -1 599 654 658 -1 108 521 98 -1 80 521 108 -1 662 543 665 -1 506 664 576 -1 664 506 505 -1 113 647 605 -1 113 646 647 -1 364 508 313 -1 508 364 509 -1 607 505 493 -1 607 664 505 -1 488 511 489 -1 488 549 511 -1 601 547 503 -1 601 600 547 -1 121 100 514 -1 497 80 109 -1 89 92 86 -1 547 606 503 -1 606 547 657 -1 91 90 89 -1 491 80 102 -1 490 80 491 -1 603 101 110 -1 603 602 101 -1 86 71 483 -1 75 522 76 -1 75 69 522 -1 65 523 78 -1 74 82 658 -1 74 70 82 -1 123 136 73 -1 448 136 123 -1 9 586 585 -1 659 586 9 -1 31 43 660 -1 7 43 31 -1 530 587 531 -1 593 587 530 -1 515 531 532 -1 530 531 515 -1 29 534 35 -1 588 54 53 -1 588 51 54 -1 31 545 61 -1 660 532 531 -1 532 660 43 -1 596 587 592 -1 587 596 595 -1" creaseAngle="1.571">
                    <Coordinate point="0.0006 1.6702 0.0621 0.0010 1.6676 0.0627 0.0007 1.6710 0.0641 0.0011 1.6680 0.0650 0.0006 1.6735 0.0626 0.0011 1.6727 0.0684 0.0007 1.6722 0.0664 0.0004 1.6431 0.0558 0.0004 1.6427 0.0538 0.0006 1.6444 0.0604 0.0006 1.6440 0.0644 0.0000 1.6433 0.0640 0.0006 1.6442 0.0655 0.0000 1.6749 0.0680 0.0006 1.6727 0.0623 0.0000 1.6738 0.0608 0.0005 1.6544 0.0433 0.0000 1.6535 0.0431 0.0000 1.6555 0.0432 0.0007 1.6576 0.0447 0.0010 1.6574 0.0690 0.0012 1.6615 0.0674 0.0018 1.6623 0.0686 0.0012 1.6596 0.0651 0.0011 1.6592 0.0644 0.0024 1.6646 0.0629 0.0008 1.6487 0.0448 0.0010 1.6507 0.0474 0.0006 1.6451 0.0476 0.0007 1.6609 0.0733 0.0000 1.6630 0.0744 0.0004 1.6438 0.0577 0.0004 1.6437 0.0599 0.0000 1.6434 0.0624 0.0019 1.6645 0.0708 0.0010 1.6618 0.0717 0.0022 1.6656 0.0689 0.0007 1.6632 0.0732 0.0009 1.6573 0.0709 0.0009 1.6593 0.0701 0.0012 1.6581 0.0621 0.0032 1.6636 0.0601 0.0008 1.6485 0.0520 0.0006 1.6494 0.0539 0.0000 1.6474 0.0466 0.0000 1.6505 0.0443 0.0000 1.6426 0.0566 0.0000 1.6434 0.0627 0.0007 1.6458 0.0679 0.0009 1.6487 0.0695 0.0007 1.6521 0.0703 0.0011 1.6654 0.0729 0.0000 1.6703 0.0717 0.0000 1.6702 0.0718 0.0020 1.6682 0.0706 0.0008 1.6557 0.0719 0.0000 1.6539 0.0724 0.0000 1.6462 0.0713 0.0000 1.6433 0.0635 0.0019 1.6652 0.0667 0.0000 1.6442 0.0499 0.0000 1.6426 0.0605 0.0000 1.6432 0.0590 0.0064 1.6488 0.0456 0.0060 1.6485 0.0451 0.0084 1.6463 0.0450 0.0050 1.6500 0.0459 0.0038 1.6520 0.0472 0.0033 1.6529 0.0488 0.0026 1.6538 0.0459 0.0029 1.6519 0.0515 0.0034 1.6513 0.0487 0.0042 1.6510 0.0469 0.0013 1.6567 0.0431 0.0029 1.6541 0.0508 0.0024 1.6569 0.0450 0.0035 1.6585 0.0471 0.0028 1.6535 0.0435 0.0080 1.6466 0.0433 0.0080 1.6493 0.0422 0.0033 1.6578 0.0615 0.0030 1.6565 0.0593 0.0028 1.6529 0.0553 0.0028 1.6551 0.0578 0.0023 1.6505 0.0636 0.0032 1.6531 0.0617 0.0040 1.6536 0.0481 0.0039 1.6540 0.0490 0.0043 1.6532 0.0494 0.0041 1.6551 0.0467 0.0060 1.6510 0.0470 0.0053 1.6531 0.0457 0.0039 1.6555 0.0473 0.0037 1.6593 0.0592 0.0039 1.6606 0.0579 0.0041 1.6552 0.0594 0.0061 1.6493 0.0453 0.0042 1.6531 0.0471 0.0033 1.6611 0.0644 0.0030 1.6622 0.0678 0.0047 1.6496 0.0487 0.0030 1.6553 0.0577 0.0038 1.6599 0.0611 0.0040 1.6491 0.0509 0.0030 1.6475 0.0511 0.0028 1.6484 0.0533 0.0059 1.6502 0.0498 0.0074 1.6489 0.0503 0.0033 1.6607 0.0628 0.0034 1.6603 0.0612 0.0030 1.6542 0.0557 0.0035 1.6477 0.0494 0.0028 1.6495 0.0592 0.0026 1.6478 0.0619 0.0024 1.6499 0.0612 0.0026 1.6465 0.0541 0.0068 1.6515 0.0489 0.0000 1.6713 0.0618 0.0011 1.6698 0.0678 0.0013 1.6649 0.0634 0.0018 1.6653 0.0657 0.0045 1.6529 0.0481 0.0048 1.6620 0.0546 0.0043 1.6617 0.0501 0.0000 1.6621 0.0506 0.0000 1.6641 0.0581 0.0048 1.6635 0.0583 0.0043 1.6619 0.0565 0.0031 1.6590 0.0584 0.0030 1.6577 0.0572 0.0000 1.6725 0.0695 0.0014 1.6703 0.0694 0.0026 1.6687 0.0702 0.0031 1.6661 0.0705 0.0055 1.6533 0.0418 0.0066 1.6545 0.0425 0.0065 1.6562 0.0437 0.0075 1.6499 0.0462 0.0070 1.6477 0.0468 0.0088 1.6497 0.0478 0.0075 1.6517 0.0488 0.0076 1.6515 0.0486 0.0071 1.6521 0.0484 0.0060 1.6513 0.0490 0.0054 1.6464 0.0460 0.0075 1.6506 0.0445 0.0075 1.6499 0.0443 0.0069 1.6491 0.0461 0.0116 1.6481 0.0484 0.0115 1.6484 0.0480 0.0090 1.6467 0.0454 0.0090 1.6464 0.0457 0.0098 1.6468 0.0466 0.0101 1.6471 0.0468 0.0095 1.6496 0.0428 0.0102 1.6475 0.0449 0.0071 1.6522 0.0417 0.0128 1.6498 0.0510 0.0066 1.6413 0.0424 0.0053 1.6445 0.0459 0.0055 1.6550 0.0414 0.0089 1.6529 0.0423 0.0091 1.6471 0.0452 0.0092 1.6472 0.0451 0.0088 1.6477 0.0450 0.0099 1.6494 0.0461 0.0093 1.6474 0.0451 0.0059 1.6482 0.0488 0.0056 1.6487 0.0516 0.0044 1.6471 0.0483 0.0088 1.6512 0.0472 0.0085 1.6495 0.0462 0.0104 1.6492 0.0467 0.0089 1.6513 0.0470 0.0099 1.6488 0.0468 0.0063 1.6470 0.0470 0.0069 1.6435 0.0458 0.0048 1.6584 0.0615 0.0070 1.6573 0.0610 0.0050 1.6586 0.0589 0.0055 1.6594 0.0632 0.0051 1.6578 0.0616 0.0063 1.6576 0.0643 0.0051 1.6600 0.0633 0.0047 1.6626 0.0633 0.0070 1.6589 0.0667 0.0100 1.6620 0.0585 0.0097 1.6639 0.0574 0.0088 1.6618 0.0602 0.0069 1.6558 0.0459 0.0070 1.6539 0.0443 0.0077 1.6542 0.0446 0.0059 1.6549 0.0458 0.0079 1.6527 0.0467 0.0071 1.6522 0.0454 0.0063 1.6522 0.0458 0.0064 1.6520 0.0446 0.0080 1.6519 0.0487 0.0082 1.6540 0.0501 0.0099 1.6542 0.0490 0.0090 1.6560 0.0487 0.0067 1.6569 0.0493 0.0061 1.6576 0.0477 0.0078 1.6578 0.0475 0.0056 1.6553 0.0492 0.0053 1.6558 0.0478 0.0066 1.6540 0.0474 0.0086 1.6541 0.0471 0.0098 1.6490 0.0542 0.0096 1.6492 0.0545 0.0098 1.6501 0.0545 0.0106 1.6504 0.0563 0.0099 1.6517 0.0570 0.0078 1.6524 0.0528 0.0087 1.6502 0.0564 0.0081 1.6509 0.0549 0.0100 1.6509 0.0545 0.0092 1.6522 0.0539 0.0081 1.6511 0.0525 0.0096 1.6480 0.0562 0.0076 1.6551 0.0532 0.0099 1.6567 0.0522 0.0059 1.6579 0.0537 0.0063 1.6541 0.0516 0.0063 1.6544 0.0509 0.0051 1.6561 0.0505 0.0083 1.6555 0.0502 0.0083 1.6562 0.0497 0.0052 1.6567 0.0505 0.0076 1.6591 0.0488 0.0054 1.6586 0.0491 0.0096 1.6552 0.0512 0.0087 1.6489 0.0527 0.0095 1.6472 0.0591 0.0101 1.6467 0.0632 0.0100 1.6474 0.0592 0.0124 1.6506 0.0538 0.0124 1.6505 0.0538 0.0104 1.6544 0.0536 0.0101 1.6573 0.0537 0.0098 1.6580 0.0551 0.0097 1.6556 0.0552 0.0108 1.6565 0.0534 0.0098 1.6545 0.0538 0.0100 1.6543 0.0539 0.0081 1.6576 0.0553 0.0070 1.6587 0.0566 0.0068 1.6622 0.0533 0.0069 1.6625 0.0547 0.0049 1.6599 0.0537 0.0063 1.6581 0.0553 0.0072 1.6600 0.0530 0.0087 1.6605 0.0543 0.0070 1.6622 0.0534 0.0089 1.6496 0.0583 0.0088 1.6496 0.0583 0.0082 1.6517 0.0575 0.0066 1.6526 0.0561 0.0081 1.6516 0.0572 0.0090 1.6524 0.0558 0.0098 1.6565 0.0555 0.0105 1.6562 0.0571 0.0094 1.6565 0.0589 0.0078 1.6590 0.0578 0.0074 1.6591 0.0578 0.0088 1.6579 0.0566 0.0096 1.6580 0.0590 0.0081 1.6591 0.0586 0.0048 1.6645 0.0608 0.0045 1.6654 0.0629 0.0044 1.6635 0.0623 0.0075 1.6490 0.0713 0.0076 1.6514 0.0724 0.0082 1.6476 0.0698 0.0073 1.6529 0.0738 0.0061 1.6549 0.0742 0.0047 1.6569 0.0766 0.0044 1.6616 0.0751 0.0043 1.6625 0.0736 0.0119 1.6473 0.0527 0.0122 1.6480 0.0549 0.0092 1.6441 0.0458 0.0097 1.6451 0.0470 0.0041 1.6431 0.0508 0.0043 1.6426 0.0485 0.0080 1.6652 0.0567 0.0086 1.6640 0.0539 0.0073 1.6654 0.0571 0.0114 1.6565 0.0557 0.0106 1.6621 0.0559 0.0113 1.6560 0.0540 0.0087 1.6622 0.0515 0.0110 1.6580 0.0512 0.0034 1.6427 0.0554 0.0041 1.6431 0.0535 0.0033 1.6424 0.0574 0.0079 1.6428 0.0427 0.0105 1.6461 0.0484 0.0121 1.6484 0.0563 0.0106 1.6470 0.0634 0.0111 1.6491 0.0643 0.0092 1.6485 0.0691 0.0100 1.6503 0.0690 0.0099 1.6506 0.0709 0.0073 1.6509 0.0726 0.0071 1.6540 0.0717 0.0043 1.6593 0.0769 0.0037 1.6603 0.0732 0.0031 1.6627 0.0717 0.0056 1.6605 0.0745 0.0041 1.6566 0.0739 0.0038 1.6549 0.0722 0.0034 1.6514 0.0706 0.0036 1.6478 0.0689 0.0043 1.6475 0.0695 0.0039 1.6439 0.0658 0.0033 1.6424 0.0593 0.0050 1.6419 0.0463 0.0043 1.6445 0.0479 0.0116 1.6518 0.0607 0.0102 1.6514 0.0658 0.0101 1.6529 0.0712 0.0082 1.6487 0.0546 0.0103 1.6487 0.0537 0.0086 1.6649 0.0681 0.0081 1.6677 0.0677 0.0087 1.6633 0.0687 0.0093 1.6585 0.0715 0.0100 1.6577 0.0694 0.0070 1.6676 0.0659 0.0065 1.6692 0.0677 0.0084 1.6618 0.0695 0.0086 1.6651 0.0661 0.0088 1.6610 0.0676 0.0089 1.6609 0.0627 0.0077 1.6593 0.0716 0.0089 1.6553 0.0727 0.0058 1.6628 0.0690 0.0047 1.6631 0.0732 0.0046 1.6654 0.0705 0.0058 1.6615 0.0705 0.0060 1.6584 0.0745 0.0048 1.6434 0.0587 0.0055 1.6441 0.0603 0.0055 1.6437 0.0610 0.0042 1.6442 0.0571 0.0125 1.6529 0.0542 0.0081 1.6482 0.0496 0.0064 1.6571 0.0737 0.0060 1.6588 0.0727 0.0122 1.6495 0.0594 0.0116 1.6477 0.0593 0.0097 1.6525 0.0718 0.0042 1.6466 0.0682 0.0047 1.6484 0.0680 0.0073 1.6489 0.0680 0.0034 1.6518 0.0705 0.0052 1.6540 0.0717 0.0032 1.6428 0.0631 0.0058 1.6410 0.0442 0.0034 1.6519 0.0708 0.0042 1.6496 0.0697 0.0043 1.6462 0.0681 0.0056 1.6451 0.0655 0.0035 1.6493 0.0695 0.0063 1.6504 0.0691 0.0054 1.6525 0.0704 0.0055 1.6437 0.0631 0.0051 1.6433 0.0631 0.0040 1.6428 0.0612 0.0067 1.6452 0.0632 0.0050 1.6456 0.0601 0.0048 1.6495 0.0600 0.0056 1.6493 0.0617 0.0034 1.6478 0.0610 0.0073 1.6481 0.0631 0.0073 1.6470 0.0596 0.0042 1.6616 0.0753 0.0090 1.6505 0.0724 0.0094 1.6640 0.0611 0.0079 1.6625 0.0518 0.0087 1.6594 0.0713 0.0070 1.6580 0.0616 0.0068 1.6596 0.0623 0.0063 1.6636 0.0662 0.0069 1.6604 0.0662 0.0078 1.6583 0.0671 0.0068 1.6596 0.0717 0.0069 1.6627 0.0627 0.0038 1.6604 0.0611 0.0068 1.6647 0.0651 0.0068 1.6655 0.0667 0.0081 1.6654 0.0626 0.0066 1.6662 0.0640 0.0064 1.6654 0.0657 0.0066 1.6637 0.0661 0.0077 1.6658 0.0640 0.0075 1.6663 0.0643 0.0114 1.6569 0.0572 0.0066 1.6558 0.0727 0.0062 1.6645 0.0636 0.0074 1.6656 0.0637 0.0089 1.6547 0.0436 0.0094 1.6643 0.0568 0.0090 1.6635 0.0631 0.0063 1.6649 0.0687 0.0053 1.6636 0.0703 0.0058 1.6681 0.0693 0.0116 1.6539 0.0620 0.0061 1.6466 0.0610 0.0063 1.6482 0.0654 0.0065 1.6467 0.0646 0.0106 1.6462 0.0491 0.0058 1.6481 0.0579 0.0063 1.6486 0.0560 0.0075 1.6473 0.0572 0.0043 1.6498 0.0572 0.0032 1.6484 0.0565 0.0098 1.6537 0.0502 0.0084 1.6521 0.0500 0.0108 1.6514 0.0495 0.0096 1.6519 0.0479 0.0106 1.6507 0.0491 0.0092 1.6490 0.0467 0.0104 1.6540 0.0521 0.0113 1.6522 0.0518 0.0090 1.6526 0.0527 0.0094 1.6515 0.0492 0.0090 1.6587 0.0554 0.0052 1.6610 0.0559 0.0060 1.6640 0.0581 0.0063 1.6641 0.0572 0.0054 1.6563 0.0569 0.0071 1.6561 0.0548 0.0063 1.6572 0.0591 0.0067 1.6620 0.0572 0.0079 1.6533 0.0513 0.0026 1.6446 0.0589 0.0025 1.6445 0.0572 0.0099 1.6510 0.0689 0.0106 1.6536 0.0683 0.0101 1.6577 0.0626 0.0093 1.6610 0.0607 0.0031 1.6646 0.0708 0.0029 1.6710 0.0683 0.0019 1.6672 0.0678 0.0094 1.6637 0.0538 0.0058 1.6626 0.0535 0.0062 1.6616 0.0504 0.0097 1.6574 0.0450 0.0106 1.6529 0.0458 0.0111 1.6558 0.0517 0.0072 1.6543 0.0715 0.0073 1.6610 0.0620 0.0078 1.6522 0.0720 0.0079 1.6520 0.0724 0.0075 1.6584 0.0668 0.0049 1.6645 0.0596 0.0038 1.6448 0.0481 0.0061 1.6493 0.0632 0.0050 1.6478 0.0675 0.0028 1.6531 0.0701 0.0090 1.6560 0.0726 0.0029 1.6435 0.0553 0.0027 1.6438 0.0530 0.0029 1.6455 0.0510 0.0082 1.6656 0.0641 0.0061 1.6647 0.0584 0.0072 1.6533 0.0543 0.0081 1.6537 0.0541 0.0080 1.6574 0.0595 0.0075 1.6606 0.0504 0.0051 1.6576 0.0534 0.0052 1.6589 0.0523 0.0049 1.6605 0.0512 0.0058 1.6549 0.0493 0.0059 1.6525 0.0654 0.0062 1.6516 0.0634 0.0055 1.6521 0.0626 0.0070 1.6576 0.0647 0.0045 1.6476 0.0503 0.0120 1.6488 0.0466 0.0058 1.6497 0.0450 0.0041 1.6507 0.0477 0.0084 1.6478 0.0486 0.0042 1.6473 0.0476 0.0007 1.6644 0.0604 0.0031 1.6567 0.0660 0.0027 1.6549 0.0662 0.0031 1.6575 0.0688 0.0030 1.6564 0.0652 0.0033 1.6558 0.0625 0.0026 1.6536 0.0634 0.0040 1.6511 0.0566 0.0036 1.6518 0.0584 0.0042 1.6550 0.0575 0.0017 1.6593 0.0475 0.0033 1.6599 0.0597 0.0030 1.6593 0.0693 0.0031 1.6597 0.0703 0.0000 1.6676 0.0599 0.0000 1.6676 0.0598 0.0057 1.6513 0.0465 0.0036 1.6599 0.0523 0.0037 1.6603 0.0540 0.0029 1.6493 0.0573 0.0024 1.6473 0.0580 0.0023 1.6521 0.0666 0.0025 1.6499 0.0673 0.0026 1.6508 0.0680 0.0030 1.6567 0.0706 0.0026 1.6553 0.0694 0.0035 1.6527 0.0602 0.0044 1.6531 0.0488 0.0045 1.6530 0.0484 0.0026 1.6616 0.0501 0.0037 1.6592 0.0478 0.0030 1.6571 0.0508 0.0032 1.6643 0.0616 0.0038 1.6603 0.0559 0.0037 1.6554 0.0610 0.0033 1.6583 0.0655 0.0032 1.6552 0.0477 0.0060 1.6484 0.0447 0.0008 1.6514 0.0441 0.0000 1.6433 0.0618 0.0000 1.6445 0.0695 0.0000 1.6441 0.0684 0.0008 1.6542 0.0715 0.0009 1.6458 0.0664 0.0026 1.6618 0.0529 0.0009 1.6561 0.0548 0.0008 1.6556 0.0520 0.0011 1.6545 0.0499 0.0008 1.6595 0.0726 0.0000 1.6652 0.0745 0.0000 1.6434 0.0630 0.0000 1.6431 0.0585 0.0000 1.6616 0.0743 0.0000 1.6612 0.0743 0.0000 1.6648 0.0746 0.0000 1.6571 0.0426 0.0000 1.6749 0.0679 0.0006 1.6738 0.0657 0.0000 1.6673 0.0734 0.0000 1.6429 0.0609 0.0032 1.6562 0.0490 0.0039 1.6578 0.0495 0.0029 1.6539 0.0539 0.0023 1.6528 0.0673 0.0027 1.6475 0.0599 0.0000 1.6705 0.0613 0.0043 1.6544 0.0557 0.0027 1.6545 0.0655 0.0069 1.6536 0.0582 0.0097 1.6537 0.0583 0.0057 1.6543 0.0560 0.0087 1.6649 0.0563 0.0037 1.6465 0.0680 0.0084 1.6424 0.0440 0.0121 1.6528 0.0518 0.0029 1.6449 0.0606 0.0030 1.6461 0.0658 0.0085 1.6481 0.0675 0.0070 1.6600 0.0715 0.0043 1.6467 0.0537 0.0098 1.6544 0.0517 0.0079 1.6615 0.0504 0.0100 1.6550 0.0461 0.0043 1.6483 0.0686 0.0042 1.6446 0.0542 0.0061 1.6642 0.0560 0.0105 1.6554 0.0574 0.0095 1.6533 0.0556 0.0077 1.6534 0.0587 0.0000 1.6620 0.0562 0.0024 1.6471 0.0563 0.0037 1.6498 0.0529 0.0000 1.6449 0.0702 0.0000 1.6577 0.0739 0.0000 1.6633 0.0745 0.0000 1.6723 0.0612 0.0000 1.6436 0.0662 0.0009 1.6536 0.0663 0.0009 1.6525 0.0642 0.0008 1.6513 0.0590 0.0008 1.6507 0.0573 0.0011 1.6567 0.0583 0.0000 1.6676 0.0733 0.0000 1.6582 0.0740 0.0000 1.6439 0.0679 0.0009 1.6543 0.0669 0.0011 1.6576 0.0606 0.0029 1.6617 0.0566 0.0032 1.6631 0.0586 0.0009 1.6518 0.0609 0.0008 1.6521 0.0626 0.0010 1.6454 0.0630 0.0000 1.6502 0.0724 0.0026 1.6559 0.0554 0.0035 1.6553 0.0510 0.0032 1.6567 0.0532 0.0035 1.6580 0.0566 0.0033 1.6574 0.0547 0.0025 1.6484 0.0651 0.0025 1.6481 0.0635 0.0041 1.6538 0.0540 0.0040 1.6505 0.0549 0.0042 1.6452 0.0503 0.0070 1.6523 0.0634 0.0086 1.6559 0.0644 0.0070 1.6543 0.0674 0.0079 1.6560 0.0671 0.0083 1.6538 0.0654 0.0065 1.6523 0.0659 0.0072 1.6526 0.0656 0.0071 1.6566 0.0662 0.0054 1.6564 0.0649 0.0053 1.6544 0.0657 0.0047 1.6559 0.0624 0.0046 1.6539 0.0630 0.0048 1.6556 0.0614 0.0047 1.6536 0.0619 0.0053 1.6554 0.0606 0.0052 1.6534 0.0611 0.0068 1.6552 0.0604 0.0067 1.6533 0.0611 0.0079 1.6530 0.0634 0.0084 1.6555 0.0621 0.0079 1.6570 0.0624 0.0052 1.6602 0.0507 0.0086 1.6595 0.0519 0.0096 1.6584 0.0514 0.0088 1.6574 0.0541 0.0069 1.6555 0.0537 0.0096 1.6568 0.0504 0.0089 1.6581 0.0499 0.0097 1.6561 0.0554 0.0105 1.6544 0.0539 0.0099 1.6544 0.0540 0.0089 1.6497 0.0584 0.0088 1.6496 0.0582 0.0075 1.6559 0.0591 0.0062 1.6557 0.0588 0.0100 1.6541 0.0554 0.0122 1.6491 0.0578 0.0030 1.6451 0.0626 0.0030 1.6453 0.0643 0.0099 1.6515 0.0514 0.0041 1.6480 0.0686 0.0060 1.6558 0.0534 0.0056 1.6556 0.0528 0.0086 1.6581 0.0537 0.0097 1.6581 0.0528 0.0029 1.6574 0.0541 0.0000 1.6746 0.0628 0.0000 1.6746 0.0615 0.0039 1.6533 0.0517 0.0027 1.6553 0.0539 0.0007 1.6448 0.0592 0.0006 1.6501 0.0558 0.0000 1.6437 0.0666 0.0000 1.6752 0.0652 0.0000 1.6535 0.0724 0.0030 1.6490 0.0554 0.0000 1.6749 0.0639" />
                  </IndexedFaceSet>
                </Shape>
                <Shape>
                  <Appearance USE="Bone" />
                  <IndexedFaceSet coordIndex="0 1 2 -1 1 0 2 -1 4 5 6 -1 12 3 13 -1 10 12 14 -1 15 16 10 -1 4 9 19 -1 8 20 21 -1 14 12 13 -1 0 5 21 -1 24 5 4 -1 6 12 10 -1 15 14 22 -1 24 21 5 -1 3 12 11 -1 22 21 20 -1 2 0 22 -1 14 15 10 -1 11 5 2 -1 0 21 22 -1 10 17 18 -1 16 17 10 -1 9 7 19 -1 2 5 0 -1 10 18 6 -1 24 7 26 -1 19 7 24 -1 3 11 2 -1 22 13 3 -1 13 22 14 -1 7 8 21 -1 23 15 22 -1 15 17 16 -1 15 18 17 -1 5 11 6 -1 22 3 2 -1 8 9 20 -1 4 6 18 -1 21 26 7 -1 7 9 8 -1 4 18 25 -1 24 4 19 -1 15 4 25 -1 23 4 15 -1 20 4 23 -1 20 9 4 -1 15 25 18 -1 11 12 6 -1 21 24 26 -1 20 23 22 -1" creaseAngle="1.571">
                    <Coordinate point="0.0122 1.6344 0.0544 0.0138 1.6327 0.0566 0.0156 1.6295 0.0581 0.0163 1.6309 0.0651 0.0080 1.6277 0.0615 0.0127 1.6301 0.0599 0.0095 1.6303 0.0706 0.0094 1.6277 0.0448 0.0108 1.6301 0.0437 0.0082 1.6284 0.0520 0.0096 1.6340 0.0802 0.0144 1.6313 0.0662 0.0124 1.6362 0.0720 0.0153 1.6329 0.0687 0.0129 1.6388 0.0730 0.0096 1.6350 0.0702 0.0093 1.6339 0.0806 0.0071 1.6277 0.0833 0.0071 1.6259 0.0725 0.0085 1.6270 0.0580 0.0105 1.6334 0.0506 0.0115 1.6327 0.0490 0.0126 1.6367 0.0565 0.0101 1.6347 0.0622 0.0100 1.6299 0.0547 0.0070 1.6287 0.0686 0.0093 1.6281 0.0468" />
                  </IndexedFaceSet>
                </Shape>
                <Shape>
                  <Appearance USE="Bone" />
                  <IndexedFaceSet coordIndex="9 0 10 -1 13 14 3 -1 15 4 1 -1 8 4 5 -1 0 3 10 -1 15 10 11 -1 14 7 10 -1 2 3 4 -1 4 3 1 -1 16 4 15 -1 7 12 18 -1 15 1 0 -1 8 2 4 -1 3 2 13 -1 10 7 11 -1 1 3 0 -1 11 19 15 -1 5 19 6 -1 16 17 4 -1 15 17 16 -1 7 14 13 -1 8 12 2 -1 13 2 12 -1 20 4 17 -1 18 5 6 -1 7 18 11 -1 6 11 18 -1 11 6 19 -1 5 20 19 -1 5 4 20 -1 5 18 12 -1 9 15 0 -1 10 15 9 -1 12 8 5 -1 10 3 14 -1 12 7 13 -1 19 17 15 -1 19 20 17 -1" creaseAngle="1.571">
                    <Coordinate point="-0.0160 1.6306 0.0600 -0.0121 1.6343 0.0529 -0.0092 1.6279 0.0642 -0.0146 1.6306 0.0612 -0.0097 1.6293 0.0516 -0.0081 1.6272 0.0567 -0.0072 1.6292 0.0632 -0.0090 1.6335 0.0801 -0.0086 1.6263 0.0630 -0.0153 1.6329 0.0682 -0.0105 1.6362 0.0780 -0.0096 1.6350 0.0698 -0.0076 1.6248 0.0743 -0.0089 1.6294 0.0722 -0.0099 1.6318 0.0726 -0.0127 1.6366 0.0562 -0.0114 1.6324 0.0477 -0.0119 1.6361 0.0536 -0.0068 1.6273 0.0706 -0.0101 1.6347 0.0619 -0.0097 1.6334 0.0532" />
                  </IndexedFaceSet>
                </Shape>
                <Shape>
                  <Appearance USE="Bone" />
                  <IndexedFaceSet coordIndex="2 0 1 -1 5 6 7 -1 14 15 8 -1 25 19 16 -1 26 27 28 -1 33 34 35 -1 27 34 40 -1 43 44 45 -1 46 47 48 -1 48 47 49 -1 50 51 52 -1 43 53 54 -1 55 56 57 -1 59 60 58 -1 63 64 65 -1 68 53 69 -1 43 72 70 -1 60 95 58 -1 96 94 97 -1 107 108 76 -1 66 112 82 -1 39 53 68 -1 115 110 85 -1 81 123 124 -1 124 125 81 -1 80 126 124 -1 127 123 80 -1 132 131 133 -1 134 136 135 -1 138 139 140 -1 77 102 141 -1 69 53 70 -1 77 141 150 -1 155 153 156 -1 157 158 159 -1 159 155 157 -1 165 166 167 -1 173 170 174 -1 55 175 176 -1 177 179 180 -1 189 190 191 -1 192 164 193 -1 195 189 196 -1 180 203 204 -1 10 208 207 -1 3 209 4 -1 4 207 3 -1 186 210 201 -1 182 198 213 -1 214 61 215 -1 217 219 216 -1 226 129 227 -1 130 231 137 -1 233 138 234 -1 129 240 172 -1 232 138 230 -1 241 242 243 -1 245 246 247 -1 34 248 35 -1 249 23 20 -1 250 251 204 -1 252 253 254 -1 255 256 254 -1 39 38 47 -1 50 39 68 -1 251 257 255 -1 35 31 33 -1 259 258 261 -1 262 35 248 -1 247 27 245 -1 265 266 267 -1 268 269 266 -1 268 244 270 -1 271 272 273 -1 0 275 228 -1 175 164 279 -1 12 24 7 -1 5 281 282 -1 283 13 4 -1 206 284 149 -1 173 285 286 -1 287 187 188 -1 163 193 162 -1 168 152 151 -1 106 290 291 -1 162 165 292 -1 296 75 108 -1 303 304 302 -1 306 307 303 -1 304 303 308 -1 302 301 306 -1 308 78 311 -1 327 328 329 -1 344 342 337 -1 332 345 346 -1 332 348 349 -1 352 89 351 -1 353 354 351 -1 358 357 361 -1 362 363 355 -1 366 368 369 -1 368 98 372 -1 379 380 381 -1 387 391 388 -1 398 399 400 -1 405 406 407 -1 410 411 412 -1 413 414 415 -1 416 417 418 -1 419 420 421 -1 422 423 421 -1 426 427 428 -1 429 430 431 -1 415 414 432 -1 434 435 421 -1 436 437 438 -1 440 441 186 -1 443 444 181 -1 424 445 446 -1 447 448 449 -1 449 450 451 -1 454 452 453 -1 456 405 399 -1 457 458 459 -1 185 464 423 -1 466 467 468 -1 469 467 466 -1 470 441 440 -1 202 471 470 -1 472 473 474 -1 436 463 437 -1 479 480 481 -1 483 479 484 -1 399 485 397 -1 462 489 490 -1 449 491 492 -1 455 487 488 -1 493 491 449 -1 389 494 495 -1 489 450 491 -1 390 496 411 -1 387 388 411 -1 498 386 494 -1 432 499 500 -1 499 460 500 -1 385 501 386 -1 494 389 502 -1 504 411 410 -1 504 445 505 -1 487 455 486 -1 482 506 486 -1 455 484 482 -1 508 509 472 -1 508 510 483 -1 452 512 453 -1 452 459 512 -1 513 477 420 -1 513 430 429 -1 477 514 188 -1 163 465 515 -1 428 427 516 -1 454 453 516 -1 516 163 428 -1 465 188 514 -1 513 517 413 -1 183 518 184 -1 451 522 447 -1 505 523 504 -1 526 510 474 -1 510 508 474 -1 498 503 497 -1 409 397 485 -1 404 407 483 -1 200 470 440 -1 470 476 441 -1 423 422 188 -1 444 467 469 -1 516 453 192 -1 468 192 466 -1 460 397 385 -1 460 525 461 -1 451 447 449 -1 403 488 442 -1 488 403 455 -1 528 389 394 -1 440 201 200 -1 417 416 413 -1 499 419 435 -1 416 534 430 -1 532 424 425 -1 433 418 417 -1 485 399 522 -1 502 389 390 -1 391 502 390 -1 390 388 391 -1 385 397 501 -1 372 99 58 -1 373 96 367 -1 357 537 538 -1 338 337 347 -1 349 347 332 -1 539 540 342 -1 332 346 334 -1 329 539 342 -1 110 322 318 -1 309 81 542 -1 90 544 121 -1 97 545 546 -1 166 161 167 -1 548 546 290 -1 166 162 193 -1 287 549 550 -1 171 551 552 -1 553 287 554 -1 283 205 206 -1 252 280 13 -1 145 146 555 -1 176 556 214 -1 557 276 137 -1 210 558 201 -1 210 203 558 -1 61 559 273 -1 272 560 273 -1 272 561 562 -1 62 270 244 -1 64 109 65 -1 269 270 563 -1 27 40 565 -1 180 179 1 -1 47 54 39 -1 148 49 47 -1 568 250 249 -1 250 212 23 -1 15 20 18 -1 569 222 570 -1 248 246 573 -1 268 266 241 -1 569 570 239 -1 235 576 222 -1 130 234 235 -1 577 578 579 -1 131 132 227 -1 580 133 131 -1 172 221 0 -1 216 581 218 -1 195 196 583 -1 210 204 203 -1 182 181 198 -1 192 439 190 -1 296 545 75 -1 150 153 154 -1 149 147 590 -1 145 144 146 -1 130 580 231 -1 79 78 113 -1 81 591 82 -1 78 56 114 -1 120 77 100 -1 77 100 103 -1 594 100 117 -1 83 116 115 -1 65 109 85 -1 546 548 97 -1 595 548 290 -1 142 70 72 -1 89 119 598 -1 574 64 63 -1 64 599 109 -1 43 41 44 -1 40 33 31 -1 38 36 253 -1 37 253 36 -1 600 294 547 -1 101 77 154 -1 15 18 602 -1 18 22 602 -1 9 8 22 -1 20 21 9 -1 11 25 16 -1 24 16 17 -1 10 604 605 -1 0 2 1 -1 5 282 13 -1 10 605 584 -1 14 19 15 -1 24 12 16 -1 16 12 11 -1 23 211 21 -1 23 249 250 -1 584 605 21 -1 601 108 154 -1 600 547 597 -1 40 31 30 -1 46 54 47 -1 606 263 64 -1 124 61 125 -1 124 126 215 -1 560 62 607 -1 111 63 65 -1 53 43 70 -1 298 84 83 -1 608 295 167 -1 544 105 612 -1 75 545 97 -1 75 76 108 -1 67 111 65 -1 113 122 79 -1 142 69 70 -1 69 100 118 -1 77 120 100 -1 77 101 611 -1 593 98 97 -1 66 110 112 -1 80 592 126 -1 119 87 86 -1 132 133 134 -1 172 228 129 -1 580 557 231 -1 60 93 95 -1 590 38 149 -1 296 108 613 -1 57 167 161 -1 164 161 166 -1 614 197 615 -1 187 553 194 -1 4 209 554 -1 21 618 8 -1 221 619 0 -1 581 221 218 -1 238 267 266 -1 134 133 136 -1 235 136 130 -1 229 234 130 -1 229 138 233 -1 571 267 236 -1 235 222 237 -1 235 234 576 -1 234 620 576 -1 241 266 265 -1 248 247 246 -1 242 571 572 -1 222 223 570 -1 15 603 20 -1 212 204 211 -1 568 249 11 -1 104 42 143 -1 47 590 148 -1 41 42 104 -1 48 49 41 -1 251 255 567 -1 36 31 37 -1 1 230 180 -1 35 262 566 -1 565 28 27 -1 236 267 238 -1 235 237 239 -1 132 224 227 -1 269 268 270 -1 62 560 270 -1 562 172 240 -1 272 271 561 -1 557 137 231 -1 228 172 0 -1 556 277 214 -1 176 175 279 -1 279 556 176 -1 17 19 618 -1 555 168 145 -1 13 283 252 -1 206 149 283 -1 621 171 552 -1 550 616 287 -1 164 192 190 -1 158 589 159 -1 291 622 293 -1 589 291 290 -1 547 293 292 -1 547 292 165 -1 90 121 92 -1 115 116 83 -1 89 299 88 -1 313 318 316 -1 315 317 314 -1 625 359 355 -1 374 627 58 -1 369 375 367 -1 368 372 58 -1 448 393 449 -1 395 392 393 -1 402 401 403 -1 421 435 419 -1 430 413 416 -1 452 454 532 -1 434 438 533 -1 188 465 629 -1 187 423 188 -1 528 496 389 -1 403 442 402 -1 425 521 457 -1 460 630 525 -1 439 192 468 -1 192 531 516 -1 475 473 181 -1 441 478 464 -1 421 464 434 -1 436 434 476 -1 434 478 476 -1 526 475 529 -1 480 469 511 -1 479 632 480 -1 491 450 492 -1 432 433 415 -1 432 500 433 -1 461 463 524 -1 505 633 523 -1 455 404 484 -1 451 485 522 -1 520 519 521 -1 458 521 519 -1 183 473 518 -1 420 477 422 -1 413 430 513 -1 516 531 163 -1 427 454 516 -1 515 428 163 -1 188 422 477 -1 634 513 429 -1 517 513 420 -1 417 413 433 -1 473 183 181 -1 511 635 480 -1 508 483 406 -1 508 472 474 -1 476 636 436 -1 484 631 482 -1 506 637 486 -1 504 446 445 -1 504 523 411 -1 418 497 503 -1 499 630 460 -1 498 497 386 -1 387 411 638 -1 388 390 411 -1 491 490 489 -1 495 396 389 -1 449 392 493 -1 447 393 448 -1 409 485 399 -1 484 404 483 -1 425 424 521 -1 421 423 464 -1 475 181 444 -1 436 639 463 -1 470 200 202 -1 518 473 472 -1 469 466 511 -1 525 463 461 -1 459 640 457 -1 181 182 443 -1 438 434 436 -1 434 533 435 -1 425 641 532 -1 430 534 431 -1 426 428 515 -1 640 641 457 -1 422 421 420 -1 416 418 503 -1 433 413 415 -1 410 412 642 -1 405 456 406 -1 403 404 455 -1 389 396 394 -1 392 449 393 -1 633 638 523 -1 420 419 643 -1 386 500 385 -1 380 644 381 -1 370 371 376 -1 368 375 369 -1 365 366 376 -1 367 645 373 -1 330 331 335 -1 345 332 347 -1 335 334 330 -1 334 333 332 -1 333 331 332 -1 326 315 325 -1 321 110 318 -1 310 312 308 -1 303 307 308 -1 82 301 81 -1 165 162 166 -1 293 547 294 -1 193 164 166 -1 163 531 193 -1 188 549 287 -1 285 646 286 -1 4 554 205 -1 206 647 284 -1 4 205 283 -1 5 7 281 -1 12 7 6 -1 181 183 198 -1 583 217 195 -1 278 216 218 -1 217 648 195 -1 277 649 214 -1 218 221 172 -1 21 20 274 -1 268 574 244 -1 27 264 245 -1 242 572 573 -1 566 262 1 -1 261 178 259 -1 261 35 178 -1 650 260 30 -1 46 41 43 -1 46 48 41 -1 254 651 255 -1 38 590 47 -1 252 149 253 -1 204 212 250 -1 34 247 248 -1 26 264 27 -1 241 265 242 -1 232 234 138 -1 234 229 233 -1 239 570 224 -1 236 222 576 -1 137 139 138 -1 239 224 135 -1 131 227 128 -1 226 240 129 -1 224 132 135 -1 278 217 216 -1 212 211 23 -1 186 653 210 -1 10 211 208 -1 194 185 187 -1 180 654 203 -1 200 199 202 -1 189 467 196 -1 192 193 531 -1 439 468 191 -1 180 567 177 -1 655 55 176 -1 173 174 285 -1 155 601 153 -1 148 146 42 -1 229 130 137 -1 124 127 80 -1 118 100 594 -1 123 81 80 -1 595 290 105 -1 545 290 546 -1 610 597 547 -1 156 151 152 -1 68 69 71 -1 244 111 656 -1 66 82 67 -1 61 607 62 -1 59 657 60 -1 55 57 161 -1 85 110 65 -1 54 46 43 -1 45 72 43 -1 28 598 26 -1 9 22 18 -1 21 274 23 -1 8 19 14 -1 13 280 5 -1 13 282 658 -1 281 658 282 -1 281 10 658 -1 29 260 59 -1 38 52 36 -1 657 59 260 -1 599 263 86 -1 599 64 263 -1 28 299 89 -1 67 656 111 -1 62 591 61 -1 560 61 273 -1 560 607 61 -1 298 600 597 -1 85 83 115 -1 151 143 144 -1 143 151 153 -1 152 155 156 -1 155 152 171 -1 156 153 151 -1 167 295 165 -1 298 121 600 -1 97 595 74 -1 97 548 595 -1 74 544 90 -1 85 109 599 -1 53 39 54 -1 118 75 94 -1 87 543 91 -1 78 114 80 -1 57 608 167 -1 128 228 275 -1 138 229 137 -1 98 593 88 -1 148 590 147 -1 660 661 158 -1 660 289 661 -1 589 662 291 -1 161 175 55 -1 551 168 555 -1 551 152 168 -1 232 1 262 -1 566 1 178 -1 196 443 663 -1 197 213 198 -1 197 614 213 -1 585 558 665 -1 586 558 585 -1 553 187 287 -1 553 554 209 -1 615 199 586 -1 615 664 199 -1 666 667 648 -1 667 666 668 -1 0 579 276 -1 223 266 575 -1 266 223 238 -1 140 137 578 -1 137 140 139 -1 236 576 571 -1 572 669 573 -1 620 669 572 -1 575 269 670 -1 575 266 269 -1 264 26 263 -1 573 246 243 -1 620 571 576 -1 620 572 571 -1 23 274 20 -1 671 280 256 -1 671 5 280 -1 49 148 42 -1 204 567 180 -1 567 204 251 -1 99 565 58 -1 246 564 243 -1 245 564 246 -1 226 562 240 -1 670 562 226 -1 582 172 561 -1 582 218 172 -1 652 585 577 -1 652 614 585 -1 551 171 152 -1 582 668 666 -1 582 672 668 -1 277 673 667 -1 556 673 277 -1 674 663 182 -1 674 219 663 -1 279 673 556 -1 673 279 587 -1 184 199 664 -1 184 202 199 -1 283 149 252 -1 647 675 676 -1 647 206 675 -1 677 678 646 -1 678 677 679 -1 550 629 680 -1 629 550 549 -1 173 169 170 -1 162 681 680 -1 681 162 588 -1 662 158 661 -1 158 662 589 -1 159 601 155 -1 159 613 601 -1 611 100 77 -1 310 112 113 -1 82 112 310 -1 85 682 624 -1 683 87 540 -1 91 90 92 -1 373 94 96 -1 372 98 88 -1 103 100 684 -1 302 306 303 -1 302 304 308 -1 309 542 300 -1 685 310 307 -1 302 81 300 -1 685 305 82 -1 308 312 78 -1 80 302 311 -1 322 320 318 -1 321 318 323 -1 324 688 689 -1 324 689 316 -1 688 322 689 -1 318 320 316 -1 314 325 313 -1 687 314 316 -1 316 84 687 -1 690 112 321 -1 687 84 122 -1 297 325 122 -1 327 541 329 -1 340 343 344 -1 340 339 343 -1 349 339 340 -1 327 330 336 -1 540 350 342 -1 338 347 349 -1 344 338 349 -1 541 327 539 -1 342 344 343 -1 342 339 348 -1 624 682 86 -1 691 352 351 -1 543 352 692 -1 543 89 352 -1 353 88 693 -1 88 90 693 -1 118 94 355 -1 694 60 71 -1 538 537 536 -1 538 359 361 -1 360 358 359 -1 695 359 625 -1 626 538 536 -1 538 362 359 -1 71 356 626 -1 356 118 363 -1 370 378 97 -1 373 374 58 -1 696 364 377 -1 627 377 58 -1 58 375 368 -1 366 370 376 -1 374 373 645 -1 535 379 381 -1 535 699 697 -1 699 100 697 -1 100 103 684 -1 382 701 384 -1 383 382 384 -1 384 701 383 -1 382 383 702 -1 702 623 704 -1 383 623 702 -1 703 702 704 -1 701 596 383 -1 596 45 73 -1 393 522 408 -1 404 405 407 -1 403 405 404 -1 414 517 420 -1 517 414 413 -1 454 706 532 -1 454 427 706 -1 630 435 707 -1 633 708 431 -1 633 505 708 -1 706 505 445 -1 505 706 708 -1 191 468 467 -1 527 394 395 -1 527 528 394 -1 463 709 524 -1 709 463 639 -1 397 490 501 -1 490 397 462 -1 636 710 705 -1 471 711 712 -1 713 711 471 -1 480 529 469 -1 401 405 403 -1 401 399 405 -1 442 487 714 -1 709 485 451 -1 489 462 524 -1 450 449 492 -1 400 399 485 -1 497 500 386 -1 497 433 500 -1 525 437 463 -1 437 525 438 -1 707 435 533 -1 639 400 709 -1 636 400 639 -1 715 520 507 -1 520 715 716 -1 717 519 718 -1 481 484 479 -1 471 184 713 -1 471 202 184 -1 192 530 466 -1 634 465 514 -1 634 515 465 -1 514 513 634 -1 514 477 513 -1 717 466 530 -1 717 511 466 -1 510 479 483 -1 479 510 632 -1 511 718 635 -1 511 717 718 -1 456 719 509 -1 456 399 719 -1 710 476 470 -1 476 710 636 -1 482 486 455 -1 410 446 504 -1 527 720 528 -1 720 527 714 -1 501 494 386 -1 494 501 495 -1 433 497 418 -1 500 460 385 -1 493 495 491 -1 493 396 495 -1 387 633 628 -1 387 638 633 -1 501 491 495 -1 491 501 490 -1 524 450 489 -1 524 462 461 -1 393 447 522 -1 519 716 718 -1 716 519 520 -1 507 521 424 -1 521 507 520 -1 713 472 711 -1 713 518 472 -1 705 710 712 -1 529 475 444 -1 461 397 460 -1 409 397 461 -1 483 407 406 -1 459 452 640 -1 424 446 507 -1 440 186 201 -1 467 444 443 -1 431 721 628 -1 721 431 534 -1 525 630 707 -1 708 427 426 -1 427 708 706 -1 420 432 414 -1 420 643 432 -1 411 496 412 -1 398 636 705 -1 400 636 398 -1 395 396 493 -1 394 396 395 -1 507 506 715 -1 103 704 77 -1 704 103 703 -1 596 73 383 -1 701 703 596 -1 698 644 103 -1 698 535 381 -1 698 100 535 -1 381 644 698 -1 96 378 370 -1 371 368 366 -1 370 366 367 -1 375 374 367 -1 375 58 377 -1 377 364 375 -1 375 364 696 -1 96 370 367 -1 368 371 98 -1 363 118 355 -1 626 536 71 -1 694 360 93 -1 360 694 536 -1 93 625 94 -1 625 93 695 -1 362 356 363 -1 538 626 362 -1 358 537 357 -1 358 360 537 -1 69 118 356 -1 691 692 352 -1 354 691 351 -1 346 345 334 -1 347 298 345 -1 342 348 330 -1 334 335 333 -1 337 350 347 -1 330 86 327 -1 330 624 86 -1 330 327 329 -1 338 344 337 -1 339 349 348 -1 349 340 344 -1 341 335 333 -1 331 330 332 -1 341 333 335 -1 112 313 297 -1 313 112 690 -1 314 316 686 -1 314 687 315 -1 321 323 313 -1 319 320 322 -1 320 319 324 -1 314 686 316 -1 314 313 316 -1 306 301 305 -1 311 302 308 -1 300 81 309 -1 306 305 685 -1 542 81 301 -1 96 97 378 -1 74 90 593 -1 540 91 121 -1 91 540 87 -1 85 86 682 -1 83 345 298 -1 112 110 321 -1 113 312 310 -1 106 105 290 -1 722 661 288 -1 661 722 662 -1 681 160 723 -1 681 588 160 -1 173 723 169 -1 723 173 286 -1 629 549 188 -1 678 617 616 -1 678 679 617 -1 724 647 676 -1 147 149 284 -1 24 281 7 -1 24 725 281 -1 592 56 126 -1 189 673 587 -1 195 673 189 -1 216 674 581 -1 674 216 219 -1 667 195 648 -1 673 195 667 -1 649 672 559 -1 672 649 668 -1 614 726 213 -1 614 652 726 -1 665 577 585 -1 577 665 578 -1 670 563 562 -1 269 563 670 -1 243 268 241 -1 564 268 243 -1 268 264 606 -1 264 268 564 -1 245 264 564 -1 575 570 223 -1 575 225 570 -1 247 34 27 -1 178 35 566 -1 31 35 32 -1 651 259 255 -1 651 258 259 -1 651 261 258 -1 651 253 37 -1 254 253 651 -1 149 38 253 -1 10 21 211 -1 674 213 726 -1 674 182 213 -1 579 220 577 -1 0 220 579 -1 573 243 242 -1 119 86 598 -1 234 262 669 -1 262 234 232 -1 222 569 237 -1 570 225 224 -1 239 237 569 -1 136 133 130 -1 1 232 230 -1 135 235 239 -1 135 136 235 -1 276 275 0 -1 557 275 276 -1 227 129 128 -1 580 131 128 -1 276 578 137 -1 276 579 578 -1 648 278 666 -1 648 217 278 -1 653 204 210 -1 653 208 204 -1 194 208 653 -1 3 208 194 -1 207 208 3 -1 724 679 677 -1 676 679 724 -1 182 663 443 -1 1 179 177 -1 146 284 555 -1 284 146 148 -1 174 552 285 -1 174 621 552 -1 169 160 727 -1 157 660 158 -1 154 153 601 -1 140 230 138 -1 128 129 228 -1 121 91 92 -1 78 79 608 -1 87 119 543 -1 104 728 41 -1 728 104 73 -1 50 68 51 -1 97 74 593 -1 105 74 595 -1 84 295 122 -1 84 609 295 -1 659 122 295 -1 547 295 610 -1 165 295 547 -1 727 160 288 -1 727 289 170 -1 727 288 289 -1 73 150 141 -1 73 104 150 -1 611 101 107 -1 609 610 295 -1 608 659 295 -1 57 78 608 -1 141 102 73 -1 44 728 45 -1 729 260 51 -1 729 657 260 -1 66 67 110 -1 591 81 61 -1 60 657 729 -1 59 58 29 -1 56 78 57 -1 44 41 728 -1 58 565 29 -1 15 602 8 -1 24 618 605 -1 24 17 618 -1 19 8 618 -1 532 640 452 -1 532 641 640 -1 207 13 658 -1 4 13 207 -1 21 8 9 -1 725 10 281 -1 604 10 725 -1 6 671 568 -1 5 671 6 -1 16 19 17 -1 31 32 37 -1 40 34 33 -1 52 650 36 -1 30 36 650 -1 30 31 36 -1 729 51 68 -1 45 142 72 -1 142 45 596 -1 28 99 299 -1 244 67 62 -1 244 656 67 -1 99 28 565 -1 126 56 655 -1 612 600 121 -1 75 107 76 -1 95 94 58 -1 151 145 168 -1 145 151 144 -1 660 170 289 -1 660 174 170 -1 122 608 79 -1 609 84 298 -1 86 85 599 -1 118 594 117 -1 93 94 95 -1 75 118 107 -1 176 215 655 -1 215 176 214 -1 592 114 56 -1 592 80 114 -1 557 128 275 -1 171 157 155 -1 613 589 290 -1 613 159 589 -1 289 288 661 -1 662 622 291 -1 662 722 622 -1 169 727 170 -1 646 552 677 -1 285 552 646 -1 1 177 178 -1 189 191 467 -1 196 467 443 -1 203 665 558 -1 203 654 665 -1 675 554 617 -1 553 3 194 -1 3 553 209 -1 664 615 197 -1 214 559 61 -1 559 214 649 -1 668 277 667 -1 277 668 649 -1 223 236 238 -1 669 620 234 -1 42 144 143 -1 256 252 254 -1 252 256 280 -1 50 38 39 -1 50 52 38 -1 671 255 257 -1 671 256 255 -1 255 259 567 -1 259 177 567 -1 178 177 259 -1 573 262 248 -1 262 573 669 -1 67 82 591 -1 561 672 582 -1 672 561 271 -1 584 21 10 -1 200 586 199 -1 581 726 619 -1 581 674 726 -1 666 218 582 -1 666 278 218 -1 219 583 663 -1 219 217 583 -1 184 198 183 -1 197 198 184 -1 587 164 190 -1 587 279 164 -1 284 647 724 -1 675 205 554 -1 675 206 205 -1 646 730 286 -1 646 678 730 -1 680 730 550 -1 680 681 730 -1 162 629 163 -1 629 162 680 -1 105 106 294 -1 105 600 612 -1 105 294 600 -1 150 154 77 -1 113 112 297 -1 624 83 85 -1 624 345 83 -1 683 86 87 -1 593 90 88 -1 99 372 88 -1 142 644 69 -1 103 142 596 -1 305 301 82 -1 308 307 310 -1 542 301 302 -1 685 82 310 -1 314 326 325 -1 325 297 313 -1 322 115 689 -1 84 316 83 -1 687 122 325 -1 333 335 331 -1 343 339 342 -1 327 731 540 -1 624 330 334 -1 342 350 337 -1 330 348 332 -1 329 541 539 -1 347 121 298 -1 350 121 347 -1 354 693 691 -1 692 693 90 -1 90 91 692 -1 91 543 692 -1 93 60 694 -1 356 71 69 -1 359 358 361 -1 695 360 359 -1 355 94 625 -1 695 93 360 -1 374 645 367 -1 377 374 696 -1 374 377 627 -1 366 365 376 -1 376 371 366 -1 535 380 379 -1 698 700 100 -1 698 103 700 -1 644 100 69 -1 644 142 103 -1 702 703 701 -1 623 102 704 -1 703 103 596 -1 411 523 638 -1 395 493 392 -1 509 711 472 -1 719 711 509 -1 406 509 508 -1 456 509 406 -1 409 399 397 -1 642 446 410 -1 446 642 637 -1 425 457 641 -1 431 628 633 -1 441 185 186 -1 395 408 527 -1 408 395 393 -1 458 457 521 -1 442 522 402 -1 450 524 709 -1 441 464 185 -1 436 636 639 -1 481 635 732 -1 481 480 635 -1 642 486 637 -1 487 442 488 -1 412 528 720 -1 412 496 528 -1 391 498 494 -1 399 398 719 -1 499 643 419 -1 643 499 432 -1 630 499 435 -1 503 387 721 -1 721 387 628 -1 714 486 720 -1 487 486 714 -1 482 715 506 -1 482 631 715 -1 719 705 711 -1 719 398 705 -1 631 716 715 -1 716 631 732 -1 484 732 631 -1 484 481 732 -1 480 632 529 -1 519 459 458 -1 459 519 512 -1 453 530 192 -1 512 530 453 -1 426 634 429 -1 426 515 634 -1 717 512 519 -1 512 717 530 -1 529 510 526 -1 529 632 510 -1 470 712 710 -1 712 470 471 -1 399 402 522 -1 401 402 399 -1 642 720 486 -1 642 412 720 -1 387 498 391 -1 387 503 498 -1 461 397 409 -1 461 462 397 -1 391 494 502 -1 408 714 527 -1 714 408 442 -1 485 709 400 -1 732 718 716 -1 732 635 718 -1 475 474 473 -1 474 475 526 -1 713 184 518 -1 441 476 478 -1 434 464 478 -1 712 711 705 -1 444 469 529 -1 451 450 709 -1 442 408 522 -1 389 496 390 -1 423 187 185 -1 163 629 465 -1 445 532 706 -1 445 424 532 -1 534 503 721 -1 503 534 416 -1 525 533 438 -1 525 707 533 -1 429 708 426 -1 429 431 708 -1 507 637 506 -1 637 507 446 -1 704 102 77 -1 383 73 623 -1 701 382 702 -1 700 103 100 -1 644 697 100 -1 697 644 380 -1 699 535 100 -1 535 697 380 -1 367 366 369 -1 374 375 696 -1 371 97 98 -1 371 370 97 -1 71 536 694 -1 626 356 362 -1 360 536 537 -1 362 355 359 -1 357 538 361 -1 89 88 353 -1 692 691 693 -1 353 693 354 -1 351 89 353 -1 624 334 345 -1 540 121 350 -1 540 86 683 -1 731 86 540 -1 540 539 327 -1 327 86 731 -1 329 342 330 -1 329 328 327 -1 327 336 330 -1 316 115 83 -1 689 115 316 -1 110 115 322 -1 325 315 687 -1 326 314 315 -1 315 314 317 -1 313 690 321 -1 319 322 688 -1 319 688 324 -1 313 323 318 -1 316 320 324 -1 311 78 80 -1 81 302 80 -1 300 542 302 -1 306 685 307 -1 623 73 102 -1 373 58 94 -1 89 543 119 -1 122 113 297 -1 78 312 113 -1 74 105 544 -1 293 162 292 -1 291 294 106 -1 294 291 293 -1 288 160 722 -1 293 588 162 -1 293 622 588 -1 169 723 160 -1 681 286 730 -1 681 723 286 -1 678 550 730 -1 678 616 550 -1 554 616 617 -1 287 616 554 -1 555 724 551 -1 555 284 724 -1 148 147 284 -1 587 190 189 -1 655 56 55 -1 124 123 127 -1 652 619 726 -1 0 619 652 -1 10 207 658 -1 586 201 558 -1 586 200 201 -1 654 578 665 -1 654 140 578 -1 559 271 273 -1 559 672 271 -1 172 562 561 -1 560 563 270 -1 560 272 563 -1 65 110 67 -1 670 225 575 -1 225 670 226 -1 32 35 261 -1 37 261 651 -1 37 32 261 -1 52 51 260 -1 12 568 11 -1 6 568 12 -1 20 19 25 -1 20 9 18 -1 0 577 220 -1 652 577 0 -1 265 571 242 -1 265 267 571 -1 574 268 606 -1 598 263 26 -1 86 263 598 -1 236 223 222 -1 226 224 225 -1 224 226 227 -1 130 133 580 -1 562 563 272 -1 619 221 581 -1 663 583 196 -1 208 211 204 -1 184 664 197 -1 676 617 679 -1 675 617 676 -1 194 653 186 -1 185 194 186 -1 614 586 585 -1 615 586 614 -1 190 439 191 -1 724 552 551 -1 552 724 677 -1 174 171 621 -1 42 146 144 -1 175 161 164 -1 588 722 160 -1 722 588 622 -1 613 108 601 -1 290 296 613 -1 545 296 290 -1 140 180 230 -1 180 140 654 -1 128 557 580 -1 134 135 132 -1 124 215 61 -1 117 107 118 -1 100 107 117 -1 100 611 107 -1 299 99 88 -1 608 122 659 -1 157 174 660 -1 157 171 174 -1 153 104 143 -1 104 153 150 -1 97 94 75 -1 121 544 612 -1 298 610 609 -1 298 597 610 -1 126 655 215 -1 73 45 728 -1 111 574 63 -1 574 111 244 -1 61 81 125 -1 67 591 62 -1 71 729 68 -1 729 71 60 -1 28 89 598 -1 606 64 574 -1 41 49 42 -1 52 260 650 -1 40 29 565 -1 30 29 40 -1 30 260 29 -1 154 107 101 -1 108 107 154 -1 263 606 264 -1 22 8 602 -1 24 605 725 -1 257 568 671 -1 257 250 568 -1 251 250 257 -1 20 11 249 -1 11 20 25 -1 603 19 20 -1 19 603 15 -1 21 605 618 -1 725 605 604 -1" creaseAngle="1.571">
                    <Coordinate point="0.0284 1.6444 0.0598 0.0268 1.6377 0.0781 0.0281 1.6444 0.0605 0.0138 1.6388 0.0819 0.0135 1.6357 0.0818 0.0104 1.6395 0.0938 0.0081 1.6433 0.0980 0.0099 1.6441 0.0926 0.0068 1.6587 0.0853 0.0083 1.6613 0.0817 0.0102 1.6464 0.0832 0.0068 1.6516 0.0930 0.0042 1.6509 0.0967 0.0114 1.6367 0.0870 0.0048 1.6590 0.0902 0.0050 1.6644 0.0863 0.0043 1.6556 0.0945 0.0052 1.6561 0.0912 0.0069 1.6650 0.0840 0.0050 1.6576 0.0907 0.0083 1.6582 0.0861 0.0092 1.6558 0.0837 0.0075 1.6631 0.0819 0.0103 1.6528 0.0862 0.0066 1.6510 0.0925 0.0055 1.6560 0.0911 0.0281 1.6142 0.0717 0.0267 1.6170 0.0755 0.0258 1.6089 0.0766 0.0231 1.6103 0.0840 0.0207 1.6177 0.0844 0.0210 1.6207 0.0830 0.0211 1.6239 0.0827 0.0221 1.6207 0.0815 0.0234 1.6207 0.0778 0.0232 1.6253 0.0791 0.0170 1.6209 0.0871 0.0182 1.6236 0.0851 0.0135 1.6200 0.0888 0.0128 1.6124 0.0916 0.0233 1.6166 0.0797 0.0055 1.6123 0.0938 0.0023 1.6160 0.0927 0.0072 1.6092 0.0947 0.0058 1.6093 0.0954 0.0037 1.6059 0.0970 0.0099 1.6121 0.0922 0.0102 1.6163 0.0901 0.0071 1.6155 0.0909 0.0060 1.6157 0.0914 0.0149 1.6128 0.0913 0.0178 1.6129 0.0901 0.0157 1.6179 0.0892 0.0118 1.6081 0.0929 0.0106 1.6120 0.0919 0.0215 1.6124 0.0393 0.0222 1.6082 0.0413 0.0204 1.6107 0.0457 0.0227 1.6078 0.0828 0.0206 1.6091 0.0867 0.0195 1.6058 0.0875 0.0312 1.6145 0.0439 0.0320 1.6141 0.0478 0.0303 1.6125 0.0611 0.0301 1.6123 0.0623 0.0304 1.6097 0.0586 0.0303 1.6043 0.0512 0.0318 1.6114 0.0517 0.0174 1.6098 0.0910 0.0123 1.6047 0.0905 0.0099 1.6060 0.0945 0.0171 1.6073 0.0905 0.0085 1.6060 0.0952 0.0004 1.6072 0.0948 0.0167 1.6069 0.0726 0.0124 1.6060 0.0815 0.0099 1.6072 0.0826 0.0026 1.6041 0.0883 0.0224 1.6060 0.0442 0.0222 1.6047 0.0481 0.0267 1.6063 0.0420 0.0319 1.6087 0.0446 0.0309 1.6062 0.0492 0.0245 1.6032 0.0592 0.0208 1.6040 0.0561 0.0285 1.6048 0.0622 0.0282 1.6078 0.0670 0.0254 1.6036 0.0699 0.0219 1.6042 0.0762 0.0258 1.6063 0.0744 0.0175 1.6054 0.0721 0.0215 1.6031 0.0682 0.0214 1.6034 0.0693 0.0173 1.6078 0.0854 0.0162 1.6046 0.0834 0.0196 1.6040 0.0849 0.0152 1.6064 0.0815 0.0142 1.6066 0.0785 0.0182 1.6069 0.0767 0.0237 1.6080 0.0813 0.0087 1.6063 0.0874 0.0037 1.6046 0.0876 0.0003 1.6042 0.0923 0.0062 1.6053 0.0912 0.0008 1.6117 0.0953 0.0151 1.6136 0.0714 0.0142 1.6155 0.0674 0.0085 1.6057 0.0841 0.0071 1.6118 0.0813 0.0298 1.6090 0.0618 0.0311 1.6051 0.0562 0.0308 1.6132 0.0558 0.0294 1.6044 0.0502 0.0255 1.6042 0.0499 0.0243 1.6053 0.0417 0.0282 1.6039 0.0601 0.0277 1.6037 0.0588 0.0090 1.6045 0.0844 0.0117 1.6050 0.0868 0.0250 1.6052 0.0713 0.0064 1.6030 0.0873 0.0186 1.6064 0.0662 0.0212 1.6041 0.0523 0.0305 1.6071 0.0424 0.0311 1.6121 0.0429 0.0313 1.6124 0.0434 0.0272 1.6096 0.0392 0.0282 1.6068 0.0420 0.0377 1.6441 0.0592 0.0358 1.6431 0.0562 0.0381 1.6425 0.0713 0.0402 1.6459 0.0621 0.0412 1.6471 0.0632 0.0400 1.6449 0.0662 0.0409 1.6458 0.0665 0.0424 1.6449 0.0686 0.0401 1.6437 0.0697 0.0333 1.6420 0.0728 0.0338 1.6416 0.0785 0.0322 1.6421 0.0728 0.0288 1.6436 0.0753 0.0000 1.6054 0.0905 0.0080 1.6048 0.0934 0.0012 1.6156 0.0934 0.0008 1.6196 0.0930 0.0006 1.6226 0.0935 0.0035 1.6202 0.0916 0.0102 1.6221 0.0906 0.0071 1.6191 0.0909 0.0118 1.6250 0.0889 0.0002 1.6089 0.0879 0.0002 1.6196 0.0851 0.0008 1.6239 0.0824 0.0005 1.6138 0.0858 0.0008 1.6129 0.0850 0.0020 1.6169 0.0789 0.0007 1.6164 0.0822 0.0016 1.6172 0.0754 0.0044 1.6168 0.0721 0.0063 1.6167 0.0760 0.0049 1.6173 0.0506 0.0178 1.6165 0.0438 0.0141 1.6198 0.0531 0.0159 1.6270 0.0542 0.0158 1.6245 0.0433 0.0169 1.6152 0.0528 0.0150 1.6182 0.0486 0.0184 1.6134 0.0487 0.0005 1.6241 0.0876 0.0015 1.6181 0.0564 0.0003 1.6202 0.0631 0.0004 1.6232 0.0769 0.0316 1.6430 0.0501 0.0028 1.6181 0.0633 0.0003 1.6223 0.0704 0.0209 1.6183 0.0408 0.0249 1.6183 0.0380 0.0240 1.6376 0.0806 0.0235 1.6337 0.0793 0.0273 1.6384 0.0784 0.0229 1.6451 0.0828 0.0122 1.6463 0.0497 0.0143 1.6487 0.0472 0.0111 1.6460 0.0542 0.0117 1.6459 0.0617 0.0150 1.6392 0.0725 0.0134 1.6442 0.0770 0.0148 1.6339 0.0723 0.0163 1.6290 0.0649 0.0150 1.6351 0.0385 0.0141 1.6297 0.0420 0.0143 1.6364 0.0435 0.0161 1.6295 0.0445 0.0152 1.6224 0.0490 0.0147 1.6394 0.0772 0.0194 1.6357 0.0364 0.0144 1.6414 0.0384 0.0128 1.6505 0.0606 0.0122 1.6509 0.0539 0.0130 1.6495 0.0679 0.0127 1.6477 0.0711 0.0126 1.6469 0.0764 0.0122 1.6458 0.0647 0.0187 1.6470 0.0804 0.0168 1.6474 0.0829 0.0150 1.6270 0.0835 0.0130 1.6236 0.0832 0.0108 1.6418 0.0811 0.0145 1.6416 0.0820 0.0148 1.6354 0.0811 0.0159 1.6474 0.0795 0.0131 1.6484 0.0840 0.0133 1.6496 0.0844 0.0152 1.6503 0.0534 0.0282 1.6182 0.0401 0.0282 1.6134 0.0391 0.0246 1.6463 0.0429 0.0211 1.6428 0.0382 0.0280 1.6443 0.0437 0.0204 1.6469 0.0416 0.0280 1.6445 0.0607 0.0282 1.6451 0.0495 0.0458 1.6314 0.0683 0.0430 1.6301 0.0658 0.0403 1.6405 0.0655 0.0399 1.6363 0.0642 0.0378 1.6376 0.0593 0.0385 1.6414 0.0602 0.0325 1.6434 0.0582 0.0362 1.6420 0.0769 0.0305 1.6425 0.0813 0.0351 1.6418 0.0691 0.0319 1.6362 0.0780 0.0354 1.6416 0.0786 0.0370 1.6367 0.0756 0.0405 1.6396 0.0728 0.0460 1.6278 0.0680 0.0449 1.6365 0.0694 0.0422 1.6254 0.0658 0.0448 1.6382 0.0689 0.0354 1.6395 0.0550 0.0372 1.6215 0.0648 0.0380 1.6241 0.0692 0.0353 1.6222 0.0703 0.0315 1.6159 0.0551 0.0311 1.6201 0.0726 0.0327 1.6239 0.0736 0.0278 1.6217 0.0755 0.0288 1.6253 0.0757 0.0096 1.6526 0.0880 0.0119 1.6472 0.0882 0.0143 1.6437 0.0869 0.0130 1.6293 0.0906 0.0157 1.6245 0.0869 0.0155 1.6285 0.0868 0.0154 1.6358 0.0866 0.0145 1.6349 0.0877 0.0131 1.6428 0.0879 0.0193 1.6314 0.0832 0.0182 1.6339 0.0843 0.0202 1.6123 0.0877 0.0213 1.6272 0.0816 0.0315 1.6317 0.0763 0.0292 1.6121 0.0670 0.0300 1.6168 0.0708 0.0397 1.6232 0.0655 0.0384 1.6257 0.0626 0.0416 1.6252 0.0670 0.0340 1.6186 0.0635 0.0365 1.6269 0.0583 0.0331 1.6204 0.0547 0.0332 1.6289 0.0461 0.0340 1.6283 0.0494 0.0325 1.6231 0.0445 0.0092 1.6568 0.0840 0.0329 1.6433 0.0599 0.0312 1.6434 0.0652 0.0252 1.6266 0.0371 0.0250 1.6439 0.0405 0.0179 1.6250 0.0394 0.0121 1.6350 0.0920 0.0104 1.6451 0.0878 0.0105 1.6404 0.0876 0.0127 1.6285 0.0875 0.0088 1.6216 0.0874 0.0028 1.6194 0.0699 0.0057 1.6178 0.0635 0.0170 1.6259 0.0728 0.0019 1.6171 0.0563 0.0008 1.6170 0.0635 0.0124 1.6155 0.0742 0.0119 1.6176 0.0661 0.0150 1.6154 0.0557 0.0138 1.6157 0.0580 0.0153 1.6148 0.0631 0.0195 1.6087 0.0540 0.0102 1.6124 0.0791 0.0247 1.6054 0.0506 0.0190 1.6060 0.0608 0.0244 1.6049 0.0787 0.0293 1.6127 0.0459 0.0291 1.6089 0.0472 0.0278 1.6106 0.0460 0.0256 1.6139 0.0475 0.0255 1.6142 0.0469 0.0313 1.6099 0.0483 0.0280 1.6141 0.0479 0.0261 1.6127 0.0486 0.0236 1.6107 0.0474 0.0300 1.6110 0.0462 0.0269 1.6084 0.0495 0.0248 1.6093 0.0444 0.0234 1.6066 0.0475 0.0239 1.6085 0.0517 0.0219 1.6127 0.0529 0.0216 1.6127 0.0532 0.0234 1.6074 0.0568 0.0218 1.6139 0.0531 0.0291 1.6081 0.0554 0.0276 1.6136 0.0579 0.0262 1.6089 0.0560 0.0292 1.6077 0.0541 0.0293 1.6080 0.0577 0.0276 1.6109 0.0537 0.0252 1.6113 0.0575 0.0231 1.6094 0.0518 0.0213 1.6126 0.0528 0.0268 1.6124 0.0693 0.0259 1.6160 0.0686 0.0243 1.6139 0.0685 0.0260 1.6107 0.0654 0.0252 1.6132 0.0630 0.0249 1.6116 0.0623 0.0254 1.6136 0.0610 0.0255 1.6108 0.0615 0.0264 1.6134 0.0630 0.0266 1.6106 0.0654 0.0186 1.6107 0.0641 0.0194 1.6111 0.0618 0.0216 1.6168 0.0650 0.0198 1.6178 0.0638 0.0260 1.6173 0.0630 0.0211 1.6118 0.0669 0.0205 1.6136 0.0666 0.0188 1.6143 0.0652 0.0233 1.6064 0.0606 0.0253 1.6097 0.0611 0.0194 1.6096 0.0620 0.0224 1.6123 0.0643 0.0204 1.6154 0.0627 0.0197 1.6057 0.0656 0.0233 1.6130 0.0746 0.0232 1.6100 0.0724 0.0206 1.6100 0.0744 0.0200 1.6108 0.0733 0.0133 1.6078 0.0837 0.0143 1.6080 0.0906 0.0142 1.6202 0.0862 0.0148 1.6199 0.0858 0.0134 1.6136 0.0849 0.0166 1.6116 0.0857 0.0132 1.6173 0.0863 0.0131 1.6092 0.0887 0.0122 1.6081 0.0873 0.0213 1.6171 0.0824 0.0160 1.6168 0.0795 0.0160 1.6130 0.0794 0.0178 1.6099 0.0828 0.0203 1.6102 0.0794 0.0174 1.6130 0.0797 0.0152 1.6090 0.0784 0.0162 1.6096 0.0779 0.0217 1.6061 0.0782 0.0184 1.6061 0.0834 0.0222 1.6082 0.0833 0.0213 1.6134 0.0833 0.0156 1.6127 0.0798 0.0213 1.6133 0.0826 0.0146 1.6064 0.0780 0.0081 1.6138 0.0897 0.0098 1.6087 0.0914 0.0080 1.6147 0.0892 0.0018 1.6151 0.0901 0.0006 1.6112 0.0925 0.0017 1.6156 0.0905 0.0280 1.6345 0.0740 0.0290 1.6258 0.0718 0.0327 1.6202 0.0645 0.0362 1.6216 0.0652 0.0387 1.6267 0.0653 0.0384 1.6240 0.0651 0.0340 1.6232 0.0671 0.0378 1.6390 0.0705 0.0364 1.6399 0.0657 0.0382 1.6307 0.0664 0.0379 1.6358 0.0676 0.0384 1.6307 0.0669 0.0268 1.6402 0.0733 0.0251 1.6445 0.0666 0.0267 1.6430 0.0640 0.0256 1.6441 0.0683 0.0278 1.6425 0.0626 0.0323 1.6417 0.0588 0.0292 1.6430 0.0567 0.0281 1.6439 0.0503 0.0277 1.6437 0.0571 0.0271 1.6447 0.0516 0.0276 1.6444 0.0515 0.0363 1.6404 0.0607 0.0272 1.6398 0.0733 0.0331 1.6249 0.0542 0.0348 1.6231 0.0611 0.0351 1.6272 0.0574 0.0204 1.6212 0.0723 0.0215 1.6244 0.0770 0.0235 1.6217 0.0752 0.0245 1.6195 0.0701 0.0239 1.6212 0.0742 0.0274 1.6198 0.0717 0.0182 1.6306 0.0766 0.0189 1.6281 0.0740 0.0182 1.6363 0.0757 0.0188 1.6300 0.0698 0.0169 1.6345 0.0700 0.0311 1.6177 0.0470 0.0273 1.6161 0.0426 0.0180 1.6193 0.0561 0.0185 1.6197 0.0525 0.0171 1.6223 0.0531 0.0188 1.6193 0.0621 0.0198 1.6197 0.0676 0.0241 1.6176 0.0618 0.0229 1.6249 0.0758 0.0243 1.6221 0.0737 0.0181 1.6390 0.0766 0.0190 1.6350 0.0794 0.0197 1.6451 0.0760 0.0202 1.6454 0.0786 0.0184 1.6428 0.0803 0.0150 1.6322 0.0450 0.0145 1.6441 0.0735 0.0157 1.6433 0.0733 0.0354 1.6408 0.0582 0.0141 1.6455 0.0423 0.0165 1.6434 0.0439 0.0313 1.6176 0.0481 0.0324 1.6239 0.0498 0.0342 1.6406 0.0681 0.0343 1.6406 0.0690 0.0358 1.6404 0.0723 0.0324 1.6401 0.0742 0.0315 1.6408 0.0704 0.0204 1.6183 0.0450 0.0186 1.6251 0.0448 0.0188 1.6196 0.0492 0.0315 1.6410 0.0508 0.0269 1.6441 0.0572 0.0273 1.6156 0.0404 0.0258 1.6197 0.0405 0.0226 1.6197 0.0427 0.0248 1.6372 0.0758 0.0263 1.6405 0.0767 0.0279 1.6389 0.0733 0.0242 1.6433 0.0778 0.0164 1.6387 0.0728 0.0171 1.6258 0.0583 0.0180 1.6345 0.0409 0.0145 1.6398 0.0423 0.0156 1.6358 0.0437 0.0188 1.6405 0.0407 0.0159 1.6465 0.0693 0.0147 1.6483 0.0656 0.0181 1.6474 0.0585 0.0140 1.6495 0.0539 0.0181 1.6479 0.0534 0.0149 1.6478 0.0484 0.0174 1.6460 0.0725 0.0195 1.6263 0.0694 0.0169 1.6426 0.0732 0.0256 1.6444 0.0446 0.0208 1.6409 0.0407 0.0259 1.6422 0.0426 0.0326 1.6343 0.0483 0.0265 1.6451 0.0472 0.0283 1.6426 0.0453 0.0295 1.6422 0.0677 0.0342 1.6336 0.0530 0.0344 1.6382 0.0550 0.0345 1.6414 0.0557 0.0319 1.6400 0.0751 0.0315 1.6354 0.0738 0.0348 1.6357 0.0723 0.0354 1.6404 0.0730 0.0385 1.6358 0.0685 0.0331 1.6252 0.0696 0.0347 1.6307 0.0707 0.0364 1.6256 0.0619 0.0282 1.6226 0.0717 0.0314 1.6229 0.0697 0.0216 1.6278 0.0780 0.0243 1.6255 0.0747 0.0311 1.6315 0.0724 0.0356 1.6253 0.0655 0.0307 1.6206 0.0687 0.0324 1.6215 0.0544 0.0311 1.6176 0.0547 0.0325 1.6290 0.0472 0.0314 1.6254 0.0450 0.0228 1.6470 0.0524 0.0239 1.6454 0.0580 0.0221 1.6468 0.0474 0.0215 1.6350 0.0391 0.0203 1.6256 0.0416 0.0192 1.6233 0.0684 0.0186 1.6259 0.0635 0.0173 1.6223 0.0572 0.0181 1.6233 0.0497 0.0186 1.6237 0.0717 0.0135 1.6497 0.0594 0.0249 1.6266 0.0397 0.0284 1.6266 0.0417 0.0285 1.6196 0.0422 0.0335 1.6408 0.0628 0.0331 1.6200 0.0617 0.0300 1.6414 0.0768 0.0222 1.6396 0.0791 0.0183 1.6470 0.0480 0.0374 1.6356 0.0618 0.0376 1.6308 0.0614 0.0178 1.6442 0.0438 0.0189 1.6293 0.0413 0.0155 1.6286 0.0492 0.0250 1.6179 0.0478 0.0181 1.6392 0.0800 0.0243 1.6185 0.0673 0.0075 1.6133 0.0883 0.0172 1.6117 0.0896 0.0167 1.6145 0.0886 0.0138 1.6141 0.0892 0.0258 1.6114 0.0697 0.0244 1.6072 0.0683 0.0266 1.6121 0.0698 0.0290 1.6103 0.0456 0.0236 1.6063 0.0713 0.0173 1.6075 0.0693 0.0131 1.6130 0.0766 0.0135 1.6131 0.0761 0.0155 1.6143 0.0585 0.0139 1.6132 0.0749 0.0159 1.6253 0.0656 0.0145 1.6217 0.0650 0.0030 1.6218 0.0814 0.0030 1.6206 0.0760 0.0157 1.6351 0.0764 0.0163 1.6264 0.0781 0.0033 1.6218 0.0873 0.0223 1.6256 0.0370 0.0343 1.6424 0.0639 0.0182 1.6473 0.0748 0.0310 1.6255 0.0422 0.0327 1.6210 0.0491 0.0333 1.6349 0.0473 0.0353 1.6341 0.0530 0.0348 1.6280 0.0542 0.0329 1.6192 0.0699 0.0241 1.6091 0.0804 0.0272 1.6334 0.0776 0.0204 1.6409 0.0844 0.0102 1.6450 0.0934 0.0456 1.6354 0.0673 0.0424 1.6363 0.0668 0.0415 1.6261 0.0684 0.0383 1.6267 0.0710 0.0340 1.6245 0.0730 0.0314 1.6153 0.0618 0.0396 1.6309 0.0630 0.0421 1.6302 0.0708 0.0247 1.6463 0.0654 0.0276 1.6446 0.0716 0.0281 1.6451 0.0653 0.0383 1.6433 0.0629 0.0256 1.6471 0.0460 0.0295 1.6366 0.0425 0.0177 1.6422 0.0380 0.0088 1.6522 0.0831 0.0191 1.6479 0.0676 0.0161 1.6485 0.0682 0.0162 1.6292 0.0390 0.0102 1.6182 0.0524 0.0086 1.6170 0.0731 0.0093 1.6177 0.0900 0.0321 1.6122 0.0476 0.0278 1.6067 0.0415 0.0178 1.6036 0.0746 0.0110 1.6034 0.0860 0.0145 1.6134 0.0734 0.0046 1.6086 0.0939 0.0182 1.6076 0.0606 0.0269 1.6096 0.0715 0.0294 1.6087 0.0639 0.0175 1.6073 0.0640 0.0045 1.6138 0.0808 0.0068 1.6630 0.0829 0.0081 1.6591 0.0858 0.0094 1.6492 0.0839 0.0085 1.6523 0.0850 0.0310 1.6148 0.0653 0.0319 1.6159 0.0479 0.0209 1.6077 0.0476 0.0197 1.6068 0.0555 0.0191 1.6093 0.0558 0.0069 1.6050 0.0850 0.0175 1.6070 0.0668 0.0079 1.6145 0.0780 0.0165 1.6495 0.0590 0.0141 1.6499 0.0607 0.0146 1.6223 0.0720 0.0139 1.6225 0.0772 0.0069 1.6571 0.0860 0.0259 1.6468 0.0513 0.0385 1.6305 0.0728 0.0008 1.6230 0.0779 0.0122 1.6171 0.0575 0.0004 1.6080 0.0931 0.0279 1.6078 0.0628 0.0138 1.6092 0.0840 0.0139 1.6102 0.0902 0.0222 1.6086 0.0832 0.0308 1.6166 0.0632 0.0159 1.6261 0.0588 0.0219 1.6349 0.0782 0.0295 1.6359 0.0443 0.0222 1.6449 0.0436 0.0310 1.6170 0.0603 0.0176 1.6223 0.0629 0.0241 1.6366 0.0397 0.0218 1.6450 0.0708 0.0332 1.6285 0.0506 0.0329 1.6201 0.0630 0.0238 1.6442 0.0739 0.0242 1.6149 0.0418 0.0256 1.6154 0.0424 0.0338 1.6282 0.0539 0.0187 1.6263 0.0772 0.0091 1.6089 0.0917 0.0186 1.6097 0.0833 0.0060 1.6185 0.0699 0.0105 1.6217 0.0833 0.0228 1.6375 0.0370 0.0281 1.6262 0.0394 0.0197 1.6175 0.0856 0.0176 1.6278 0.0848 0.0225 1.6475 0.0590 0.0158 1.6416 0.0808 0.0223 1.6460 0.0780 0.0269 1.6129 0.0381 0.0309 1.6134 0.0540 0.0190 1.6099 0.0899 0.0105 1.6407 0.0843 0.0199 1.6082 0.0523 0.0010 1.6172 0.0712 0.0043 1.6168 0.0643 0.0083 1.6172 0.0652 0.0155 1.6460 0.0420 0.0123 1.6502 0.0645 0.0214 1.6467 0.0738 0.0264 1.6372 0.0393 0.0241 1.6318 0.0368 0.0277 1.6315 0.0391 0.0359 1.6308 0.0742 0.0373 1.6323 0.0581 0.0119 1.6407 0.0911 0.0302 1.6308 0.0420 0.0208 1.6305 0.0363 0.0202 1.6490 0.0461 0.0135 1.6230 0.0802 0.0104 1.6211 0.0804 0.0064 1.6193 0.0760 0.0106 1.6195 0.0711 0.0103 1.6203 0.0768 0.0142 1.6214 0.0581 0.0103 1.6185 0.0574 0.0289 1.6057 0.0643 0.0278 1.6062 0.0680 0.0084 1.6046 0.0873 0.0299 1.6117 0.0501 0.0229 1.6105 0.0538 0.0211 1.6091 0.0543 0.0277 1.6122 0.0583 0.0260 1.6087 0.0590 0.0293 1.6074 0.0528 0.0213 1.6104 0.0723 0.0222 1.6074 0.0712 0.0185 1.6085 0.0725 0.0178 1.6085 0.0895 0.0156 1.6105 0.0847 0.0217 1.6135 0.0835 0.0091 1.6097 0.0880 0.0063 1.6087 0.0894 0.0089 1.6080 0.0875 0.0067 1.6052 0.0902 0.0034 1.6121 0.0928 0.0026 1.6105 0.0889 0.0046 1.6088 0.0904 0.0024 1.6066 0.0888 0.0210 1.6457 0.0664 0.0246 1.6182 0.0498 0.0216 1.6364 0.0788 0.0242 1.6181 0.0553 0.0283 1.6423 0.0718 0.0194 1.6460 0.0675 0.0189 1.6468 0.0617 0.0199 1.6461 0.0651 0.0142 1.6489 0.0628 0.0361 1.6367 0.0583 0.0301 1.6307 0.0438 0.0281 1.6313 0.0414 0.0226 1.6304 0.0390 0.0252 1.6316 0.0394 0.0242 1.6451 0.0615 0.0357 1.6320 0.0573 0.0300 1.6183 0.0678 0.0073 1.6165 0.0568 0.0056 1.6174 0.0566 0.0073 1.6206 0.0820 0.0091 1.6495 0.0873 0.0211 1.6493 0.0522 0.0005 1.6177 0.0562 0.0050 1.6095 0.0959 0.0184 1.6099 0.0905 0.0104 1.6185 0.0641 0.0273 1.6071 0.0684 0.0271 1.6364 0.0416" />
                  </IndexedFaceSet>
                </Shape>
                <Shape>
                  <Appearance USE="Bone" />
                  <IndexedFaceSet coordIndex="4 2 3 -1 5 6 7 -1 15 16 8 -1 17 18 11 -1 19 20 21 -1 22 23 24 -1 24 26 27 -1 31 32 33 -1 25 30 12 -1 34 33 35 -1 13 30 38 -1 37 19 13 -1 40 41 42 -1 44 45 46 -1 49 50 51 -1 54 55 56 -1 55 54 57 -1 63 64 65 -1 69 70 71 -1 73 53 74 -1 80 81 82 -1 81 71 83 -1 48 84 85 -1 94 93 105 -1 118 75 117 -1 128 100 127 -1 97 98 129 -1 108 69 80 -1 130 134 106 -1 121 139 122 -1 119 100 101 -1 76 79 145 -1 152 153 154 -1 155 156 146 -1 138 161 73 -1 42 173 172 -1 201 202 203 -1 205 206 207 -1 212 213 214 -1 10 229 226 -1 231 232 233 -1 234 235 236 -1 239 240 2 -1 244 245 246 -1 253 254 150 -1 147 254 253 -1 255 147 148 -1 146 256 257 -1 265 266 267 -1 262 268 269 -1 257 267 260 -1 275 276 277 -1 280 281 282 -1 19 38 25 -1 32 232 284 -1 27 283 34 -1 285 66 286 -1 167 61 287 -1 63 66 288 -1 56 50 54 -1 87 295 59 -1 246 245 264 -1 262 265 257 -1 108 70 69 -1 255 250 147 -1 301 273 300 -1 302 303 78 -1 243 154 242 -1 242 188 304 -1 12 15 31 -1 218 231 233 -1 2 154 153 -1 306 307 308 -1 309 189 281 -1 310 208 311 -1 312 205 213 -1 166 165 186 -1 10 18 313 -1 314 224 229 -1 222 219 221 -1 316 170 315 -1 220 317 318 -1 201 203 319 -1 320 180 321 -1 126 128 127 -1 183 178 321 -1 168 43 41 -1 111 98 97 -1 327 328 72 -1 72 326 327 -1 84 330 141 -1 85 113 138 -1 333 100 119 -1 326 335 340 -1 335 337 342 -1 335 342 340 -1 348 347 345 -1 375 376 374 -1 377 378 379 -1 379 380 375 -1 385 386 387 -1 389 386 388 -1 398 399 401 -1 399 400 401 -1 408 409 410 -1 415 404 406 -1 427 425 428 -1 435 418 425 -1 217 437 438 -1 407 402 440 -1 200 452 453 -1 204 203 202 -1 455 203 204 -1 456 449 203 -1 463 464 465 -1 430 464 426 -1 210 198 461 -1 462 466 433 -1 470 471 472 -1 472 478 476 -1 397 446 409 -1 483 484 485 -1 492 494 495 -1 473 412 445 -1 410 409 442 -1 459 498 444 -1 459 497 498 -1 428 425 426 -1 454 449 456 -1 456 501 502 -1 456 502 503 -1 504 438 454 -1 500 465 422 -1 505 506 428 -1 0 501 459 -1 472 508 470 -1 509 510 477 -1 512 513 514 -1 512 412 515 -1 516 517 518 -1 519 493 492 -1 483 485 419 -1 401 400 521 -1 522 523 396 -1 489 524 525 -1 418 489 429 -1 521 485 484 -1 493 398 526 -1 493 402 399 -1 400 403 527 -1 404 482 481 -1 417 515 412 -1 404 481 482 -1 446 480 443 -1 475 409 446 -1 473 476 477 -1 507 472 476 -1 420 499 430 -1 434 486 433 -1 451 210 461 -1 198 462 461 -1 530 457 460 -1 470 455 471 -1 196 455 204 -1 452 200 423 -1 436 531 444 -1 501 0 502 -1 450 532 207 -1 198 215 453 -1 200 199 423 -1 433 431 533 -1 431 467 421 -1 534 427 428 -1 504 535 536 -1 499 467 422 -1 420 467 499 -1 483 419 435 -1 520 493 519 -1 413 510 414 -1 412 413 411 -1 398 491 490 -1 388 386 385 -1 389 391 539 -1 385 541 333 -1 363 549 362 -1 363 359 367 -1 550 551 346 -1 351 131 552 -1 338 341 337 -1 555 335 339 -1 114 136 161 -1 111 112 556 -1 321 180 184 -1 323 44 181 -1 321 319 320 -1 180 449 454 -1 217 199 219 -1 560 561 562 -1 58 563 314 -1 564 22 39 -1 209 319 565 -1 236 566 190 -1 153 568 2 -1 154 569 238 -1 238 237 188 -1 302 83 273 -1 87 86 47 -1 299 572 277 -1 275 573 279 -1 3 574 192 -1 49 575 576 -1 291 580 290 -1 63 583 64 -1 63 288 583 -1 584 291 585 -1 584 55 58 -1 35 284 232 -1 28 33 283 -1 586 277 294 -1 294 293 586 -1 276 299 277 -1 572 298 587 -1 296 279 274 -1 588 260 589 -1 154 243 152 -1 260 590 261 -1 247 255 148 -1 255 152 591 -1 305 191 306 -1 32 284 33 -1 226 225 6 -1 6 225 227 -1 7 228 32 -1 198 218 592 -1 199 200 216 -1 235 310 236 -1 449 319 203 -1 197 201 310 -1 193 194 195 -1 308 594 595 -1 596 597 562 -1 183 321 184 -1 599 175 558 -1 558 600 599 -1 175 174 171 -1 168 104 43 -1 256 253 150 -1 254 147 149 -1 143 79 142 -1 129 126 127 -1 44 604 96 -1 170 601 174 -1 119 101 117 -1 162 545 582 -1 545 89 582 -1 80 71 81 -1 78 605 191 -1 118 162 52 -1 75 118 52 -1 178 179 594 -1 83 71 606 -1 289 64 583 -1 285 581 607 -1 62 63 287 -1 163 65 123 -1 86 59 294 -1 86 587 48 -1 45 44 323 -1 38 19 37 -1 610 580 611 -1 12 33 570 -1 11 18 10 -1 2 4 3 -1 14 19 21 -1 12 31 33 -1 610 34 580 -1 24 20 26 -1 48 47 86 -1 612 51 50 -1 293 294 51 -1 86 294 572 -1 61 62 287 -1 65 64 123 -1 288 285 583 -1 66 285 288 -1 60 608 581 -1 289 91 64 -1 80 68 108 -1 179 94 594 -1 613 82 614 -1 295 74 59 -1 545 88 89 -1 89 90 91 -1 325 42 103 -1 117 101 121 -1 133 145 132 -1 94 144 143 -1 135 353 603 -1 157 146 158 -1 124 123 90 -1 171 616 168 -1 171 40 175 -1 319 178 565 -1 165 617 186 -1 596 187 597 -1 308 565 594 -1 194 292 195 -1 193 195 3 -1 197 204 202 -1 449 320 319 -1 235 196 310 -1 439 211 210 -1 218 198 210 -1 7 32 8 -1 226 224 225 -1 280 205 207 -1 189 190 618 -1 189 309 190 -1 154 240 569 -1 151 149 250 -1 152 243 591 -1 151 250 262 -1 146 157 155 -1 260 261 158 -1 266 263 264 -1 588 590 260 -1 279 620 274 -1 232 290 35 -1 584 58 313 -1 285 286 57 -1 584 621 291 -1 285 57 581 -1 49 52 575 -1 578 293 609 -1 588 195 579 -1 586 293 574 -1 256 150 151 -1 299 298 572 -1 245 244 620 -1 244 300 273 -1 302 614 83 -1 571 622 304 -1 188 154 238 -1 306 623 567 -1 236 190 234 -1 205 312 206 -1 564 624 22 -1 229 224 226 -1 58 625 563 -1 224 222 225 -1 561 596 562 -1 219 318 217 -1 180 320 449 -1 601 170 186 -1 626 126 615 -1 181 626 615 -1 184 627 324 -1 42 101 173 -1 554 107 106 -1 333 120 100 -1 555 133 335 -1 337 335 336 -1 342 337 340 -1 144 105 343 -1 343 344 629 -1 548 630 369 -1 366 367 359 -1 546 631 371 -1 542 632 543 -1 383 384 382 -1 391 633 539 -1 383 333 384 -1 333 119 389 -1 522 396 489 -1 634 420 430 -1 492 526 494 -1 407 403 400 -1 635 475 636 -1 510 638 414 -1 519 639 520 -1 488 425 418 -1 419 418 435 -1 467 423 422 -1 535 503 536 -1 534 428 506 -1 1 531 436 -1 421 432 431 -1 533 434 433 -1 438 437 454 -1 450 207 206 -1 517 516 424 -1 412 528 445 -1 475 414 638 -1 444 498 436 -1 447 446 486 -1 210 451 439 -1 453 462 198 -1 455 196 471 -1 451 461 529 -1 640 457 530 -1 486 641 433 -1 452 466 462 -1 450 206 469 -1 422 465 464 -1 496 424 436 -1 473 477 413 -1 397 409 408 -1 404 415 441 -1 405 404 481 -1 400 527 521 -1 480 481 443 -1 493 399 398 -1 521 522 485 -1 429 488 418 -1 489 525 429 -1 419 487 418 -1 490 526 398 -1 519 492 518 -1 495 516 518 -1 512 514 528 -1 477 642 509 -1 473 507 476 -1 643 478 468 -1 643 642 478 -1 206 312 457 -1 0 459 444 -1 464 463 426 -1 428 463 505 -1 422 217 500 -1 454 535 504 -1 456 503 535 -1 535 454 456 -1 500 217 438 -1 426 463 428 -1 499 422 464 -1 439 460 312 -1 460 457 312 -1 496 498 497 -1 497 644 496 -1 442 441 410 -1 473 413 412 -1 495 518 492 -1 479 486 446 -1 487 489 418 -1 486 645 447 -1 404 443 481 -1 468 469 643 -1 466 431 433 -1 431 452 467 -1 217 422 423 -1 462 453 452 -1 450 471 196 -1 206 457 469 -1 203 501 456 -1 412 411 417 -1 407 400 402 -1 423 199 217 -1 432 533 431 -1 421 420 429 -1 427 435 425 -1 436 424 1 -1 421 467 420 -1 401 491 398 -1 396 523 397 -1 382 384 392 -1 385 333 388 -1 389 390 391 -1 379 374 377 -1 115 121 542 -1 117 121 115 -1 359 370 369 -1 365 330 357 -1 364 329 363 -1 335 326 339 -1 343 628 338 -1 109 329 108 -1 111 97 114 -1 44 184 182 -1 182 181 44 -1 126 626 650 -1 651 175 40 -1 181 652 626 -1 558 650 600 -1 318 219 220 -1 229 58 314 -1 313 229 10 -1 186 653 166 -1 439 312 213 -1 310 311 236 -1 189 241 281 -1 306 567 307 -1 218 654 231 -1 29 12 30 -1 571 655 191 -1 571 303 622 -1 304 622 242 -1 78 614 302 -1 80 69 71 -1 301 302 273 -1 297 298 299 -1 59 86 87 -1 292 579 195 -1 290 194 291 -1 607 289 285 -1 66 164 286 -1 27 34 610 -1 280 207 281 -1 279 573 278 -1 275 277 586 -1 274 244 273 -1 620 244 274 -1 265 267 257 -1 265 263 266 -1 261 160 158 -1 257 260 158 -1 656 258 657 -1 250 149 147 -1 2 240 154 -1 238 241 189 -1 12 14 230 -1 221 199 216 -1 598 187 170 -1 321 178 319 -1 178 183 179 -1 101 128 173 -1 166 62 165 -1 155 251 156 -1 150 254 149 -1 108 135 109 -1 131 68 72 -1 111 114 140 -1 120 136 100 -1 102 43 139 -1 88 116 89 -1 80 82 67 -1 42 325 101 -1 100 128 101 -1 183 324 95 -1 109 135 110 -1 90 123 64 -1 64 91 90 -1 605 78 303 -1 76 305 79 -1 73 75 53 -1 71 272 606 -1 285 289 583 -1 59 49 51 -1 572 587 86 -1 46 604 44 -1 40 42 651 -1 13 38 37 -1 15 12 36 -1 34 283 33 -1 30 14 29 -1 24 27 39 -1 24 39 22 -1 15 36 16 -1 10 661 11 -1 531 1 0 -1 14 23 230 -1 23 14 21 -1 230 22 36 -1 230 23 22 -1 13 19 14 -1 287 65 662 -1 63 65 287 -1 581 89 607 -1 105 93 94 -1 73 74 660 -1 68 67 72 -1 575 162 608 -1 94 142 595 -1 46 98 663 -1 325 103 101 -1 145 326 72 -1 140 141 111 -1 92 168 167 -1 168 92 104 -1 664 559 322 -1 559 664 597 -1 322 169 664 -1 627 44 96 -1 44 627 184 -1 324 353 134 -1 127 97 129 -1 99 100 136 -1 143 133 132 -1 662 167 287 -1 92 167 662 -1 139 43 122 -1 121 101 103 -1 649 84 141 -1 305 308 595 -1 306 308 305 -1 76 72 77 -1 145 72 76 -1 247 251 568 -1 579 259 160 -1 120 161 136 -1 121 102 139 -1 545 116 88 -1 616 171 601 -1 599 170 175 -1 599 598 170 -1 650 172 126 -1 650 558 172 -1 322 559 666 -1 652 667 626 -1 652 668 667 -1 186 617 165 -1 597 664 185 -1 315 561 669 -1 561 315 596 -1 193 3 593 -1 670 207 532 -1 672 231 654 -1 672 673 231 -1 222 674 223 -1 228 6 227 -1 6 228 7 -1 216 675 227 -1 592 215 198 -1 213 212 671 -1 618 566 676 -1 618 190 566 -1 238 569 241 -1 258 252 159 -1 258 656 252 -1 152 255 247 -1 568 252 2 -1 252 568 251 -1 588 579 160 -1 265 262 269 -1 250 248 268 -1 269 263 265 -1 574 260 677 -1 589 260 574 -1 271 84 48 -1 296 275 279 -1 270 269 268 -1 270 263 269 -1 31 8 32 -1 313 621 584 -1 18 621 313 -1 57 60 581 -1 291 611 580 -1 291 621 611 -1 577 291 194 -1 193 577 194 -1 577 193 593 -1 294 277 572 -1 268 249 270 -1 268 248 249 -1 574 275 586 -1 677 275 574 -1 77 72 67 -1 678 188 237 -1 304 188 678 -1 8 31 15 -1 211 658 210 -1 282 241 239 -1 282 281 241 -1 238 676 237 -1 238 618 676 -1 307 565 308 -1 209 565 307 -1 563 680 679 -1 625 680 563 -1 224 674 222 -1 224 314 674 -1 318 437 217 -1 681 562 185 -1 560 562 681 -1 437 180 454 -1 682 180 437 -1 666 668 322 -1 667 668 666 -1 129 615 126 -1 603 353 96 -1 557 554 106 -1 131 107 554 -1 108 329 70 -1 271 330 84 -1 114 161 331 -1 117 115 683 -1 390 119 117 -1 541 73 161 -1 137 121 684 -1 125 124 686 -1 144 336 133 -1 338 628 341 -1 339 326 555 -1 687 343 629 -1 341 343 687 -1 687 328 340 -1 328 327 340 -1 346 688 353 -1 648 348 135 -1 553 350 349 -1 352 349 350 -1 352 648 347 -1 351 552 345 -1 345 557 550 -1 648 108 347 -1 348 353 135 -1 134 353 557 -1 345 554 557 -1 361 366 548 -1 367 689 368 -1 369 366 359 -1 369 630 366 -1 362 363 358 -1 549 363 362 -1 271 358 357 -1 271 70 358 -1 359 329 370 -1 370 368 369 -1 329 359 363 -1 361 548 360 -1 370 109 110 -1 329 109 370 -1 547 649 373 -1 690 332 546 -1 545 544 116 -1 375 374 379 -1 375 692 374 -1 544 377 543 -1 544 543 632 -1 694 115 542 -1 162 118 693 -1 683 115 118 -1 386 389 539 -1 695 541 385 -1 120 541 540 -1 75 386 539 -1 75 381 386 -1 385 387 695 -1 386 381 387 -1 384 389 392 -1 388 333 382 -1 73 541 695 -1 393 394 696 -1 394 393 697 -1 538 393 699 -1 697 684 699 -1 697 698 684 -1 684 701 699 -1 122 699 701 -1 685 116 684 -1 395 537 702 -1 395 702 703 -1 703 705 706 -1 707 705 702 -1 704 703 708 -1 706 709 708 -1 705 537 711 -1 704 711 537 -1 704 708 711 -1 711 92 710 -1 705 686 709 -1 92 711 334 -1 514 511 712 -1 492 493 526 -1 713 714 530 -1 714 713 715 -1 517 639 519 -1 513 639 517 -1 488 634 430 -1 503 716 536 -1 717 716 503 -1 647 534 494 -1 200 453 215 -1 415 405 646 -1 406 405 415 -1 496 436 498 -1 637 417 411 -1 0 444 531 -1 510 413 477 -1 396 447 524 -1 396 397 447 -1 469 468 450 -1 719 433 641 -1 719 720 433 -1 530 718 713 -1 530 460 718 -1 508 507 721 -1 508 472 507 -1 513 512 639 -1 440 520 722 -1 440 402 520 -1 521 484 491 -1 636 475 715 -1 634 429 420 -1 488 429 634 -1 429 525 421 -1 447 397 446 -1 524 448 525 -1 524 447 448 -1 490 483 723 -1 526 723 647 -1 490 723 526 -1 512 724 722 -1 724 512 515 -1 712 528 514 -1 712 474 528 -1 725 715 713 -1 725 636 715 -1 726 474 712 -1 721 474 726 -1 721 473 474 -1 721 507 473 -1 478 472 468 -1 463 500 505 -1 463 465 500 -1 439 529 718 -1 439 451 529 -1 530 509 640 -1 530 714 509 -1 635 641 727 -1 641 635 719 -1 462 433 720 -1 421 448 432 -1 521 491 401 -1 724 415 646 -1 416 415 724 -1 727 409 635 -1 414 408 411 -1 414 475 408 -1 468 472 471 -1 439 718 460 -1 430 499 464 -1 713 728 725 -1 471 450 468 -1 480 397 523 -1 446 397 480 -1 443 442 727 -1 410 415 416 -1 402 400 399 -1 495 717 516 -1 716 717 495 -1 716 494 534 -1 716 495 494 -1 448 421 525 -1 717 502 1 -1 717 503 502 -1 426 488 430 -1 425 488 426 -1 406 404 405 -1 708 334 711 -1 92 163 710 -1 711 710 705 -1 705 710 686 -1 708 709 43 -1 706 705 709 -1 703 706 708 -1 703 704 395 -1 537 707 702 -1 702 705 703 -1 122 684 121 -1 684 122 701 -1 684 685 700 -1 538 685 684 -1 394 697 696 -1 633 391 75 -1 388 392 389 -1 117 391 390 -1 75 73 695 -1 632 137 544 -1 544 545 162 -1 376 543 377 -1 378 544 162 -1 377 544 378 -1 376 694 542 -1 379 378 380 -1 374 376 377 -1 374 692 375 -1 542 121 137 -1 114 331 691 -1 649 140 332 -1 691 331 631 -1 649 547 85 -1 373 649 332 -1 371 373 690 -1 371 372 547 -1 364 70 329 -1 630 548 366 -1 365 368 330 -1 355 357 356 -1 368 689 369 -1 354 356 365 -1 354 355 356 -1 347 68 351 -1 557 353 550 -1 550 346 345 -1 550 353 688 -1 350 347 348 -1 352 347 553 -1 553 347 350 -1 352 350 348 -1 347 351 345 -1 105 344 343 -1 343 338 336 -1 628 343 341 -1 335 133 336 -1 337 341 687 -1 92 334 104 -1 541 161 540 -1 75 391 117 -1 649 85 84 -1 145 133 326 -1 344 130 106 -1 182 180 181 -1 182 184 180 -1 181 615 323 -1 177 322 668 -1 169 322 177 -1 176 181 180 -1 176 652 181 -1 681 169 177 -1 169 681 185 -1 560 729 730 -1 560 681 729 -1 317 731 730 -1 317 220 731 -1 220 222 223 -1 222 220 219 -1 679 653 316 -1 679 680 653 -1 625 164 680 -1 625 602 164 -1 211 439 671 -1 311 209 307 -1 208 209 311 -1 670 281 207 -1 670 309 281 -1 239 619 282 -1 619 239 2 -1 7 732 5 -1 732 7 8 -1 218 658 654 -1 218 210 658 -1 155 157 159 -1 304 655 571 -1 304 678 655 -1 188 242 154 -1 301 303 302 -1 301 622 303 -1 68 80 67 -1 248 733 249 -1 591 733 248 -1 160 590 588 -1 578 593 293 -1 578 577 593 -1 608 60 575 -1 18 611 621 -1 18 17 611 -1 570 33 28 -1 657 2 4 -1 2 657 619 -1 278 620 279 -1 278 245 620 -1 273 83 606 -1 272 48 587 -1 48 272 271 -1 270 264 263 -1 250 591 248 -1 255 591 250 -1 266 264 278 -1 160 261 590 -1 159 259 258 -1 158 146 257 -1 253 146 156 -1 622 301 242 -1 241 240 239 -1 734 676 566 -1 735 676 734 -1 32 675 232 -1 32 228 675 -1 211 212 658 -1 211 671 212 -1 218 215 592 -1 222 221 225 -1 199 221 219 -1 215 216 200 -1 654 659 672 -1 659 654 658 -1 280 213 205 -1 280 214 213 -1 532 235 670 -1 3 192 593 -1 3 589 574 -1 186 316 653 -1 186 170 316 -1 565 178 594 -1 667 650 626 -1 666 665 600 -1 666 559 665 -1 286 164 602 -1 116 90 89 -1 159 160 259 -1 157 158 160 -1 568 153 247 -1 144 133 143 -1 95 179 183 -1 179 95 105 -1 94 105 144 -1 140 649 141 -1 607 91 289 -1 91 607 89 -1 582 89 581 -1 114 97 736 -1 127 99 97 -1 96 135 603 -1 134 95 324 -1 599 187 598 -1 187 599 665 -1 616 167 168 -1 616 61 167 -1 99 736 97 -1 627 353 324 -1 191 303 571 -1 191 605 303 -1 77 78 191 -1 82 613 67 -1 53 75 52 -1 85 138 87 -1 105 94 179 -1 272 71 70 -1 66 63 62 -1 576 575 60 -1 53 59 74 -1 59 53 49 -1 52 49 53 -1 103 41 43 -1 41 103 42 -1 606 272 298 -1 34 290 580 -1 34 35 290 -1 27 28 283 -1 26 28 27 -1 732 9 661 -1 732 8 9 -1 661 226 732 -1 661 10 226 -1 5 226 6 -1 564 11 624 -1 564 17 11 -1 36 737 16 -1 230 36 12 -1 19 25 20 -1 21 20 23 -1 36 22 737 -1 14 30 13 -1 24 23 20 -1 60 57 54 -1 575 52 162 -1 85 47 48 -1 78 77 67 -1 83 82 81 -1 614 82 83 -1 163 92 662 -1 595 142 305 -1 46 663 604 -1 601 61 616 -1 601 165 61 -1 170 174 175 -1 174 601 171 -1 324 183 184 -1 663 110 604 -1 663 111 110 -1 127 100 99 -1 99 136 114 -1 103 102 121 -1 305 76 191 -1 143 132 79 -1 132 145 79 -1 151 150 149 -1 251 247 156 -1 292 259 579 -1 673 259 292 -1 164 62 166 -1 173 126 172 -1 126 173 128 -1 42 172 651 -1 668 176 177 -1 652 176 668 -1 62 61 165 -1 315 170 187 -1 315 679 316 -1 669 679 315 -1 202 201 197 -1 658 214 659 -1 214 658 212 -1 232 673 292 -1 232 231 673 -1 675 216 215 -1 223 738 739 -1 738 223 674 -1 227 675 228 -1 671 439 213 -1 215 233 675 -1 218 233 215 -1 234 670 235 -1 569 240 241 -1 656 2 252 -1 656 4 2 -1 244 270 249 -1 246 270 244 -1 156 247 253 -1 253 148 147 -1 256 146 253 -1 195 588 3 -1 268 262 250 -1 677 573 275 -1 573 677 740 -1 300 249 733 -1 300 244 249 -1 587 298 272 -1 296 276 275 -1 278 740 266 -1 278 573 740 -1 30 25 38 -1 26 25 28 -1 26 20 25 -1 610 39 27 -1 39 610 564 -1 164 66 62 -1 194 232 292 -1 290 232 194 -1 609 56 585 -1 609 612 56 -1 293 612 609 -1 297 276 296 -1 276 297 299 -1 242 591 243 -1 591 242 733 -1 258 673 672 -1 258 259 673 -1 659 619 657 -1 659 214 619 -1 735 237 676 -1 735 678 237 -1 311 567 734 -1 567 311 307 -1 618 238 189 -1 94 595 594 -1 310 201 208 -1 661 624 11 -1 661 9 624 -1 58 229 313 -1 674 563 738 -1 674 314 563 -1 731 669 561 -1 739 669 731 -1 437 317 682 -1 318 317 437 -1 185 562 597 -1 729 180 682 -1 176 180 729 -1 600 667 666 -1 650 667 600 -1 651 558 175 -1 651 172 558 -1 98 111 663 -1 328 629 107 -1 105 130 344 -1 557 106 134 -1 556 110 111 -1 113 331 161 -1 332 140 114 -1 683 118 117 -1 122 124 90 -1 124 122 709 -1 133 555 326 -1 353 348 346 -1 553 349 352 -1 551 688 346 -1 551 550 688 -1 347 108 68 -1 108 648 135 -1 355 354 357 -1 362 358 364 -1 358 356 357 -1 330 271 357 -1 367 368 365 -1 368 556 330 -1 373 371 547 -1 631 372 371 -1 546 691 631 -1 372 85 547 -1 331 372 631 -1 331 113 372 -1 691 332 114 -1 380 376 375 -1 380 693 694 -1 376 542 543 -1 162 380 378 -1 162 693 380 -1 693 118 115 -1 387 75 695 -1 538 698 697 -1 697 699 696 -1 698 538 684 -1 705 707 537 -1 710 163 125 -1 334 708 43 -1 513 511 514 -1 517 511 513 -1 413 414 411 -1 716 506 536 -1 716 534 506 -1 432 645 533 -1 432 448 645 -1 483 427 723 -1 435 427 483 -1 1 516 717 -1 1 424 516 -1 196 204 197 -1 407 646 405 -1 407 440 646 -1 417 637 416 -1 443 441 442 -1 443 404 441 -1 727 486 479 -1 641 486 727 -1 725 720 719 -1 725 728 720 -1 452 431 466 -1 452 423 467 -1 713 529 728 -1 529 713 718 -1 640 469 457 -1 643 469 640 -1 741 721 726 -1 741 508 721 -1 515 416 724 -1 416 515 417 -1 409 727 442 -1 446 443 479 -1 409 475 635 -1 489 485 522 -1 489 487 485 -1 434 645 486 -1 533 645 434 -1 484 490 491 -1 484 483 490 -1 722 639 512 -1 722 520 639 -1 474 445 528 -1 474 473 445 -1 637 408 410 -1 529 461 728 -1 644 712 511 -1 726 712 644 -1 497 742 741 -1 459 742 497 -1 458 742 459 -1 455 458 203 -1 438 505 500 -1 438 504 505 -1 505 536 506 -1 505 504 536 -1 458 501 203 -1 501 458 459 -1 455 742 458 -1 455 470 742 -1 476 642 477 -1 478 642 476 -1 741 470 508 -1 741 742 470 -1 715 638 714 -1 715 475 638 -1 462 728 461 -1 720 728 462 -1 412 512 528 -1 517 519 518 -1 722 646 440 -1 724 646 722 -1 521 523 522 -1 527 523 521 -1 485 487 419 -1 396 524 489 -1 642 640 509 -1 640 642 643 -1 527 405 481 -1 527 403 405 -1 494 526 647 -1 481 523 527 -1 480 523 481 -1 441 415 410 -1 408 446 397 -1 475 446 408 -1 726 497 741 -1 644 497 726 -1 496 511 424 -1 644 511 496 -1 479 443 727 -1 410 416 637 -1 517 424 511 -1 450 196 532 -1 723 534 647 -1 427 534 723 -1 448 447 645 -1 1 502 0 -1 402 493 520 -1 714 510 509 -1 510 714 638 -1 411 408 637 -1 719 636 725 -1 636 719 635 -1 405 403 407 -1 125 686 710 -1 395 704 537 -1 684 116 137 -1 90 699 122 -1 699 90 538 -1 538 90 685 -1 700 685 684 -1 696 699 393 -1 538 697 393 -1 541 120 333 -1 119 390 389 -1 382 333 383 -1 384 333 389 -1 392 388 382 -1 387 381 75 -1 539 633 75 -1 542 137 632 -1 693 115 694 -1 376 380 694 -1 137 116 544 -1 113 85 372 -1 332 691 546 -1 373 332 690 -1 371 690 546 -1 556 370 110 -1 370 556 368 -1 367 548 689 -1 357 354 365 -1 367 365 356 -1 363 367 356 -1 358 70 364 -1 356 358 363 -1 369 689 548 -1 366 548 367 -1 361 548 366 -1 360 548 361 -1 362 364 363 -1 351 68 131 -1 345 131 554 -1 552 131 345 -1 348 648 352 -1 348 345 346 -1 340 327 326 -1 687 629 328 -1 336 144 343 -1 337 687 340 -1 336 338 337 -1 43 709 122 -1 43 104 334 -1 124 709 686 -1 685 90 116 -1 540 161 120 -1 112 330 556 -1 141 330 112 -1 344 107 629 -1 344 106 107 -1 46 129 98 -1 46 45 129 -1 615 45 323 -1 45 615 129 -1 177 729 681 -1 177 176 729 -1 730 682 317 -1 730 729 682 -1 730 561 560 -1 730 731 561 -1 223 731 220 -1 223 739 731 -1 738 563 679 -1 625 58 602 -1 9 22 624 -1 9 737 22 -1 319 208 201 -1 319 209 208 -1 94 143 142 -1 234 309 670 -1 234 190 309 -1 236 734 566 -1 734 236 311 -1 678 623 655 -1 735 623 678 -1 282 214 280 -1 282 619 214 -1 657 672 659 -1 258 672 657 -1 251 159 252 -1 155 159 251 -1 301 733 242 -1 733 301 300 -1 273 296 274 -1 296 273 297 -1 298 273 606 -1 297 273 298 -1 192 574 293 -1 192 293 593 -1 293 51 612 -1 577 585 291 -1 578 585 577 -1 578 609 585 -1 55 585 56 -1 585 55 584 -1 57 58 55 -1 33 284 35 -1 12 28 25 -1 12 570 28 -1 4 656 657 -1 260 740 677 -1 740 267 266 -1 740 260 267 -1 264 245 278 -1 589 3 588 -1 257 151 262 -1 257 256 151 -1 148 253 247 -1 264 270 246 -1 567 735 734 -1 623 735 567 -1 655 306 191 -1 623 306 655 -1 232 675 233 -1 227 221 216 -1 225 221 227 -1 739 679 669 -1 679 739 738 -1 532 196 235 -1 197 310 196 -1 680 166 653 -1 164 166 680 -1 315 187 596 -1 664 169 185 -1 600 665 599 -1 171 41 40 -1 57 602 58 -1 57 286 602 -1 131 328 107 -1 328 131 72 -1 157 160 159 -1 153 152 247 -1 112 111 141 -1 95 130 105 -1 582 581 608 -1 99 114 736 -1 110 96 604 -1 110 135 96 -1 95 134 130 -1 665 597 187 -1 597 665 559 -1 41 171 168 -1 186 165 601 -1 138 113 161 -1 43 102 103 -1 96 353 627 -1 163 662 65 -1 87 74 295 -1 74 87 660 -1 67 614 78 -1 67 613 614 -1 305 142 79 -1 191 76 77 -1 660 138 73 -1 138 660 87 -1 85 87 47 -1 124 163 123 -1 125 163 124 -1 582 608 162 -1 54 49 576 -1 54 50 49 -1 54 576 60 -1 294 59 51 -1 612 50 56 -1 271 272 70 -1 611 564 610 -1 564 611 17 -1 8 737 9 -1 737 8 16 -1 29 14 12 -1 226 5 732 -1" creaseAngle="1.571">
                    <Coordinate point="-0.0205 1.6185 0.0450 -0.0250 1.6179 0.0478 -0.0274 1.6448 0.0595 -0.0268 1.6373 0.0770 -0.0280 1.6443 0.0603 -0.0113 1.6400 0.0805 -0.0121 1.6395 0.0810 -0.0106 1.6430 0.0806 -0.0102 1.6464 0.0826 -0.0104 1.6451 0.0871 -0.0114 1.6368 0.0867 -0.0107 1.6393 0.0917 -0.0086 1.6567 0.0828 -0.0068 1.6630 0.0826 -0.0067 1.6598 0.0843 -0.0090 1.6522 0.0829 -0.0094 1.6492 0.0834 -0.0100 1.6396 0.0945 -0.0121 1.6350 0.0912 -0.0050 1.6632 0.0865 -0.0052 1.6591 0.0893 -0.0048 1.6593 0.0898 -0.0066 1.6510 0.0921 -0.0053 1.6561 0.0907 -0.0043 1.6556 0.0943 -0.0079 1.6594 0.0854 -0.0055 1.6560 0.0907 -0.0068 1.6516 0.0925 -0.0085 1.6559 0.0869 -0.0083 1.6614 0.0813 -0.0075 1.6631 0.0815 -0.0102 1.6527 0.0830 -0.0131 1.6484 0.0833 -0.0099 1.6527 0.0852 -0.0112 1.6465 0.0885 -0.0126 1.6478 0.0864 -0.0086 1.6523 0.0846 -0.0051 1.6653 0.0858 -0.0069 1.6650 0.0837 -0.0041 1.6509 0.0965 -0.0034 1.6138 0.0815 -0.0013 1.6115 0.0851 -0.0071 1.6118 0.0811 -0.0028 1.6047 0.0876 -0.0155 1.6143 0.0583 -0.0164 1.6140 0.0630 -0.0175 1.6073 0.0639 -0.0260 1.6093 0.0757 -0.0269 1.6096 0.0713 -0.0207 1.6177 0.0838 -0.0199 1.6208 0.0837 -0.0221 1.6207 0.0809 -0.0218 1.6095 0.0852 -0.0231 1.6106 0.0834 -0.0170 1.6209 0.0865 -0.0157 1.6245 0.0862 -0.0182 1.6236 0.0844 -0.0135 1.6200 0.0882 -0.0118 1.6250 0.0884 -0.0233 1.6166 0.0791 -0.0157 1.6179 0.0886 -0.0012 1.6156 0.0933 -0.0035 1.6183 0.0917 -0.0055 1.6123 0.0936 -0.0079 1.6090 0.0942 -0.0058 1.6093 0.0951 -0.0060 1.6157 0.0912 -0.0318 1.6114 0.0517 -0.0311 1.6051 0.0562 -0.0298 1.6091 0.0610 -0.0285 1.6076 0.0639 -0.0301 1.6123 0.0622 -0.0319 1.6058 0.0505 -0.0232 1.6084 0.0810 -0.0237 1.6094 0.0803 -0.0221 1.6076 0.0832 -0.0315 1.6117 0.0435 -0.0321 1.6122 0.0476 -0.0320 1.6141 0.0478 -0.0296 1.6083 0.0415 -0.0304 1.6097 0.0586 -0.0303 1.6125 0.0611 -0.0308 1.6132 0.0557 -0.0314 1.6153 0.0617 -0.0255 1.6044 0.0707 -0.0255 1.6058 0.0726 -0.0266 1.6156 0.0749 -0.0257 1.6088 0.0765 -0.0124 1.6076 0.0924 -0.0115 1.6083 0.0927 -0.0094 1.6054 0.0934 -0.0100 1.6087 0.0932 -0.0010 1.6079 0.0963 -0.0222 1.6082 0.0413 -0.0228 1.6071 0.0414 -0.0209 1.6079 0.0487 -0.0194 1.6080 0.0563 -0.0169 1.6069 0.0706 -0.0174 1.6071 0.0676 -0.0155 1.6064 0.0761 -0.0145 1.6070 0.0774 -0.0137 1.6044 0.0812 -0.0073 1.6043 0.0852 -0.0084 1.6060 0.0836 -0.0001 1.6048 0.0916 -0.0216 1.6074 0.0449 -0.0245 1.6033 0.0492 -0.0270 1.6045 0.0496 -0.0270 1.6037 0.0599 -0.0220 1.6047 0.0600 -0.0195 1.6039 0.0611 -0.0187 1.6045 0.0661 -0.0216 1.6029 0.0670 -0.0238 1.6049 0.0755 -0.0178 1.6039 0.0710 -0.0158 1.6062 0.0835 -0.0121 1.6042 0.0891 -0.0171 1.6045 0.0830 -0.0191 1.6071 0.0870 -0.0148 1.6060 0.0778 -0.0183 1.6073 0.0765 -0.0114 1.6038 0.0853 -0.0064 1.6034 0.0907 -0.0076 1.6060 0.0955 -0.0075 1.6050 0.0933 -0.0063 1.6045 0.0941 -0.0124 1.6155 0.0738 -0.0141 1.6133 0.0742 -0.0133 1.6131 0.0759 -0.0153 1.6136 0.0707 -0.0229 1.6054 0.0474 -0.0296 1.6052 0.0519 -0.0297 1.6059 0.0430 -0.0280 1.6088 0.0449 -0.0215 1.6041 0.0519 -0.0228 1.6036 0.0573 -0.0171 1.6037 0.0744 -0.0109 1.6060 0.0873 -0.0247 1.6045 0.0775 -0.0053 1.6030 0.0879 -0.0215 1.6042 0.0699 -0.0240 1.6029 0.0687 -0.0272 1.6096 0.0392 -0.0276 1.6067 0.0416 -0.0259 1.6071 0.0432 -0.0319 1.6067 0.0452 -0.0381 1.6426 0.0704 -0.0409 1.6467 0.0630 -0.0396 1.6453 0.0611 -0.0422 1.6482 0.0641 -0.0413 1.6456 0.0673 -0.0431 1.6445 0.0676 -0.0358 1.6431 0.0561 -0.0325 1.6434 0.0579 -0.0316 1.6430 0.0500 -0.0351 1.6418 0.0686 -0.0374 1.6421 0.0632 -0.0345 1.6419 0.0721 -0.0378 1.6418 0.0749 -0.0322 1.6421 0.0720 -0.0333 1.6417 0.0782 -0.0206 1.6030 0.0758 -0.0180 1.6098 0.0895 -0.0037 1.6059 0.0969 -0.0071 1.6191 0.0906 -0.0009 1.6211 0.0930 -0.0035 1.6202 0.0915 -0.0008 1.6117 0.0953 -0.0002 1.6089 0.0879 -0.0015 1.6177 0.0503 -0.0006 1.6239 0.0819 -0.0004 1.6144 0.0852 -0.0079 1.6145 0.0777 -0.0102 1.6124 0.0788 -0.0007 1.6164 0.0822 -0.0020 1.6169 0.0788 -0.0102 1.6182 0.0523 -0.0061 1.6174 0.0506 -0.0181 1.6169 0.0435 -0.0200 1.6116 0.0456 -0.0141 1.6198 0.0530 -0.0138 1.6157 0.0578 -0.0150 1.6154 0.0555 -0.0184 1.6134 0.0487 -0.0169 1.6152 0.0528 -0.0015 1.6181 0.0564 -0.0005 1.6241 0.0876 -0.0003 1.6223 0.0704 -0.0333 1.6349 0.0473 -0.0246 1.6463 0.0428 -0.0211 1.6428 0.0382 -0.0312 1.6145 0.0439 -0.0272 1.6334 0.0768 -0.0242 1.6379 0.0794 -0.0204 1.6409 0.0834 -0.0275 1.6389 0.0786 -0.0145 1.6398 0.0423 -0.0143 1.6364 0.0434 -0.0124 1.6460 0.0748 -0.0149 1.6348 0.0731 -0.0150 1.6392 0.0719 -0.0141 1.6297 0.0420 -0.0150 1.6322 0.0449 -0.0161 1.6295 0.0445 -0.0156 1.6358 0.0437 -0.0122 1.6509 0.0537 -0.0122 1.6463 0.0496 -0.0143 1.6487 0.0470 -0.0162 1.6292 0.0390 -0.0179 1.6250 0.0394 -0.0127 1.6477 0.0706 -0.0130 1.6495 0.0675 -0.0141 1.6499 0.0603 -0.0128 1.6505 0.0603 -0.0165 1.6495 0.0586 -0.0135 1.6442 0.0767 -0.0147 1.6394 0.0765 -0.0163 1.6290 0.0644 -0.0140 1.6480 0.0758 -0.0170 1.6259 0.0722 -0.0146 1.6223 0.0715 -0.0155 1.6350 0.0751 -0.0163 1.6264 0.0774 -0.0139 1.6225 0.0767 -0.0150 1.6270 0.0828 -0.0149 1.6354 0.0803 -0.0119 1.6359 0.0835 -0.0134 1.6391 0.0810 -0.0133 1.6416 0.0825 -0.0127 1.6285 0.0869 -0.0070 1.6565 0.0857 -0.0187 1.6470 0.0795 -0.0168 1.6474 0.0821 -0.0159 1.6474 0.0788 -0.0177 1.6422 0.0380 -0.0144 1.6414 0.0384 -0.0194 1.6357 0.0364 -0.0295 1.6366 0.0425 -0.0280 1.6443 0.0437 -0.0259 1.6468 0.0512 -0.0282 1.6451 0.0507 -0.0269 1.6461 0.0470 -0.0353 1.6341 0.0529 -0.0354 1.6395 0.0549 -0.0384 1.6257 0.0624 -0.0416 1.6252 0.0668 -0.0422 1.6254 0.0657 -0.0377 1.6441 0.0590 -0.0399 1.6363 0.0640 -0.0396 1.6309 0.0629 -0.0403 1.6405 0.0652 -0.0343 1.6424 0.0635 -0.0312 1.6434 0.0646 -0.0397 1.6446 0.0652 -0.0409 1.6460 0.0657 -0.0385 1.6414 0.0600 -0.0408 1.6436 0.0702 -0.0399 1.6407 0.0724 -0.0276 1.6446 0.0708 -0.0288 1.6436 0.0744 -0.0370 1.6367 0.0750 -0.0352 1.6416 0.0775 -0.0448 1.6382 0.0687 -0.0458 1.6314 0.0682 -0.0460 1.6278 0.0679 -0.0449 1.6365 0.0692 -0.0421 1.6302 0.0705 -0.0414 1.6377 0.0724 -0.0424 1.6363 0.0666 -0.0456 1.6354 0.0671 -0.0430 1.6301 0.0657 -0.0283 1.6063 0.0670 -0.0292 1.6121 0.0668 -0.0340 1.6186 0.0633 -0.0372 1.6215 0.0647 -0.0340 1.6245 0.0724 -0.0327 1.6239 0.0730 -0.0278 1.6217 0.0749 -0.0415 1.6261 0.0682 -0.0380 1.6241 0.0689 -0.0152 1.6503 0.0532 -0.0202 1.6490 0.0461 -0.0211 1.6493 0.0519 -0.0096 1.6526 0.0874 -0.0133 1.6496 0.0836 -0.0102 1.6163 0.0897 -0.0093 1.6177 0.0896 -0.0049 1.6126 0.0943 -0.0071 1.6155 0.0906 -0.0106 1.6120 0.0916 -0.0143 1.6437 0.0861 -0.0154 1.6358 0.0858 -0.0229 1.6451 0.0818 -0.0232 1.6253 0.0784 -0.0234 1.6207 0.0771 -0.0243 1.6103 0.0797 -0.0353 1.6222 0.0699 -0.0329 1.6192 0.0695 -0.0300 1.6168 0.0705 -0.0311 1.6201 0.0721 -0.0365 1.6269 0.0582 -0.0348 1.6280 0.0541 -0.0331 1.6204 0.0547 -0.0327 1.6210 0.0491 -0.0332 1.6289 0.0461 -0.0282 1.6134 0.0391 -0.0282 1.6182 0.0401 -0.0223 1.6256 0.0370 -0.0249 1.6183 0.0380 -0.0204 1.6469 0.0416 -0.0150 1.6351 0.0385 -0.0208 1.6305 0.0363 -0.0111 1.6460 0.0540 -0.0130 1.6293 0.0899 -0.0130 1.6236 0.0827 -0.0021 1.6216 0.0759 -0.0030 1.6218 0.0812 -0.0145 1.6217 0.0647 -0.0159 1.6253 0.0652 -0.0158 1.6245 0.0432 -0.0152 1.6224 0.0490 -0.0150 1.6182 0.0486 -0.0019 1.6171 0.0563 -0.0141 1.6156 0.0627 -0.0199 1.6082 0.0523 -0.0099 1.6072 0.0824 -0.0313 1.6097 0.0470 -0.0318 1.6059 0.0492 -0.0287 1.6054 0.0495 -0.0229 1.6070 0.0606 -0.0256 1.6076 0.0684 -0.0209 1.6063 0.0749 -0.0198 1.6077 0.0706 -0.0167 1.6079 0.0772 -0.0003 1.6062 0.0925 -0.0291 1.6122 0.0470 -0.0270 1.6097 0.0457 -0.0287 1.6139 0.0483 -0.0255 1.6140 0.0464 -0.0295 1.6130 0.0464 -0.0298 1.6099 0.0495 -0.0244 1.6124 0.0482 -0.0288 1.6136 0.0483 -0.0232 1.6084 0.0465 -0.0232 1.6067 0.0476 -0.0253 1.6080 0.0517 -0.0225 1.6118 0.0534 -0.0293 1.6076 0.0571 -0.0244 1.6086 0.0557 -0.0264 1.6123 0.0578 -0.0271 1.6089 0.0562 -0.0270 1.6098 0.0538 -0.0258 1.6098 0.0588 -0.0206 1.6071 0.0545 -0.0246 1.6140 0.0688 -0.0258 1.6159 0.0676 -0.0255 1.6112 0.0659 -0.0262 1.6117 0.0694 -0.0274 1.6109 0.0635 -0.0201 1.6108 0.0615 -0.0201 1.6189 0.0646 -0.0210 1.6174 0.0633 -0.0260 1.6145 0.0621 -0.0244 1.6127 0.0634 -0.0258 1.6097 0.0612 -0.0221 1.6104 0.0671 -0.0200 1.6142 0.0621 -0.0223 1.6125 0.0646 -0.0197 1.6085 0.0655 -0.0185 1.6105 0.0638 -0.0193 1.6081 0.0621 -0.0240 1.6123 0.0745 -0.0255 1.6080 0.0743 -0.0232 1.6100 0.0722 -0.0141 1.6190 0.0856 -0.0143 1.6185 0.0846 -0.0135 1.6136 0.0850 -0.0144 1.6138 0.0887 -0.0156 1.6145 0.0887 -0.0152 1.6183 0.0859 -0.0159 1.6131 0.0853 -0.0213 1.6153 0.0823 -0.0160 1.6160 0.0787 -0.0155 1.6148 0.0788 -0.0160 1.6164 0.0789 -0.0222 1.6092 0.0796 -0.0202 1.6130 0.0818 -0.0210 1.6135 0.0810 -0.0176 1.6127 0.0792 -0.0162 1.6098 0.0813 -0.0153 1.6072 0.0812 -0.0180 1.6052 0.0833 -0.0165 1.6126 0.0800 -0.0077 1.6135 0.0890 -0.0080 1.6169 0.0881 -0.0017 1.6158 0.0909 -0.0280 1.6345 0.0733 -0.0276 1.6389 0.0720 -0.0362 1.6216 0.0650 -0.0384 1.6240 0.0649 -0.0387 1.6267 0.0650 -0.0356 1.6253 0.0652 -0.0364 1.6256 0.0618 -0.0384 1.6307 0.0666 -0.0360 1.6402 0.0705 -0.0378 1.6362 0.0674 -0.0364 1.6398 0.0658 -0.0382 1.6307 0.0660 -0.0278 1.6425 0.0621 -0.0295 1.6422 0.0670 -0.0335 1.6408 0.0624 -0.0296 1.6429 0.0568 -0.0305 1.6418 0.0510 -0.0291 1.6433 0.0509 -0.0277 1.6437 0.0567 -0.0365 1.6401 0.0616 -0.0357 1.6419 0.0575 -0.0346 1.6415 0.0559 -0.0242 1.6217 0.0731 -0.0274 1.6198 0.0713 -0.0183 1.6305 0.0756 -0.0195 1.6348 0.0782 -0.0188 1.6300 0.0692 -0.0169 1.6345 0.0694 -0.0311 1.6177 0.0470 -0.0204 1.6212 0.0718 -0.0186 1.6237 0.0712 -0.0243 1.6185 0.0669 -0.0198 1.6197 0.0672 -0.0216 1.6278 0.0772 -0.0190 1.6268 0.0732 -0.0181 1.6390 0.0758 -0.0181 1.6392 0.0791 -0.0198 1.6452 0.0750 -0.0202 1.6454 0.0777 -0.0245 1.6195 0.0696 -0.0278 1.6161 0.0421 -0.0159 1.6261 0.0586 -0.0171 1.6258 0.0581 -0.0119 1.6459 0.0627 -0.0376 1.6308 0.0612 -0.0342 1.6405 0.0675 -0.0316 1.6408 0.0697 -0.0332 1.6402 0.0735 -0.0226 1.6197 0.0427 -0.0307 1.6422 0.0507 -0.0277 1.6402 0.0739 -0.0235 1.6388 0.0769 -0.0216 1.6364 0.0780 -0.0155 1.6286 0.0491 -0.0165 1.6434 0.0438 -0.0122 1.6458 0.0643 -0.0164 1.6387 0.0722 -0.0143 1.6422 0.0726 -0.0160 1.6270 0.0539 -0.0180 1.6345 0.0409 -0.0181 1.6233 0.0496 -0.0140 1.6495 0.0537 -0.0189 1.6293 0.0413 -0.0203 1.6256 0.0416 -0.0135 1.6497 0.0591 -0.0159 1.6465 0.0687 -0.0162 1.6451 0.0722 -0.0192 1.6233 0.0679 -0.0193 1.6266 0.0710 -0.0195 1.6263 0.0688 -0.0169 1.6426 0.0725 -0.0183 1.6347 0.0746 -0.0178 1.6442 0.0438 -0.0149 1.6478 0.0482 -0.0215 1.6350 0.0391 -0.0188 1.6405 0.0407 -0.0208 1.6409 0.0407 -0.0283 1.6426 0.0453 -0.0295 1.6359 0.0443 -0.0267 1.6430 0.0634 -0.0256 1.6444 0.0446 -0.0265 1.6451 0.0472 -0.0222 1.6449 0.0436 -0.0300 1.6414 0.0759 -0.0315 1.6354 0.0731 -0.0348 1.6357 0.0716 -0.0366 1.6396 0.0705 -0.0307 1.6206 0.0683 -0.0314 1.6229 0.0692 -0.0282 1.6226 0.0711 -0.0242 1.6433 0.0769 -0.0241 1.6227 0.0736 -0.0215 1.6244 0.0763 -0.0248 1.6267 0.0736 -0.0326 1.6202 0.0649 -0.0340 1.6232 0.0668 -0.0331 1.6200 0.0615 -0.0348 1.6231 0.0609 -0.0310 1.6170 0.0602 -0.0311 1.6176 0.0547 -0.0285 1.6196 0.0422 -0.0249 1.6266 0.0397 -0.0258 1.6197 0.0405 -0.0186 1.6308 0.0741 -0.0186 1.6259 0.0630 -0.0186 1.6251 0.0448 -0.0188 1.6196 0.0492 -0.0185 1.6197 0.0524 -0.0173 1.6223 0.0570 -0.0176 1.6223 0.0625 -0.0188 1.6193 0.0618 -0.0259 1.6422 0.0426 -0.0241 1.6366 0.0397 -0.0228 1.6470 0.0521 -0.0274 1.6444 0.0510 -0.0314 1.6254 0.0450 -0.0342 1.6336 0.0529 -0.0332 1.6285 0.0506 -0.0325 1.6290 0.0472 -0.0344 1.6382 0.0549 -0.0313 1.6176 0.0481 -0.0324 1.6239 0.0498 -0.0324 1.6215 0.0543 -0.0331 1.6249 0.0541 -0.0351 1.6272 0.0573 -0.0331 1.6252 0.0691 -0.0290 1.6258 0.0713 -0.0311 1.6315 0.0717 -0.0247 1.6381 0.0755 -0.0212 1.6339 0.0776 -0.0328 1.6201 0.0632 -0.0347 1.6307 0.0701 -0.0326 1.6343 0.0482 -0.0147 1.6483 0.0651 -0.0181 1.6474 0.0581 -0.0242 1.6149 0.0418 -0.0141 1.6455 0.0423 -0.0184 1.6428 0.0795 -0.0241 1.6176 0.0616 -0.0171 1.6223 0.0529 -0.0180 1.6193 0.0560 -0.0016 1.6125 0.0924 -0.0092 1.6089 0.0912 -0.0177 1.6099 0.0823 -0.0191 1.6062 0.0764 -0.0224 1.6067 0.0786 -0.0138 1.6092 0.0837 -0.0126 1.6092 0.0880 -0.0145 1.6090 0.0903 -0.0165 1.6066 0.0910 -0.0202 1.6107 0.0724 -0.0243 1.6090 0.0732 -0.0200 1.6163 0.0640 -0.0257 1.6136 0.0634 -0.0214 1.6081 0.0531 -0.0218 1.6129 0.0529 -0.0293 1.6069 0.0526 -0.0258 1.6107 0.0587 -0.0256 1.6045 0.0500 -0.0300 1.6117 0.0447 -0.0198 1.6064 0.0654 -0.0231 1.6047 0.0512 -0.0063 1.6167 0.0757 -0.0008 1.6170 0.0635 -0.0057 1.6178 0.0633 -0.0060 1.6185 0.0697 -0.0028 1.6181 0.0632 -0.0105 1.6217 0.0829 -0.0081 1.6433 0.0974 -0.0209 1.6183 0.0408 -0.0228 1.6375 0.0370 -0.0252 1.6266 0.0371 -0.0329 1.6433 0.0595 -0.0282 1.6452 0.0480 -0.0092 1.6575 0.0830 -0.0325 1.6231 0.0445 -0.0268 1.6185 0.0751 -0.0383 1.6267 0.0706 -0.0315 1.6317 0.0755 -0.0192 1.6127 0.0885 -0.0197 1.6175 0.0849 -0.0182 1.6339 0.0834 -0.0193 1.6314 0.0824 -0.0296 1.6433 0.0806 -0.0131 1.6428 0.0872 -0.0142 1.6127 0.0910 -0.0175 1.6095 0.0904 -0.0099 1.6121 0.0918 -0.0155 1.6285 0.0860 -0.0176 1.6278 0.0841 -0.0288 1.6253 0.0750 -0.0281 1.6142 0.0713 -0.0315 1.6417 0.0788 -0.0319 1.6362 0.0771 -0.0337 1.6411 0.0792 -0.0378 1.6376 0.0592 -0.0123 1.6467 0.0758 -0.0235 1.6337 0.0784 -0.0215 1.6124 0.0393 -0.0269 1.6129 0.0381 -0.0028 1.6194 0.0698 -0.0003 1.6202 0.0631 -0.0001 1.6233 0.0758 -0.0016 1.6172 0.0753 -0.0044 1.6168 0.0720 -0.0002 1.6196 0.0851 -0.0102 1.6221 0.0901 -0.0212 1.6038 0.0574 -0.0182 1.6076 0.0605 -0.0319 1.6159 0.0479 -0.0310 1.6148 0.0651 -0.0121 1.6123 0.0913 -0.0178 1.6129 0.0896 -0.0213 1.6272 0.0808 -0.0102 1.6450 0.0927 -0.0119 1.6407 0.0904 -0.0211 1.6239 0.0819 -0.0309 1.6134 0.0540 -0.0315 1.6159 0.0551 -0.0142 1.6155 0.0671 -0.0001 1.6146 0.0861 -0.0010 1.6226 0.0930 -0.0250 1.6439 0.0405 -0.0225 1.6475 0.0586 -0.0397 1.6232 0.0653 -0.0145 1.6349 0.0869 -0.0340 1.6283 0.0494 -0.0281 1.6262 0.0394 -0.0099 1.6441 0.0920 -0.0101 1.6221 0.0871 -0.0119 1.6176 0.0658 -0.0191 1.6092 0.0560 -0.0233 1.6100 0.0454 -0.0262 1.6079 0.0492 -0.0191 1.6158 0.0644 -0.0207 1.6102 0.0742 -0.0122 1.6081 0.0870 -0.0186 1.6097 0.0829 -0.0187 1.6263 0.0765 -0.0256 1.6441 0.0677 -0.0251 1.6445 0.0660 -0.0318 1.6419 0.0577 -0.0269 1.6441 0.0569 -0.0338 1.6282 0.0539 -0.0181 1.6479 0.0532 -0.0238 1.6442 0.0731 -0.0221 1.6468 0.0473 -0.0183 1.6470 0.0478 -0.0284 1.6266 0.0417 -0.0222 1.6396 0.0782 -0.0374 1.6356 0.0615 -0.0308 1.6166 0.0630 -0.0254 1.6082 0.0585 -0.0239 1.6061 0.0711 -0.0086 1.6170 0.0728 -0.0056 1.6139 0.0797 -0.0122 1.6171 0.0573 -0.0033 1.6218 0.0871 -0.0182 1.6473 0.0741 -0.0310 1.6255 0.0422 -0.0281 1.6451 0.0648 -0.0247 1.6463 0.0648 -0.0161 1.6485 0.0677 -0.0191 1.6479 0.0670 -0.0240 1.6056 0.0801 -0.0105 1.6404 0.0870 -0.0050 1.6095 0.0958 -0.0185 1.6060 0.0646 -0.0005 1.6177 0.0562 -0.0010 1.6172 0.0711 -0.0043 1.6168 0.0642 -0.0083 1.6172 0.0650 -0.0073 1.6165 0.0567 -0.0064 1.6193 0.0758 -0.0155 1.6460 0.0420 -0.0123 1.6502 0.0641 -0.0214 1.6467 0.0730 -0.0223 1.6460 0.0772 -0.0135 1.6230 0.0797 -0.0158 1.6416 0.0800 -0.0264 1.6372 0.0393 -0.0359 1.6308 0.0736 -0.0302 1.6308 0.0420 -0.0073 1.6206 0.0817 -0.0075 1.6210 0.0869 -0.0056 1.6174 0.0565 -0.0142 1.6214 0.0579 -0.0169 1.6061 0.0841 -0.0093 1.6073 0.0874 -0.0102 1.6091 0.0907 -0.0053 1.6071 0.0918 -0.0282 1.6107 0.0496 -0.0212 1.6112 0.0541 -0.0189 1.6152 0.0648 -0.0213 1.6105 0.0721 -0.0180 1.6066 0.0732 -0.0148 1.6189 0.0865 -0.0168 1.6101 0.0849 -0.0157 1.6098 0.0841 -0.0227 1.6083 0.0800 -0.0071 1.6133 0.0884 -0.0078 1.6134 0.0887 -0.0090 1.6090 0.0874 -0.0063 1.6068 0.0891 -0.0106 1.6081 0.0903 -0.0065 1.6058 0.0895 -0.0021 1.6147 0.0901 -0.0015 1.6146 0.0900 -0.0003 1.6089 0.0926 -0.0040 1.6110 0.0909 -0.0041 1.6107 0.0902 -0.0027 1.6129 0.0930 -0.0012 1.6080 0.0899 -0.0047 1.6073 0.0898 -0.0040 1.6088 0.0947 -0.0003 1.6078 0.0926 -0.0301 1.6307 0.0438 -0.0189 1.6468 0.0612 -0.0239 1.6454 0.0576 -0.0242 1.6451 0.0610 -0.0242 1.6181 0.0552 -0.0246 1.6182 0.0498 -0.0142 1.6489 0.0624 -0.0226 1.6450 0.0684 -0.0205 1.6452 0.0705 -0.0271 1.6364 0.0416 -0.0357 1.6320 0.0571 -0.0300 1.6183 0.0675 -0.0361 1.6367 0.0581 -0.0219 1.6454 0.0665 -0.0281 1.6313 0.0414 -0.0283 1.6423 0.0711 -0.0189 1.6462 0.0657 -0.0103 1.6185 0.0572 -0.0104 1.6185 0.0639 -0.0106 1.6195 0.0708 -0.0105 1.6407 0.0837 -0.0373 1.6323 0.0580 -0.0241 1.6318 0.0368 -0.0277 1.6315 0.0391 -0.0168 1.6071 0.0712 -0.0091 1.6495 0.0867 -0.0104 1.6211 0.0800 -0.0103 1.6203 0.0764 -0.0385 1.6305 0.0723 -0.0252 1.6316 0.0394 -0.0226 1.6304 0.0390" />
                  </IndexedFaceSet>
                </Shape>
                <Shape>
                  <Appearance USE="Bone" />
                  <IndexedFaceSet coordIndex="15 16 2 -1 6 17 19 -1 20 17 5 -1 17 4 5 -1 22 1 0 -1 22 28 25 -1 19 3 6 -1 24 22 25 -1 15 1 22 -1 24 25 3 -1 8 22 0 -1 14 13 17 -1 0 10 15 -1 1 10 12 -1 18 19 17 -1 2 8 0 -1 1 12 0 -1 1 9 10 -1 0 12 10 -1 17 20 14 -1 7 4 6 -1 8 20 22 -1 31 3 19 -1 15 22 30 -1 15 23 1 -1 29 22 24 -1 9 27 11 -1 22 29 18 -1 9 1 23 -1 19 18 24 -1 17 6 4 -1 10 9 11 -1 0 15 2 -1 6 4 7 -1 9 11 27 -1 10 11 9 -1 22 20 33 -1 24 3 31 -1 34 10 9 -1 15 34 23 -1 27 9 21 -1 3 26 6 -1 9 23 34 -1 22 13 30 -1 22 18 13 -1 31 19 24 -1 26 3 28 -1 24 18 29 -1 2 20 8 -1 20 2 14 -1 18 17 13 -1 2 13 14 -1 2 16 13 -1 9 27 21 -1 30 13 32 -1 4 28 5 -1 26 28 4 -1 34 15 10 -1 16 32 13 -1 15 32 16 -1 30 32 15 -1 3 25 28 -1 33 5 28 -1 20 5 33 -1 28 22 33 -1 6 26 4 -1" creaseAngle="1.571">
                    <Coordinate point="0.0024 1.6606 0.0912 0.0024 1.6596 0.0918 0.0001 1.6625 0.0899 0.0039 1.6696 0.0841 -0.0007 1.6688 0.0831 -0.0010 1.6661 0.0843 0.0012 1.6706 0.0838 -0.0016 1.6716 0.0829 -0.0002 1.6601 0.0880 0.0038 1.6563 0.0946 0.0029 1.6579 0.0942 0.0014 1.6564 0.0973 0.0025 1.6582 0.0943 0.0022 1.6640 0.0882 0.0002 1.6645 0.0880 0.0033 1.6604 0.0911 0.0019 1.6622 0.0903 0.0001 1.6677 0.0862 0.0029 1.6663 0.0873 0.0030 1.6695 0.0865 -0.0009 1.6638 0.0855 0.0039 1.6521 0.0970 0.0030 1.6639 0.0866 0.0043 1.6581 0.0924 0.0050 1.6675 0.0860 0.0046 1.6678 0.0855 0.0011 1.6702 0.0837 0.0028 1.6549 0.0967 0.0018 1.6666 0.0852 0.0038 1.6643 0.0865 0.0043 1.6626 0.0876 0.0050 1.6680 0.0857 0.0032 1.6628 0.0888 0.0010 1.6644 0.0860 0.0038 1.6584 0.0928" />
                  </IndexedFaceSet>
                </Shape>
                <Shape>
                  <Appearance USE="Bone" />
                  <IndexedFaceSet coordIndex="0 1 2 -1 3 4 5 -1 9 10 11 -1 16 12 17 -1 9 11 5 -1 7 16 6 -1 10 9 15 -1 26 22 3 -1 10 15 14 -1 12 16 13 -1 7 19 20 -1 9 5 25 -1 21 20 19 -1 19 13 7 -1 14 15 25 -1 19 7 28 -1 11 17 3 -1 14 25 4 -1 5 4 25 -1 13 19 18 -1 11 23 17 -1 26 12 13 -1 14 23 10 -1 5 11 3 -1 3 12 26 -1 16 7 13 -1 23 11 10 -1 21 19 20 -1 19 28 27 -1 15 9 25 -1 1 18 19 -1 4 8 14 -1 29 22 8 -1 17 6 16 -1 17 8 6 -1 20 19 7 -1 2 1 0 -1 2 18 1 -1 29 3 22 -1 3 29 8 -1 7 6 22 -1 27 22 2 -1 27 28 22 -1 2 22 26 -1 23 8 17 -1 8 23 14 -1 0 24 1 -1 27 1 19 -1 6 8 22 -1 7 22 28 -1 12 3 17 -1 1 24 0 -1 4 3 8 -1 18 26 13 -1 2 26 18 -1 1 27 2 -1" creaseAngle="1.571">
                    <Coordinate point="-0.0043 1.6521 0.0958 -0.0028 1.6541 0.0969 -0.0035 1.6564 0.0946 -0.0036 1.6633 0.0867 -0.0028 1.6668 0.0871 -0.0051 1.6678 0.0857 0.0002 1.6620 0.0904 0.0000 1.6603 0.0925 -0.0011 1.6645 0.0879 -0.0029 1.6706 0.0835 -0.0015 1.6688 0.0831 -0.0023 1.6667 0.0846 -0.0023 1.6608 0.0899 -0.0031 1.6593 0.0917 0.0001 1.6672 0.0864 0.0005 1.6704 0.0841 -0.0006 1.6600 0.0879 -0.0029 1.6639 0.0860 -0.0033 1.6567 0.0943 -0.0005 1.6575 0.0957 0.0015 1.6580 0.0954 -0.0001 1.6572 0.0965 -0.0028 1.6607 0.0910 -0.0018 1.6663 0.0843 -0.0036 1.6502 0.0972 -0.0030 1.6695 0.0864 -0.0032 1.6597 0.0916 -0.0036 1.6562 0.0949 -0.0029 1.6598 0.0919 -0.0032 1.6628 0.0887" />
                  </IndexedFaceSet>
                </Shape>
                <Shape>
                  <Appearance USE="Bone" />
                  <IndexedFaceSet coordIndex="0 1 2 -1 7 3 8 -1 9 17 10 -1 11 18 10 -1 19 12 13 -1 25 11 10 -1 9 26 17 -1 37 32 38 -1 41 42 39 -1 43 44 45 -1 46 44 43 -1 47 48 38 -1 27 52 28 -1 74 75 76 -1 88 89 90 -1 67 69 105 -1 62 106 107 -1 69 66 102 -1 110 111 62 -1 111 109 62 -1 119 60 61 -1 70 21 20 -1 31 39 42 -1 125 113 126 -1 127 126 114 -1 1 130 2 -1 45 129 131 -1 124 36 7 -1 7 36 3 -1 139 92 140 -1 95 141 96 -1 144 75 74 -1 87 82 85 -1 149 145 150 -1 153 154 155 -1 162 163 151 -1 169 170 151 -1 149 151 161 -1 185 186 187 -1 188 190 191 -1 194 177 178 -1 211 212 210 -1 220 221 222 -1 231 232 233 -1 236 204 205 -1 203 241 207 -1 204 158 244 -1 245 246 247 -1 244 249 204 -1 159 230 233 -1 229 199 227 -1 248 242 241 -1 200 238 253 -1 256 203 207 -1 164 21 70 -1 178 259 260 -1 267 266 0 -1 215 221 271 -1 235 221 215 -1 224 221 190 -1 272 273 140 -1 210 212 275 -1 99 213 219 -1 227 228 229 -1 209 211 210 -1 217 218 86 -1 160 224 277 -1 224 190 278 -1 153 198 270 -1 153 162 198 -1 183 279 196 -1 247 263 198 -1 257 195 184 -1 204 236 251 -1 252 200 253 -1 240 201 251 -1 167 164 242 -1 204 230 159 -1 238 199 230 -1 249 243 285 -1 243 244 158 -1 243 158 148 -1 243 148 157 -1 157 158 208 -1 238 230 204 -1 155 156 159 -1 266 186 0 -1 223 275 212 -1 288 140 273 -1 167 166 165 -1 233 153 155 -1 101 97 98 -1 74 76 73 -1 293 76 75 -1 143 138 142 -1 48 138 38 -1 295 38 138 -1 296 79 139 -1 59 18 11 -1 36 34 3 -1 32 54 46 -1 59 299 126 -1 300 123 301 -1 55 43 122 -1 70 110 71 -1 61 60 98 -1 14 102 66 -1 115 11 12 -1 68 66 112 -1 6 68 112 -1 68 67 108 -1 107 68 62 -1 78 73 76 -1 47 30 49 -1 40 39 29 -1 23 168 309 -1 22 24 23 -1 18 9 10 -1 4 3 7 -1 8 301 7 -1 14 11 104 -1 301 8 310 -1 12 11 14 -1 0 2 136 -1 139 140 312 -1 60 69 100 -1 71 120 65 -1 75 144 91 -1 73 78 77 -1 1 45 130 -1 89 88 48 -1 82 87 78 -1 87 85 97 -1 68 108 62 -1 108 121 62 -1 6 13 68 -1 13 6 112 -1 12 112 115 -1 115 112 66 -1 109 20 23 -1 309 109 23 -1 116 69 118 -1 70 20 110 -1 124 123 133 -1 59 126 127 -1 135 59 11 -1 93 89 48 -1 295 37 38 -1 144 314 142 -1 26 144 74 -1 101 87 97 -1 150 151 149 -1 285 155 154 -1 233 155 159 -1 292 149 151 -1 162 152 151 -1 167 284 166 -1 234 172 188 -1 211 209 213 -1 214 213 209 -1 157 159 156 -1 86 218 99 -1 228 99 219 -1 208 237 205 -1 248 283 242 -1 203 237 208 -1 285 154 153 -1 285 153 249 -1 167 242 284 -1 200 227 199 -1 184 258 257 -1 269 261 262 -1 151 261 281 -1 315 247 198 -1 0 136 267 -1 273 215 316 -1 210 275 169 -1 212 211 276 -1 228 219 229 -1 99 317 213 -1 277 161 160 -1 277 224 278 -1 150 180 262 -1 185 264 186 -1 267 136 266 -1 264 185 265 -1 245 247 315 -1 261 150 262 -1 260 184 178 -1 70 207 164 -1 255 240 250 -1 200 199 238 -1 252 227 200 -1 248 241 203 -1 153 270 249 -1 204 206 205 -1 222 221 224 -1 205 204 157 -1 219 214 229 -1 27 177 194 -1 278 179 189 -1 145 147 146 -1 190 221 191 -1 257 185 187 -1 149 292 151 -1 163 169 151 -1 162 153 232 -1 146 150 145 -1 84 85 82 -1 95 320 141 -1 295 138 143 -1 89 93 79 -1 305 89 79 -1 92 139 79 -1 128 131 129 -1 124 7 123 -1 31 42 134 -1 110 121 71 -1 121 120 71 -1 117 61 98 -1 309 64 109 -1 98 60 101 -1 115 135 11 -1 66 68 72 -1 67 66 69 -1 103 104 25 -1 138 48 88 -1 101 77 87 -1 52 31 28 -1 34 33 295 -1 37 307 32 -1 307 37 33 -1 45 131 43 -1 31 29 39 -1 16 310 8 -1 9 15 26 -1 12 19 13 -1 310 9 301 -1 4 7 3 -1 142 8 143 -1 8 142 16 -1 168 22 321 -1 16 9 310 -1 3 5 8 -1 38 43 35 -1 29 55 40 -1 41 128 297 -1 38 30 47 -1 38 35 30 -1 49 30 29 -1 35 55 30 -1 56 29 30 -1 3 34 5 -1 125 299 98 -1 322 291 136 -1 322 323 291 -1 294 81 86 -1 99 58 85 -1 301 123 7 -1 12 13 112 -1 102 14 104 -1 67 105 116 -1 111 110 20 -1 65 106 63 -1 65 107 106 -1 118 119 66 -1 41 40 122 -1 131 41 122 -1 123 132 133 -1 302 132 123 -1 114 113 298 -1 123 114 302 -1 127 114 300 -1 311 46 54 -1 54 34 36 -1 34 54 33 -1 33 37 295 -1 92 326 327 -1 328 50 53 -1 50 328 51 -1 49 29 308 -1 95 312 94 -1 95 329 312 -1 80 88 90 -1 91 80 313 -1 320 86 83 -1 320 294 86 -1 142 91 144 -1 78 76 293 -1 149 161 277 -1 158 157 148 -1 176 192 178 -1 147 145 149 -1 180 146 181 -1 182 257 183 -1 171 184 195 -1 184 171 175 -1 265 184 330 -1 282 184 265 -1 279 257 187 -1 175 178 184 -1 182 188 172 -1 172 171 173 -1 178 175 176 -1 146 147 189 -1 227 263 318 -1 291 331 136 -1 291 332 331 -1 264 0 186 -1 84 86 99 -1 327 272 140 -1 230 286 233 -1 164 207 241 -1 251 201 204 -1 261 151 150 -1 243 157 156 -1 230 229 286 -1 230 199 229 -1 208 248 203 -1 250 254 236 -1 164 241 242 -1 255 333 202 -1 70 333 255 -1 239 208 204 -1 242 283 284 -1 258 184 257 -1 184 282 185 -1 281 162 151 -1 280 245 334 -1 261 245 281 -1 58 335 290 -1 58 336 335 -1 137 330 297 -1 137 265 330 -1 272 215 273 -1 226 316 271 -1 226 338 316 -1 220 216 226 -1 274 224 160 -1 216 223 289 -1 217 81 287 -1 212 339 289 -1 339 212 276 -1 160 170 169 -1 276 317 319 -1 229 214 286 -1 276 213 317 -1 319 99 218 -1 317 99 319 -1 169 275 160 -1 212 289 223 -1 289 226 216 -1 289 339 226 -1 287 140 288 -1 81 140 287 -1 271 220 226 -1 221 220 271 -1 235 191 221 -1 192 174 193 -1 192 175 174 -1 193 340 337 -1 215 340 193 -1 337 340 326 -1 297 259 134 -1 297 330 259 -1 291 290 335 -1 259 178 27 -1 279 262 196 -1 279 269 262 -1 266 268 187 -1 318 246 332 -1 247 246 318 -1 281 198 162 -1 281 315 198 -1 330 260 259 -1 255 207 70 -1 256 207 255 -1 253 238 204 -1 248 202 283 -1 202 284 283 -1 202 325 284 -1 202 333 325 -1 236 205 237 -1 244 243 249 -1 174 235 215 -1 174 234 235 -1 232 153 233 -1 250 203 256 -1 336 227 318 -1 252 198 263 -1 179 180 189 -1 179 197 180 -1 180 196 262 -1 234 191 235 -1 188 191 234 -1 330 184 260 -1 172 195 182 -1 172 171 195 -1 257 279 183 -1 182 195 257 -1 192 176 175 -1 152 162 151 -1 285 156 155 -1 285 243 156 -1 304 77 101 -1 78 293 82 -1 85 84 99 -1 84 83 86 -1 83 84 82 -1 314 144 26 -1 313 75 91 -1 96 313 80 -1 96 141 313 -1 140 94 312 -1 94 140 81 -1 90 305 96 -1 305 90 89 -1 47 93 48 -1 79 296 305 -1 31 53 50 -1 52 53 31 -1 80 142 138 -1 91 142 80 -1 306 134 27 -1 44 133 132 -1 44 46 133 -1 113 114 126 -1 113 125 323 -1 59 300 18 -1 59 127 300 -1 42 297 134 -1 55 122 40 -1 60 118 69 -1 118 60 119 -1 119 61 117 -1 63 106 64 -1 64 309 63 -1 325 63 309 -1 325 333 63 -1 67 116 324 -1 105 69 116 -1 102 100 69 -1 135 66 119 -1 66 135 115 -1 66 68 14 -1 66 72 68 -1 93 308 79 -1 93 49 308 -1 14 13 303 -1 73 25 26 -1 101 60 100 -1 132 302 130 -1 323 290 291 -1 299 117 98 -1 30 29 56 -1 29 30 55 -1 54 36 311 -1 32 43 38 -1 41 297 42 -1 307 33 32 -1 31 50 29 -1 22 168 24 -1 22 23 20 -1 13 12 303 -1 12 14 303 -1 20 21 22 -1 168 325 309 -1 21 321 22 -1 10 26 25 -1 17 26 10 -1 295 5 34 -1 55 35 43 -1 32 46 43 -1 47 49 93 -1 311 36 124 -1 38 57 35 -1 57 38 35 -1 299 59 117 -1 125 98 341 -1 322 136 2 -1 66 67 68 -1 11 25 104 -1 138 88 80 -1 77 78 87 -1 103 73 77 -1 51 79 308 -1 109 106 62 -1 109 64 106 -1 71 65 63 -1 107 66 68 -1 9 300 301 -1 13 14 68 -1 116 121 324 -1 116 120 121 -1 116 65 120 -1 131 122 43 -1 302 298 322 -1 126 299 125 -1 298 323 322 -1 298 113 323 -1 132 130 44 -1 124 46 311 -1 124 133 46 -1 31 134 306 -1 59 119 117 -1 135 119 59 -1 341 98 58 -1 0 129 1 -1 129 0 137 -1 128 129 137 -1 326 328 337 -1 326 51 328 -1 51 326 79 -1 308 50 51 -1 308 29 50 -1 139 329 296 -1 139 312 329 -1 96 329 95 -1 95 294 320 -1 95 94 294 -1 320 293 141 -1 293 320 83 -1 16 142 15 -1 85 58 97 -1 165 21 164 -1 284 168 166 -1 284 325 168 -1 165 321 21 -1 169 162 232 -1 162 169 163 -1 147 278 189 -1 180 197 179 -1 173 171 172 -1 179 190 183 -1 252 263 227 -1 335 332 291 -1 334 268 266 -1 204 205 206 -1 232 209 169 -1 216 224 274 -1 224 216 222 -1 213 214 219 -1 209 231 214 -1 174 215 193 -1 157 204 159 -1 239 248 208 -1 201 255 202 -1 240 255 201 -1 204 208 158 -1 204 270 253 -1 249 270 204 -1 250 236 237 -1 201 239 204 -1 240 236 254 -1 251 236 240 -1 250 256 255 -1 184 185 257 -1 280 334 331 -1 263 247 318 -1 332 280 331 -1 332 246 280 -1 334 245 268 -1 269 187 268 -1 269 279 187 -1 196 180 179 -1 253 198 252 -1 198 253 270 -1 227 336 58 -1 137 0 264 -1 137 264 265 -1 134 259 27 -1 216 274 223 -1 194 53 52 -1 53 178 192 -1 178 53 194 -1 316 215 271 -1 338 273 316 -1 338 288 273 -1 338 226 225 -1 217 225 342 -1 217 287 225 -1 276 342 339 -1 319 342 276 -1 160 151 170 -1 161 151 160 -1 58 99 228 -1 228 227 58 -1 276 211 213 -1 223 160 275 -1 274 160 223 -1 218 342 319 -1 218 217 342 -1 339 225 226 -1 339 342 225 -1 220 222 216 -1 288 225 287 -1 288 338 225 -1 175 234 174 -1 171 234 175 -1 192 337 53 -1 193 337 192 -1 326 272 327 -1 326 340 272 -1 52 27 194 -1 190 179 278 -1 146 180 150 -1 27 178 177 -1 187 186 266 -1 245 315 281 -1 245 261 268 -1 246 245 280 -1 268 261 269 -1 240 254 250 -1 248 201 202 -1 248 239 201 -1 237 203 250 -1 205 157 208 -1 272 340 215 -1 210 169 209 -1 209 232 231 -1 233 214 231 -1 233 286 214 -1 81 217 86 -1 331 266 136 -1 266 331 334 -1 336 332 335 -1 336 318 332 -1 190 182 183 -1 188 182 190 -1 146 189 181 -1 181 189 180 -1 171 172 234 -1 185 282 265 -1 179 183 196 -1 278 149 277 -1 147 149 278 -1 165 168 321 -1 165 166 168 -1 167 165 164 -1 98 97 58 -1 82 293 83 -1 15 314 26 -1 314 15 142 -1 141 75 313 -1 293 75 141 -1 81 294 94 -1 96 80 90 -1 296 96 305 -1 296 329 96 -1 328 53 337 -1 28 306 27 -1 297 128 137 -1 290 341 58 -1 31 306 28 -1 45 44 130 -1 114 123 300 -1 114 298 302 -1 18 300 9 -1 66 65 118 -1 107 65 66 -1 333 71 63 -1 71 333 70 -1 111 20 109 -1 62 121 110 -1 324 108 67 -1 108 324 121 -1 101 102 304 -1 101 100 102 -1 326 92 79 -1 118 65 116 -1 304 102 104 -1 92 327 140 -1 26 74 73 -1 103 25 73 -1 77 104 103 -1 77 304 104 -1 1 129 45 -1 130 322 2 -1 302 322 130 -1 323 341 290 -1 323 125 341 -1 41 131 128 -1 41 39 40 -1 32 33 54 -1 8 295 143 -1 295 8 5 -1 15 9 16 -1 168 23 24 -1" creaseAngle="1.571">
                    <Coordinate point="0.0017 1.6596 -0.0873 -0.0052 1.6656 -0.0916 -0.0028 1.6524 -0.0829 -0.0488 1.6595 -0.0628 -0.0476 1.6613 -0.0620 -0.0462 1.6628 -0.0713 -0.0330 1.6247 -0.0265 -0.0410 1.6531 -0.0680 -0.0460 1.6513 -0.0614 -0.0425 1.6390 -0.0607 -0.0414 1.6330 -0.0579 -0.0400 1.6240 -0.0470 -0.0387 1.6194 -0.0392 -0.0365 1.6194 -0.0307 -0.0339 1.6195 -0.0440 -0.0403 1.6368 -0.0679 -0.0446 1.6469 -0.0669 -0.0394 1.6342 -0.0666 -0.0361 1.6296 -0.0576 -0.0422 1.6227 -0.0359 -0.0077 1.6214 -0.0095 0.0000 1.6232 -0.0067 -0.0076 1.6262 -0.0024 -0.0120 1.6309 -0.0086 -0.0099 1.6373 -0.0020 -0.0336 1.6270 -0.0649 -0.0361 1.6335 -0.0697 0.0016 1.7066 -0.0962 -0.0055 1.7071 -0.0978 -0.0217 1.6910 -0.0956 -0.0322 1.6851 -0.0896 -0.0119 1.6992 -0.0966 -0.0351 1.6717 -0.0833 -0.0447 1.6726 -0.0773 -0.0455 1.6655 -0.0723 -0.0330 1.6816 -0.0877 -0.0394 1.6628 -0.0735 -0.0375 1.6732 -0.0856 -0.0365 1.6736 -0.0865 -0.0144 1.6886 -0.0973 -0.0173 1.6824 -0.0983 -0.0132 1.6793 -0.0989 -0.0110 1.6884 -0.0977 -0.0244 1.6693 -0.0927 -0.0220 1.6636 -0.0896 -0.0138 1.6627 -0.0899 -0.0285 1.6643 -0.0869 -0.0319 1.6767 -0.0938 -0.0314 1.6666 -0.0919 -0.0258 1.6836 -0.0980 -0.0127 1.6907 -0.1016 -0.0118 1.6812 -0.1035 -0.0012 1.6979 -0.1019 0.0005 1.6890 -0.1034 -0.0361 1.6665 -0.0793 -0.0257 1.6818 -0.0940 -0.0284 1.6917 -0.0916 -0.0383 1.6811 -0.0839 0.0004 1.6292 -0.0648 -0.0278 1.6236 -0.0556 -0.0156 1.6188 -0.0496 -0.0106 1.6207 -0.0532 -0.0205 1.6205 -0.0246 -0.0098 1.6229 -0.0226 -0.0143 1.6284 -0.0197 -0.0128 1.6163 -0.0290 -0.0267 1.6195 -0.0378 -0.0250 1.6156 -0.0320 -0.0268 1.6183 -0.0286 -0.0209 1.6184 -0.0451 -0.0011 1.6176 -0.0206 -0.0076 1.6168 -0.0229 -0.0236 1.6188 -0.0399 -0.0318 1.6304 -0.0714 -0.0332 1.6361 -0.0757 -0.0297 1.6411 -0.0804 -0.0273 1.6346 -0.0789 -0.0214 1.6247 -0.0695 -0.0218 1.6292 -0.0769 -0.0144 1.6705 -0.1026 -0.0281 1.6544 -0.0887 0.0000 1.6457 -0.0930 -0.0141 1.6313 -0.0796 -0.0139 1.6380 -0.0855 0.0002 1.6324 -0.0797 -0.0057 1.6301 -0.0756 -0.0015 1.6388 -0.0857 -0.0173 1.6246 -0.0704 -0.0307 1.6590 -0.0893 -0.0282 1.6647 -0.0938 -0.0260 1.6549 -0.0906 -0.0322 1.6482 -0.0824 -0.0073 1.6654 -0.1028 -0.0249 1.6740 -0.0989 -0.0061 1.6475 -0.0936 -0.0135 1.6484 -0.0934 -0.0197 1.6515 -0.0931 -0.0087 1.6271 -0.0688 -0.0081 1.6241 -0.0588 0.0029 1.6313 -0.0777 -0.0155 1.6174 -0.0513 -0.0156 1.6205 -0.0618 -0.0264 1.6197 -0.0511 -0.0321 1.6264 -0.0659 -0.0317 1.6228 -0.0574 -0.0189 1.6099 -0.0359 -0.0192 1.6261 -0.0234 -0.0217 1.6239 -0.0243 -0.0194 1.6172 -0.0248 -0.0157 1.6250 -0.0141 -0.0077 1.6159 -0.0213 -0.0153 1.6230 -0.0146 -0.0330 1.6196 -0.0338 -0.0142 1.6321 -0.0760 -0.0195 1.6386 -0.0811 -0.0306 1.6222 -0.0413 -0.0164 1.6118 -0.0354 -0.0165 1.6235 -0.0537 -0.0160 1.6187 -0.0393 -0.0175 1.6207 -0.0489 -0.0119 1.6081 -0.0284 -0.0126 1.6132 -0.0233 -0.0192 1.6768 -0.0977 -0.0282 1.6423 -0.0780 -0.0356 1.6571 -0.0751 -0.0100 1.6300 -0.0694 -0.0157 1.6299 -0.0737 -0.0245 1.6279 -0.0687 -0.0062 1.6735 -0.0950 -0.0076 1.6668 -0.0920 -0.0146 1.6581 -0.0866 -0.0107 1.6687 -0.0940 -0.0217 1.6547 -0.0837 -0.0293 1.6558 -0.0805 -0.0014 1.6927 -0.0945 -0.0290 1.6232 -0.0483 0.0015 1.6484 -0.0808 0.0002 1.6707 -0.0915 -0.0372 1.6586 -0.0817 -0.0065 1.6595 -0.1004 0.0000 1.6567 -0.1004 -0.0199 1.6445 -0.0880 -0.0402 1.6491 -0.0750 -0.0435 1.6553 -0.0721 -0.0331 1.6422 -0.0788 0.0483 1.6598 -0.0634 0.0467 1.6618 -0.0632 0.0470 1.6621 -0.0713 0.0332 1.6253 -0.0267 0.0460 1.6513 -0.0614 0.0410 1.6531 -0.0680 0.0424 1.6420 -0.0623 0.0426 1.6357 -0.0555 0.0407 1.6271 -0.0522 0.0389 1.6227 -0.0454 0.0400 1.6239 -0.0458 0.0399 1.6199 -0.0372 0.0377 1.6195 -0.0316 0.0343 1.6240 -0.0253 0.0312 1.6188 -0.0418 0.0391 1.6486 -0.0763 0.0443 1.6480 -0.0682 0.0380 1.6312 -0.0599 0.0399 1.6328 -0.0622 0.0094 1.6222 -0.0087 0.0071 1.6264 -0.0021 0.0072 1.6355 -0.0045 0.0120 1.6309 -0.0086 -0.0023 1.6339 -0.0059 0.0358 1.6337 -0.0703 0.0399 1.6370 -0.0692 0.0257 1.6864 -0.0954 0.0317 1.6848 -0.0907 0.0276 1.6908 -0.0928 0.0184 1.6813 -0.1020 0.0221 1.6909 -0.0958 0.0204 1.6926 -0.0954 0.0091 1.7035 -0.0954 0.0118 1.6968 -0.0975 0.0411 1.6741 -0.0790 0.0407 1.6656 -0.0724 0.0415 1.6675 -0.0722 0.0354 1.6824 -0.0860 0.0351 1.6722 -0.0839 0.0138 1.6840 -0.0989 0.0108 1.6692 -0.0942 0.0138 1.6627 -0.0899 0.0220 1.6636 -0.0896 0.0333 1.6807 -0.0925 0.0462 1.6692 -0.0764 0.0365 1.6734 -0.0875 0.0310 1.6740 -0.0945 0.0134 1.6903 -0.1015 0.0118 1.6812 -0.1035 0.0025 1.6981 -0.1020 0.0260 1.6792 -0.0943 0.0362 1.6659 -0.0789 0.0417 1.6699 -0.0726 0.0278 1.6236 -0.0556 0.0168 1.6181 -0.0538 0.0106 1.6207 -0.0532 0.0147 1.6192 -0.0279 0.0085 1.6223 -0.0220 0.0164 1.6159 -0.0234 0.0202 1.6187 -0.0397 0.0242 1.6154 -0.0327 0.0220 1.6180 -0.0414 0.0079 1.6184 -0.0174 0.0256 1.6194 -0.0274 0.0318 1.6304 -0.0714 0.0332 1.6361 -0.0757 0.0273 1.6346 -0.0789 0.0297 1.6411 -0.0804 0.0202 1.6315 -0.0790 0.0214 1.6247 -0.0695 0.0144 1.6705 -0.1026 0.0281 1.6544 -0.0887 0.0039 1.6431 -0.0891 0.0030 1.6389 -0.0859 0.0173 1.6246 -0.0704 0.0260 1.6549 -0.0906 0.0282 1.6647 -0.0938 0.0307 1.6590 -0.0893 0.0322 1.6482 -0.0824 0.0376 1.6603 -0.0820 0.0135 1.6484 -0.0934 0.0197 1.6515 -0.0931 0.0081 1.6241 -0.0588 0.0087 1.6271 -0.0688 0.0156 1.6205 -0.0618 0.0264 1.6197 -0.0511 0.0321 1.6264 -0.0659 0.0339 1.6272 -0.0647 0.0317 1.6228 -0.0574 0.0258 1.6836 -0.0980 0.0249 1.6740 -0.0989 0.0189 1.6099 -0.0359 0.0210 1.6117 -0.0278 0.0173 1.6190 -0.0481 0.0189 1.6221 -0.0312 0.0105 1.6122 -0.0281 0.0153 1.6230 -0.0146 0.0157 1.6250 -0.0141 0.0356 1.6197 -0.0355 0.0271 1.6207 -0.0354 0.0199 1.6370 -0.0800 0.0126 1.6344 -0.0783 0.0163 1.6293 -0.0730 0.0200 1.6256 -0.0226 0.0301 1.6227 -0.0419 0.0148 1.6121 -0.0236 0.0137 1.6136 -0.0340 0.0165 1.6235 -0.0537 0.0174 1.6206 -0.0483 0.0135 1.6073 -0.0303 0.0081 1.6191 -0.0216 0.0077 1.6159 -0.0213 0.0244 1.6693 -0.0927 0.0215 1.6754 -0.0970 0.0027 1.6930 -0.0943 0.0089 1.6873 -0.0976 0.0282 1.6423 -0.0780 0.0356 1.6571 -0.0751 0.0166 1.6252 -0.0616 0.0077 1.6678 -0.0924 0.0062 1.6735 -0.0950 0.0146 1.6581 -0.0866 0.0046 1.6555 -0.0840 0.0212 1.6521 -0.0838 0.0293 1.6558 -0.0805 0.0290 1.6232 -0.0483 0.0195 1.6615 -0.0982 0.0073 1.6654 -0.1028 0.0065 1.6595 -0.1004 0.0380 1.6511 -0.0780 0.0331 1.6422 -0.0788 0.0202 1.6349 -0.0817 0.0435 1.6553 -0.0721 0.0421 1.6624 -0.0778 0.0285 1.6643 -0.0869 0.0122 1.6415 -0.0836 0.0296 1.6372 -0.0741 0.0124 1.6762 -0.0987 0.0143 1.6284 -0.0197 0.0057 1.6287 -0.0130 0.0347 1.6205 -0.0390 0.0238 1.6211 -0.0606 0.0061 1.6475 -0.0936 0.0064 1.6533 -0.0972 0.0262 1.6462 -0.0854 0.0001 1.6340 -0.0671 0.0000 1.6402 -0.0738 0.0448 1.6488 -0.0598 -0.0205 1.6360 -0.0826 -0.0039 1.6431 -0.0891 -0.0421 1.6624 -0.0778 -0.0129 1.6602 -0.0997 -0.0010 1.6836 -0.0964 -0.0122 1.6415 -0.0836 -0.0166 1.6252 -0.0616 -0.0296 1.6372 -0.0741 -0.0421 1.6446 -0.0634 -0.0182 1.6491 -0.0846 -0.0402 1.6175 -0.0389 -0.0238 1.6211 -0.0606 -0.0195 1.6615 -0.0982 -0.0047 1.6990 -0.0946 -0.0427 1.6732 -0.0778 -0.0184 1.6813 -0.1020 -0.0063 1.6286 -0.0131 -0.0448 1.6488 -0.0598 -0.0348 1.6653 -0.0804 -0.0064 1.6533 -0.0972 -0.0262 1.6462 -0.0854 -0.0391 1.6486 -0.0763 0.0245 1.6279 -0.0687 0.0129 1.6602 -0.0997 0.0140 1.6328 -0.0815 0.0100 1.6300 -0.0694 0.0139 1.6380 -0.0855 -0.0137 1.6438 -0.0890 0.0000 1.6257 -0.0039 -0.0073 1.6448 -0.0830 -0.0067 1.6348 -0.0748 -0.0202 1.6096 -0.0294 0.0012 1.6286 -0.0120 -0.0014 1.6725 -0.1042 0.0000 1.6660 -0.1036 -0.0023 1.6809 -0.1043 -0.0132 1.6538 -0.0967 0.0024 1.6838 -0.0961 0.0073 1.6448 -0.0830 0.0067 1.6348 -0.0748 0.0000 1.6232 -0.0177 0.0157 1.6488 -0.0853 0.0003 1.6341 -0.0681 0.0042 1.6294 -0.0638 0.0012 1.6810 -0.1041 0.0132 1.6538 -0.0967 0.0199 1.6445 -0.0880 0.0028 1.6724 -0.1044 -0.0035 1.6289 -0.0659 0.0137 1.6438 -0.0890" />
                  </IndexedFaceSet>
                </Shape>
                <Shape>
                  <Appearance USE="Bone" />
                  <IndexedFaceSet coordIndex="21 7 22 -1 3 24 22 -1 16 6 5 -1 12 17 15 -1 23 13 0 -1 15 14 23 -1 5 10 4 -1 1 8 26 -1 8 9 25 -1 16 5 4 -1 17 16 15 -1 2 7 8 -1 6 0 20 -1 29 0 3 -1 6 17 23 -1 1 27 8 -1 17 6 16 -1 0 13 10 -1 13 16 10 -1 32 1 8 -1 31 20 3 -1 16 14 15 -1 20 24 3 -1 19 26 18 -1 26 18 1 -1 3 2 29 -1 9 8 28 -1 29 2 8 -1 12 15 23 -1 23 0 11 -1 9 28 25 -1 26 8 18 -1 22 24 21 -1 18 30 19 -1 4 10 16 -1 0 1 32 -1 29 8 27 -1 6 23 0 -1 3 7 2 -1 10 31 0 -1 5 31 10 -1 0 31 3 -1 20 31 5 -1 0 24 20 -1 21 32 8 -1 25 28 8 -1 8 7 21 -1 3 22 7 -1 32 24 0 -1 24 32 21 -1 27 0 29 -1 26 30 18 -1 5 6 20 -1 23 11 0 -1 30 26 19 -1 23 17 12 -1 1 0 27 -1 13 23 14 -1 1 18 8 -1 16 13 14 -1" creaseAngle="1.571">
                    <Coordinate point="0.0129 1.6259 0.0462 0.0119 1.6324 0.0382 0.0130 1.6344 0.0490 0.0142 1.6292 0.0538 0.0050 1.6165 0.0478 0.0124 1.6177 0.0519 0.0153 1.6201 0.0494 0.0131 1.6347 0.0491 0.0126 1.6382 0.0429 0.0112 1.6431 0.0434 0.0118 1.6201 0.0452 0.0138 1.6272 0.0411 0.0212 1.6158 0.0392 0.0122 1.6205 0.0433 0.0147 1.6167 0.0410 0.0174 1.6141 0.0424 0.0146 1.6161 0.0458 0.0184 1.6180 0.0440 0.0090 1.6381 0.0329 0.0063 1.6423 0.0320 0.0139 1.6252 0.0519 0.0137 1.6338 0.0450 0.0136 1.6308 0.0530 0.0174 1.6218 0.0424 0.0133 1.6295 0.0482 0.0086 1.6434 0.0385 0.0091 1.6377 0.0324 0.0119 1.6314 0.0406 0.0125 1.6430 0.0391 0.0129 1.6335 0.0450 0.0077 1.6402 0.0275 0.0139 1.6247 0.0532 0.0125 1.6321 0.0397" />
                  </IndexedFaceSet>
                </Shape>
                <Shape>
                  <Appearance USE="Bone" />
                  <IndexedFaceSet coordIndex="2 3 0 -1 0 15 14 -1 21 22 23 -1 25 11 4 -1 31 27 0 -1 24 11 5 -1 21 2 33 -1 21 32 35 -1 16 20 17 -1 34 0 1 -1 17 18 16 -1 34 1 18 -1 13 39 2 -1 36 2 26 -1 28 13 29 -1 17 20 31 -1 21 33 22 -1 2 35 32 -1 27 20 19 -1 14 8 19 -1 34 31 0 -1 11 24 37 -1 24 12 37 -1 19 16 18 -1 3 35 15 -1 28 29 30 -1 32 21 33 -1 37 4 11 -1 4 37 38 -1 36 26 13 -1 2 36 13 -1 20 16 19 -1 19 8 9 -1 33 2 32 -1 8 14 9 -1 3 21 35 -1 11 25 5 -1 15 0 3 -1 1 0 14 -1 1 14 18 -1 10 26 4 -1 14 19 18 -1 21 3 2 -1 30 13 28 -1 2 4 26 -1 34 18 17 -1 33 23 22 -1 14 15 38 -1 37 14 38 -1 14 37 9 -1 10 29 13 -1 29 10 2 -1 7 6 8 -1 37 12 9 -1 24 0 27 -1 24 25 0 -1 39 29 2 -1 27 9 12 -1 10 13 26 -1 25 2 0 -1 4 2 25 -1 5 25 24 -1 35 38 15 -1 4 38 35 -1 23 33 21 -1 13 29 39 -1 30 29 13 -1 9 27 19 -1 8 6 7 -1 20 27 31 -1 2 4 35 -1 10 4 2 -1 24 27 12 -1 31 34 17 -1" creaseAngle="1.571">
                    <Coordinate point="-0.0148 1.6278 0.0392 -0.0138 1.6240 0.0428 -0.0124 1.6357 0.0398 -0.0120 1.6316 0.0381 -0.0135 1.6335 0.0473 -0.0142 1.6296 0.0535 -0.0015 1.6171 0.0492 -0.0008 1.6175 0.0435 -0.0067 1.6164 0.0472 -0.0122 1.6190 0.0508 -0.0128 1.6367 0.0443 -0.0133 1.6333 0.0497 -0.0150 1.6208 0.0527 -0.0117 1.6429 0.0417 -0.0114 1.6203 0.0446 -0.0107 1.6252 0.0432 -0.0178 1.6139 0.0417 -0.0203 1.6176 0.0401 -0.0144 1.6167 0.0408 -0.0138 1.6161 0.0456 -0.0184 1.6180 0.0440 -0.0090 1.6381 0.0329 -0.0063 1.6423 0.0320 -0.0077 1.6402 0.0275 -0.0137 1.6261 0.0517 -0.0133 1.6297 0.0480 -0.0128 1.6383 0.0444 -0.0160 1.6229 0.0447 -0.0088 1.6448 0.0403 -0.0097 1.6424 0.0376 -0.0119 1.6454 0.0425 -0.0173 1.6223 0.0426 -0.0106 1.6351 0.0353 -0.0091 1.6377 0.0324 -0.0181 1.6221 0.0414 -0.0118 1.6314 0.0389 -0.0127 1.6438 0.0412 -0.0134 1.6264 0.0529 -0.0116 1.6268 0.0472 -0.0124 1.6453 0.0417" />
                  </IndexedFaceSet>
                </Shape>
                <Shape>
                  <Appearance USE="Bone" />
                  <IndexedFaceSet coordIndex="11 7 12 -1 14 15 16 -1 27 32 25 -1 68 69 70 -1 71 72 73 -1 54 18 43 -1 49 74 83 -1 86 59 87 -1 82 77 93 -1 78 94 95 -1 87 80 81 -1 51 86 87 -1 97 80 98 -1 13 99 100 -1 20 19 14 -1 67 103 101 -1 128 130 129 -1 114 132 133 -1 116 122 115 -1 117 135 126 -1 24 143 144 -1 137 145 146 -1 129 109 139 -1 155 156 157 -1 158 156 159 -1 151 152 160 -1 164 165 162 -1 167 154 168 -1 173 174 175 -1 168 187 167 -1 172 189 190 -1 172 169 188 -1 194 55 47 -1 162 193 164 -1 200 131 201 -1 134 131 196 -1 157 195 160 -1 200 187 206 -1 156 202 192 -1 199 209 177 -1 210 195 192 -1 153 206 154 -1 187 168 154 -1 195 210 192 -1 46 47 55 -1 176 181 215 -1 216 161 217 -1 169 163 180 -1 184 221 181 -1 161 158 159 -1 155 160 152 -1 155 159 156 -1 112 150 224 -1 146 136 137 -1 136 144 70 -1 123 115 120 -1 113 111 228 -1 110 123 111 -1 204 129 130 -1 40 229 230 -1 114 231 223 -1 26 140 232 -1 236 237 238 -1 138 77 82 -1 68 70 72 -1 71 73 240 -1 65 245 63 -1 58 44 57 -1 251 13 17 -1 34 22 23 -1 25 33 23 -1 0 1 2 -1 5 4 18 -1 5 8 9 -1 9 6 5 -1 9 4 5 -1 27 25 24 -1 34 21 22 -1 54 56 53 -1 43 9 250 -1 65 79 245 -1 260 238 103 -1 40 30 3 -1 262 230 223 -1 232 140 132 -1 201 129 204 -1 114 261 263 -1 225 24 144 -1 145 137 264 -1 152 151 155 -1 159 155 151 -1 172 171 169 -1 175 174 189 -1 220 265 180 -1 164 220 180 -1 181 211 215 -1 179 177 176 -1 169 180 191 -1 217 167 216 -1 192 196 195 -1 199 177 187 -1 185 158 161 -1 192 195 156 -1 200 196 131 -1 197 195 196 -1 153 151 197 -1 191 221 184 -1 193 55 164 -1 163 165 180 -1 178 215 211 -1 165 164 180 -1 178 179 176 -1 173 175 176 -1 190 171 172 -1 55 166 164 -1 163 162 165 -1 145 139 226 -1 229 227 223 -1 133 150 112 -1 205 64 213 -1 126 135 122 -1 227 114 223 -1 238 277 103 -1 236 238 278 -1 279 246 236 -1 78 95 68 -1 86 61 48 -1 44 58 5 -1 86 48 59 -1 281 51 74 -1 16 17 13 -1 18 44 5 -1 150 141 149 -1 5 62 12 -1 21 23 22 -1 271 255 225 -1 118 28 271 -1 118 2 28 -1 255 28 29 -1 29 284 27 -1 0 3 30 -1 25 32 33 -1 42 34 92 -1 42 21 34 -1 34 252 92 -1 105 13 251 -1 8 249 9 -1 13 105 249 -1 17 15 45 -1 275 51 74 -1 15 17 16 -1 67 77 78 -1 93 77 67 -1 46 59 48 -1 257 43 104 -1 257 54 43 -1 244 104 259 -1 244 257 104 -1 51 87 81 -1 7 10 249 -1 75 61 275 -1 53 56 57 -1 84 90 48 -1 242 46 48 -1 79 65 82 -1 78 66 67 -1 68 66 78 -1 241 21 240 -1 241 23 21 -1 213 63 214 -1 64 63 213 -1 245 79 285 -1 258 286 246 -1 81 286 258 -1 59 282 98 -1 279 12 246 -1 286 237 236 -1 287 237 286 -1 288 97 289 -1 239 97 288 -1 237 277 238 -1 237 290 277 -1 278 260 102 -1 238 260 278 -1 291 292 293 -1 239 292 291 -1 292 235 285 -1 292 234 235 -1 243 75 76 -1 243 60 75 -1 294 247 248 -1 247 294 76 -1 295 296 297 -1 296 295 268 -1 298 299 300 -1 298 301 299 -1 302 248 303 -1 294 248 302 -1 304 305 306 -1 304 307 305 -1 306 308 309 -1 308 306 305 -1 308 256 38 -1 310 256 308 -1 233 92 91 -1 92 233 35 -1 311 306 312 -1 306 311 304 -1 311 313 314 -1 313 311 315 -1 116 109 108 -1 114 133 112 -1 133 140 150 -1 132 140 133 -1 40 132 229 -1 108 272 124 -1 119 108 131 -1 232 132 26 -1 148 26 118 -1 108 124 116 -1 261 120 263 -1 316 204 130 -1 205 204 316 -1 273 134 208 -1 272 134 273 -1 120 117 126 -1 113 228 111 -1 317 136 146 -1 317 144 136 -1 317 225 144 -1 27 24 225 -1 284 41 27 -1 29 41 284 -1 29 39 41 -1 95 264 137 -1 94 264 95 -1 147 142 128 -1 226 146 145 -1 149 317 150 -1 149 225 317 -1 270 92 252 -1 92 270 91 -1 41 230 262 -1 41 39 230 -1 315 318 313 -1 315 319 318 -1 320 321 319 -1 322 321 320 -1 322 127 321 -1 322 121 127 -1 186 323 267 -1 216 185 161 -1 218 219 186 -1 185 167 218 -1 216 167 185 -1 161 167 217 -1 167 161 154 -1 219 218 167 -1 176 215 178 -1 181 175 183 -1 269 172 188 -1 198 324 325 -1 198 211 324 -1 220 266 265 -1 220 164 266 -1 326 174 327 -1 174 326 171 -1 170 171 326 -1 182 328 329 -1 328 182 221 -1 265 212 268 -1 212 265 266 -1 181 221 182 -1 187 154 206 -1 151 195 197 -1 185 207 158 -1 192 134 196 -1 203 202 158 -1 197 200 206 -1 197 196 200 -1 207 267 208 -1 186 267 207 -1 199 205 209 -1 192 202 134 -1 160 155 157 -1 134 202 203 -1 157 156 195 -1 151 160 195 -1 191 265 222 -1 191 180 265 -1 162 85 193 -1 214 330 213 -1 330 214 331 -1 173 327 174 -1 327 173 331 -1 166 55 47 -1 198 178 211 -1 269 188 184 -1 178 177 179 -1 184 181 183 -1 177 173 176 -1 118 3 0 -1 118 26 40 -1 332 121 322 -1 332 333 121 -1 319 334 318 -1 321 334 319 -1 335 319 315 -1 335 320 319 -1 254 39 29 -1 252 336 270 -1 253 336 252 -1 147 129 139 -1 147 128 129 -1 142 147 264 -1 142 138 96 -1 33 252 23 -1 252 32 253 -1 33 32 252 -1 39 40 230 -1 70 144 143 -1 138 142 94 -1 107 108 116 -1 125 272 273 -1 124 272 125 -1 108 109 129 -1 316 64 205 -1 115 122 135 -1 116 115 109 -1 121 126 127 -1 121 120 126 -1 321 125 334 -1 321 127 125 -1 337 323 325 -1 323 337 338 -1 231 263 223 -1 114 263 231 -1 229 114 227 -1 229 132 114 -1 113 114 111 -1 111 112 110 -1 315 312 335 -1 315 311 312 -1 314 304 311 -1 304 314 300 -1 36 35 233 -1 250 9 249 -1 38 309 308 -1 38 36 309 -1 305 310 308 -1 305 339 310 -1 307 339 305 -1 307 340 339 -1 341 303 340 -1 302 303 341 -1 301 341 299 -1 301 342 341 -1 328 297 342 -1 295 297 328 -1 259 250 274 -1 104 250 259 -1 296 76 294 -1 76 296 243 -1 76 275 247 -1 76 75 275 -1 67 102 260 -1 276 16 89 -1 276 20 16 -1 93 67 101 -1 79 103 293 -1 103 79 101 -1 277 293 103 -1 291 293 277 -1 100 102 89 -1 278 102 100 -1 282 97 98 -1 287 290 237 -1 80 290 287 -1 62 246 12 -1 280 85 282 -1 80 287 81 -1 62 258 246 -1 258 62 5 -1 66 71 276 -1 63 245 214 -1 104 43 250 -1 51 81 52 -1 46 85 280 -1 51 61 86 -1 73 70 143 -1 73 72 70 -1 68 95 69 -1 79 82 93 -1 90 46 48 -1 12 8 5 -1 53 44 18 -1 9 43 4 -1 8 7 249 -1 10 13 249 -1 250 343 274 -1 250 106 343 -1 17 45 14 -1 92 35 42 -1 31 32 27 -1 148 271 149 -1 148 118 271 -1 225 255 27 -1 24 25 23 -1 240 73 241 -1 13 7 11 -1 12 99 13 -1 100 12 279 -1 100 99 12 -1 20 14 16 -1 140 149 141 -1 140 148 149 -1 2 29 28 -1 2 254 29 -1 2 30 254 -1 0 30 2 -1 105 256 106 -1 105 251 256 -1 61 51 275 -1 46 60 47 -1 58 56 88 -1 57 56 58 -1 280 282 59 -1 281 74 51 -1 75 48 61 -1 247 74 49 -1 247 275 74 -1 60 48 75 -1 251 14 37 -1 251 17 14 -1 5 88 258 -1 5 58 88 -1 44 53 57 -1 84 46 90 -1 84 48 46 -1 82 64 96 -1 63 64 82 -1 20 21 19 -1 240 21 20 -1 285 214 245 -1 235 214 285 -1 98 87 59 -1 80 87 98 -1 12 7 8 -1 246 286 236 -1 290 80 97 -1 290 291 277 -1 290 97 291 -1 279 278 100 -1 279 236 278 -1 239 234 292 -1 293 285 79 -1 293 292 285 -1 89 66 276 -1 102 66 89 -1 83 259 49 -1 83 244 259 -1 212 60 243 -1 212 47 60 -1 248 49 50 -1 49 248 247 -1 329 301 298 -1 328 301 329 -1 297 294 302 -1 297 296 294 -1 300 307 304 -1 299 307 300 -1 303 50 344 -1 303 248 50 -1 344 274 343 -1 344 50 274 -1 36 345 309 -1 233 345 36 -1 310 106 256 -1 343 106 310 -1 21 42 35 -1 324 298 346 -1 298 324 329 -1 309 312 306 -1 309 345 312 -1 337 314 313 -1 337 346 314 -1 116 108 107 -1 114 112 111 -1 40 26 132 -1 39 30 40 -1 30 39 254 -1 334 273 347 -1 334 125 273 -1 122 124 126 -1 124 122 116 -1 115 110 109 -1 131 129 201 -1 129 131 108 -1 108 119 134 -1 120 111 123 -1 135 117 115 -1 111 120 261 -1 272 108 134 -1 123 110 115 -1 137 69 95 -1 109 226 139 -1 226 109 110 -1 253 31 41 -1 32 31 253 -1 24 23 241 -1 147 139 145 -1 150 146 224 -1 146 150 317 -1 225 149 271 -1 270 332 348 -1 336 332 270 -1 252 34 23 -1 313 338 337 -1 313 318 338 -1 348 322 320 -1 332 322 348 -1 338 267 323 -1 347 267 338 -1 41 336 253 -1 336 41 262 -1 333 120 121 -1 263 120 333 -1 3 118 283 -1 153 154 151 -1 189 171 190 -1 174 171 189 -1 191 222 221 -1 181 182 211 -1 170 169 171 -1 185 218 207 -1 269 183 189 -1 178 186 219 -1 167 177 219 -1 183 175 189 -1 184 183 269 -1 269 189 172 -1 177 331 173 -1 177 330 331 -1 47 55 194 -1 164 166 266 -1 327 235 326 -1 327 214 235 -1 162 289 85 -1 288 326 234 -1 326 288 170 -1 211 329 324 -1 329 211 182 -1 222 268 295 -1 268 222 265 -1 330 177 209 -1 158 202 156 -1 205 199 204 -1 204 200 201 -1 204 199 200 -1 131 134 119 -1 158 207 203 -1 325 186 198 -1 325 323 186 -1 200 199 187 -1 330 205 213 -1 134 207 208 -1 203 207 134 -1 206 153 197 -1 209 205 330 -1 221 295 328 -1 295 221 222 -1 234 326 235 -1 289 170 288 -1 289 162 170 -1 46 193 85 -1 46 55 193 -1 331 214 327 -1 266 47 212 -1 47 266 166 -1 181 176 175 -1 169 191 188 -1 219 177 178 -1 188 191 184 -1 162 169 170 -1 162 163 169 -1 178 198 186 -1 186 207 218 -1 187 177 167 -1 159 154 161 -1 159 151 154 -1 118 40 3 -1 283 118 3 -1 223 333 262 -1 223 263 333 -1 336 333 332 -1 336 262 333 -1 318 347 338 -1 334 347 318 -1 320 349 348 -1 335 349 320 -1 91 348 349 -1 91 270 348 -1 146 226 224 -1 130 142 316 -1 142 130 128 -1 145 264 147 -1 137 70 69 -1 136 70 137 -1 264 94 142 -1 316 96 64 -1 316 142 96 -1 27 41 31 -1 110 224 226 -1 224 110 112 -1 140 141 150 -1 115 117 120 -1 127 124 125 -1 127 126 124 -1 208 347 273 -1 267 347 208 -1 113 261 114 -1 261 113 111 -1 230 229 223 -1 148 140 26 -1 345 335 312 -1 335 345 349 -1 300 346 298 -1 300 314 346 -1 38 35 36 -1 35 38 37 -1 233 349 345 -1 91 349 233 -1 339 343 310 -1 339 344 343 -1 340 344 339 -1 340 303 344 -1 299 340 307 -1 341 340 299 -1 342 302 341 -1 342 297 302 -1 328 342 301 -1 274 49 259 -1 274 50 49 -1 268 243 296 -1 243 268 212 -1 102 67 66 -1 93 101 79 -1 234 239 288 -1 89 13 100 -1 89 16 13 -1 97 239 291 -1 282 289 97 -1 85 289 282 -1 81 287 286 -1 20 71 240 -1 276 71 20 -1 138 82 96 -1 71 68 72 -1 71 66 68 -1 82 65 63 -1 242 48 46 -1 51 83 74 -1 52 83 51 -1 88 81 258 -1 88 52 81 -1 46 280 59 -1 46 48 60 -1 52 244 83 -1 52 257 244 -1 52 56 257 -1 257 56 54 -1 56 52 88 -1 78 138 94 -1 77 138 78 -1 67 260 103 -1 325 346 337 -1 346 325 324 -1 45 15 14 -1 18 54 53 -1 43 18 4 -1 250 105 106 -1 250 249 105 -1 256 37 38 -1 37 256 251 -1 37 19 35 -1 37 14 19 -1 21 35 19 -1 2 1 0 -1 0 2 118 -1 29 27 255 -1 271 28 255 -1 143 241 73 -1 241 143 24 -1 13 10 7 -1 13 11 12 -1 5 6 9 -1" creaseAngle="1.571">
                    <Coordinate point="0.0019 1.7611 0.0139 0.0013 1.7626 0.0113 0.0035 1.7610 0.0067 0.0120 1.7594 0.0147 0.0031 1.7213 -0.0903 0.0088 1.7186 -0.0887 0.0026 1.7261 -0.0876 0.0012 1.7338 -0.0833 0.0065 1.7274 -0.0869 0.0091 1.7222 -0.0879 0.0081 1.7409 -0.0770 0.0064 1.7343 -0.0786 0.0144 1.7267 -0.0831 0.0120 1.7388 -0.0763 0.0062 1.7501 -0.0635 0.0046 1.7491 -0.0669 0.0175 1.7446 -0.0673 0.0043 1.7466 -0.0691 0.0023 1.7170 -0.0931 0.0052 1.7543 -0.0561 0.0164 1.7502 -0.0592 0.0051 1.7573 -0.0494 0.0010 1.7591 -0.0425 0.0079 1.7587 -0.0371 0.0104 1.7583 -0.0256 0.0020 1.7628 -0.0288 0.0201 1.7541 0.0163 0.0071 1.7621 -0.0146 0.0064 1.7602 0.0008 0.0052 1.7633 -0.0041 0.0108 1.7633 0.0087 0.0055 1.7636 -0.0134 0.0126 1.7626 -0.0210 0.0123 1.7617 -0.0298 0.0097 1.7604 -0.0413 0.0165 1.7565 -0.0527 0.0316 1.7514 -0.0536 0.0144 1.7520 -0.0635 0.0300 1.7481 -0.0617 0.0199 1.7600 0.0019 0.0202 1.7597 0.0103 0.0189 1.7610 -0.0094 0.0172 1.7569 -0.0509 0.0099 1.7234 -0.0893 0.0056 1.7085 -0.0957 -0.0003 1.7488 -0.0700 0.0432 1.6759 -0.0777 0.0460 1.6752 -0.0784 0.0375 1.6828 -0.0844 0.0365 1.7088 -0.0854 0.0403 1.7167 -0.0802 0.0296 1.6937 -0.0913 0.0221 1.6989 -0.0927 0.0038 1.7090 -0.0971 0.0115 1.7136 -0.0936 0.0429 1.6691 -0.0708 0.0143 1.6997 -0.0965 0.0066 1.7074 -0.0965 0.0074 1.7080 -0.0943 0.0406 1.6882 -0.0772 0.0441 1.6834 -0.0807 0.0352 1.6879 -0.0881 0.0142 1.7229 -0.0854 0.0621 1.7113 -0.0296 0.0632 1.7085 -0.0173 0.0610 1.7131 -0.0340 0.0425 1.7399 -0.0485 0.0504 1.7314 -0.0478 0.0436 1.7427 -0.0354 0.0436 1.7434 -0.0279 0.0323 1.7509 -0.0284 0.0322 1.7481 -0.0468 0.0321 1.7500 -0.0378 0.0201 1.7549 -0.0374 0.0338 1.7012 -0.0884 0.0421 1.6908 -0.0828 0.0458 1.6965 -0.0784 0.0551 1.7295 -0.0340 0.0527 1.7332 -0.0350 0.0597 1.7133 -0.0395 0.0392 1.7027 -0.0795 0.0283 1.7051 -0.0868 0.0601 1.7195 -0.0313 0.0319 1.7026 -0.0893 0.0375 1.6743 -0.0877 0.0466 1.6819 -0.0686 0.0342 1.6892 -0.0864 0.0354 1.6975 -0.0828 0.0157 1.7053 -0.0919 0.0303 1.7407 -0.0642 0.0342 1.6737 -0.0843 0.0329 1.7544 -0.0342 0.0170 1.7593 -0.0397 0.0552 1.7264 -0.0414 0.0506 1.7368 -0.0228 0.0462 1.7409 -0.0282 0.0601 1.7197 -0.0193 0.0468 1.6957 -0.0705 0.0433 1.6949 -0.0746 0.0158 1.7367 -0.0755 0.0286 1.7340 -0.0726 0.0566 1.7201 -0.0468 0.0395 1.7358 -0.0607 0.0533 1.7185 -0.0563 0.0200 1.7173 -0.0900 0.0164 1.7377 -0.0803 0.0255 1.7345 -0.0796 0.0557 1.7209 0.0283 0.0559 1.7222 0.0242 0.0499 1.7321 0.0172 0.0442 1.7393 0.0151 0.0411 1.7425 0.0249 0.0398 1.7451 0.0096 0.0366 1.7455 0.0232 0.0329 1.7496 0.0172 0.0487 1.7330 0.0263 0.0554 1.7252 0.0229 0.0503 1.7374 0.0190 0.0127 1.7582 0.0114 0.0568 1.7150 0.0302 0.0472 1.7425 0.0127 0.0488 1.7425 0.0010 0.0532 1.7324 0.0218 0.0423 1.7408 0.0264 0.0568 1.7264 0.0204 0.0599 1.7258 0.0049 0.0536 1.7356 0.0113 0.0552 1.7348 0.0034 0.0577 1.7223 -0.0019 0.0571 1.7214 0.0119 0.0603 1.7147 0.0013 0.0579 1.7093 0.0241 0.0266 1.7519 0.0185 0.0314 1.7475 0.0169 0.0597 1.7086 0.0239 0.0522 1.7345 0.0202 0.0341 1.7502 -0.0205 0.0418 1.7448 -0.0188 0.0566 1.7277 -0.0229 0.0521 1.7325 0.0050 0.0259 1.7527 0.0084 0.0246 1.7548 0.0014 0.0575 1.7241 -0.0118 0.0200 1.7554 -0.0338 0.0219 1.7559 -0.0231 0.0483 1.7380 -0.0064 0.0401 1.7455 -0.0078 0.0539 1.7302 -0.0040 0.0190 1.7548 0.0097 0.0206 1.7567 -0.0025 0.0316 1.7515 0.0015 0.0539 1.6814 0.0292 0.0477 1.6775 0.0377 0.0577 1.6793 0.0210 0.0600 1.6806 0.0139 0.0529 1.6797 0.0315 0.0569 1.6872 0.0296 0.0550 1.6904 0.0368 0.0610 1.6915 0.0207 0.0597 1.6806 0.0192 0.0524 1.6819 0.0345 0.0611 1.6838 0.0175 0.0504 1.6731 -0.0588 0.0544 1.6616 -0.0521 0.0519 1.6655 -0.0641 0.0519 1.6617 -0.0594 0.0493 1.6687 -0.0721 0.0639 1.6828 0.0046 0.0619 1.6800 0.0072 0.0571 1.6638 -0.0455 0.0553 1.6760 -0.0504 0.0592 1.6748 -0.0407 0.0595 1.6639 -0.0355 0.0640 1.6800 -0.0224 0.0628 1.6773 -0.0305 0.0648 1.6705 -0.0252 0.0658 1.6749 -0.0173 0.0644 1.6812 -0.0091 0.0679 1.6866 -0.0143 0.0648 1.6795 -0.0076 0.0576 1.6672 -0.0551 0.0668 1.6768 -0.0293 0.0664 1.6888 -0.0353 0.0658 1.6743 -0.0320 0.0629 1.6703 -0.0415 0.0653 1.6905 0.0069 0.0668 1.6933 -0.0001 0.0629 1.6872 0.0052 0.0602 1.6672 -0.0428 0.0636 1.6683 -0.0262 0.0624 1.6662 -0.0273 0.0613 1.6707 -0.0487 0.0561 1.6960 0.0337 0.0481 1.6721 -0.0633 0.0426 1.6698 -0.0714 0.0552 1.6910 0.0341 0.0585 1.6996 0.0227 0.0586 1.6899 0.0196 0.0679 1.6935 -0.0170 0.0642 1.6957 0.0028 0.0619 1.6972 0.0122 0.0606 1.7062 0.0119 0.0586 1.6967 0.0274 0.0624 1.7000 0.0186 0.0632 1.7033 0.0026 0.0641 1.7013 -0.0061 0.0604 1.6854 0.0132 0.0651 1.6954 0.0078 0.0639 1.7093 0.0085 0.0644 1.6924 -0.0066 0.0558 1.6933 0.0366 0.0674 1.6909 -0.0267 0.0509 1.6807 -0.0722 0.0640 1.6991 -0.0157 0.0623 1.6964 -0.0290 0.0681 1.6851 -0.0184 0.0624 1.6870 0.0158 0.0623 1.6806 0.0089 0.0659 1.6928 0.0042 0.0655 1.6851 0.0002 0.0548 1.6674 -0.0620 0.0637 1.6855 -0.0453 0.0593 1.6810 -0.0559 0.0303 1.7556 0.0039 0.0407 1.7448 0.0011 0.0172 1.7583 -0.0108 0.0474 1.7385 0.0024 0.0296 1.7553 0.0118 0.0400 1.7442 0.0233 0.0263 1.7569 0.0119 0.0263 1.7575 0.0031 0.0345 1.7517 0.0175 0.0221 1.7528 0.0139 0.0325 1.7534 -0.0441 0.0579 1.6933 -0.0477 0.0601 1.6945 -0.0403 0.0332 1.7207 -0.0793 0.0396 1.7136 -0.0771 0.0452 1.7210 -0.0681 0.0529 1.6973 -0.0608 0.0179 1.7535 -0.0477 0.0119 1.7563 -0.0378 0.0377 1.6728 -0.0839 0.0480 1.6902 -0.0758 0.0240 1.7071 -0.0920 0.0608 1.7068 -0.0350 0.0246 1.7201 -0.0841 0.0423 1.7030 -0.0818 0.0464 1.7096 -0.0768 0.0119 1.7330 -0.0841 0.0227 1.7264 -0.0851 0.0148 1.7459 -0.0721 0.0168 1.7607 -0.0284 0.0170 1.7615 -0.0197 0.0135 1.7625 0.0008 0.0067 1.7619 -0.0059 0.0284 1.7427 -0.0703 0.0176 1.7102 -0.0931 0.0203 1.7107 -0.0886 0.0278 1.7137 -0.0887 0.0481 1.7263 -0.0589 0.0414 1.7472 0.0158 0.0330 1.7548 -0.0049 0.0402 1.7492 0.0073 0.0505 1.7361 -0.0150 0.0559 1.6777 -0.0631 0.0523 1.6739 -0.0693 0.0653 1.7081 0.0006 0.0546 1.6867 -0.0665 0.0652 1.6722 -0.0314 0.0333 1.7551 -0.0240 0.0174 1.7575 -0.0017 0.0609 1.7193 0.0149 0.0624 1.7180 0.0073 0.0324 1.7215 -0.0837 0.0360 1.6991 -0.0872 0.0313 1.7453 -0.0559 0.0495 1.7142 -0.0654 0.0369 1.7289 -0.0704 0.0262 1.7261 -0.0796 0.0417 1.6864 -0.0762 0.0272 1.6943 -0.0916 0.0467 1.6919 -0.0699 0.0090 1.7577 0.0197 0.0085 1.7627 -0.0065 0.0595 1.7048 -0.0430 0.0308 1.7142 -0.0834 0.0356 1.7089 -0.0817 0.0549 1.6885 -0.0548 0.0487 1.6837 -0.0653 0.0434 1.7077 -0.0748 0.0529 1.7056 -0.0622 0.0568 1.7019 -0.0509 0.0559 1.7095 -0.0535 0.0502 1.7020 -0.0726 0.0584 1.6910 -0.0590 0.0524 1.6954 -0.0696 0.0565 1.7001 -0.0625 0.0634 1.7091 -0.0403 0.0599 1.7159 -0.0510 0.0617 1.7189 -0.0434 0.0621 1.7069 -0.0477 0.0543 1.7077 -0.0657 0.0507 1.7159 -0.0696 0.0577 1.7282 -0.0459 0.0505 1.7334 -0.0566 0.0520 1.7366 -0.0481 0.0563 1.7251 -0.0541 0.0419 1.7417 -0.0588 0.0429 1.7452 -0.0503 0.0404 1.7371 -0.0666 0.0583 1.7305 -0.0362 0.0524 1.7390 -0.0384 0.0624 1.7227 -0.0224 0.0626 1.7208 -0.0335 0.0583 1.7322 -0.0253 0.0612 1.7130 -0.0078 0.0309 1.7519 -0.0112 0.0617 1.7238 -0.0113 0.0570 1.7333 -0.0138 0.0510 1.7416 -0.0165 0.0562 1.7340 -0.0055 0.0499 1.7421 -0.0080 0.0661 1.7068 -0.0079 0.0661 1.7019 -0.0289 0.0664 1.7041 -0.0191 0.0597 1.6822 -0.0420 0.0630 1.6862 -0.0314 0.0626 1.6959 -0.0479 0.0652 1.6993 -0.0380 0.0645 1.6917 -0.0104 0.0637 1.6881 -0.0242 0.0413 1.7498 -0.0114 0.0407 1.7497 -0.0020 0.0608 1.7250 -0.0034 0.0520 1.7408 -0.0280 0.0331 1.7551 -0.0142 0.0647 1.7142 -0.0207 0.0641 1.7158 -0.0093 0.0490 1.7299 -0.0635 0.0545 1.7219 -0.0605 0.0580 1.7131 -0.0572 0.0601 1.7045 -0.0540 0.0369 1.7300 -0.0758 0.0454 1.7232 -0.0728 0.0433 1.7473 -0.0410 0.0644 1.7119 -0.0311 0.0633 1.7171 -0.0012 0.0421 1.7496 -0.0200 0.0431 1.7487 -0.0311" />
                  </IndexedFaceSet>
                </Shape>
                <Shape>
                  <Appearance USE="Bone" />
                  <IndexedFaceSet coordIndex="8 9 7 -1 35 36 37 -1 42 43 44 -1 43 45 46 -1 45 50 51 -1 36 50 45 -1 63 64 29 -1 81 82 83 -1 91 72 92 -1 63 29 93 -1 94 67 95 -1 3 105 106 -1 107 108 109 -1 5 18 75 -1 114 115 81 -1 116 117 84 -1 73 101 29 -1 121 122 123 -1 108 2 1 -1 125 15 126 -1 127 129 39 -1 21 129 130 -1 141 143 61 -1 134 149 150 -1 143 158 156 -1 168 127 35 -1 133 132 166 -1 183 158 140 -1 182 190 188 -1 177 179 146 -1 177 192 146 -1 149 166 150 -1 158 144 195 -1 190 182 180 -1 153 155 164 -1 56 49 26 -1 166 203 204 -1 204 168 205 -1 161 151 162 -1 141 142 144 -1 166 204 209 -1 60 61 142 -1 19 15 125 -1 218 219 220 -1 71 221 222 -1 103 218 222 -1 224 116 84 -1 113 86 85 -1 226 88 87 -1 27 101 28 -1 68 70 74 -1 105 5 231 -1 9 78 6 -1 69 228 235 -1 15 19 17 -1 237 236 80 -1 55 42 27 -1 39 40 127 -1 36 33 34 -1 242 32 30 -1 9 6 7 -1 12 11 10 -1 13 14 0 -1 26 24 128 -1 129 21 22 -1 49 24 26 -1 55 27 28 -1 33 32 242 -1 34 245 36 -1 27 42 47 -1 54 51 50 -1 39 38 40 -1 86 225 114 -1 85 88 226 -1 8 239 9 -1 1 62 217 -1 233 75 76 -1 216 236 237 -1 256 257 122 -1 123 122 258 -1 217 62 108 -1 259 123 260 -1 260 83 215 -1 195 144 153 -1 163 176 186 -1 158 143 144 -1 164 263 186 -1 130 131 128 -1 160 131 169 -1 171 139 140 -1 172 140 153 -1 141 144 143 -1 61 143 165 -1 161 59 135 -1 174 128 58 -1 145 146 178 -1 188 115 114 -1 150 190 191 -1 183 138 270 -1 181 180 182 -1 185 181 113 -1 183 140 138 -1 139 163 152 -1 173 274 269 -1 173 26 174 -1 61 142 141 -1 58 131 160 -1 238 205 251 -1 209 167 166 -1 154 155 153 -1 134 208 135 -1 58 128 131 -1 123 278 260 -1 108 1 217 -1 73 279 101 -1 114 81 86 -1 224 84 82 -1 63 73 29 -1 18 5 4 -1 255 13 282 -1 13 10 230 -1 29 101 27 -1 7 6 8 -1 225 86 113 -1 3 254 1 -1 39 22 38 -1 53 56 52 -1 47 42 41 -1 41 42 247 -1 32 48 30 -1 39 129 22 -1 23 128 24 -1 1 11 62 -1 1 2 3 -1 187 148 147 -1 37 36 245 -1 243 45 43 -1 30 48 31 -1 33 243 241 -1 54 35 53 -1 53 35 56 -1 43 48 241 -1 284 37 245 -1 37 284 285 -1 72 63 98 -1 110 72 98 -1 69 235 9 -1 116 81 115 -1 109 89 90 -1 89 109 250 -1 69 9 104 -1 78 228 229 -1 67 66 95 -1 212 66 67 -1 283 2 108 -1 2 283 75 -1 4 75 18 -1 222 68 103 -1 68 222 221 -1 5 6 227 -1 10 248 230 -1 16 255 15 -1 16 14 255 -1 70 96 212 -1 70 110 96 -1 73 63 72 -1 63 240 100 -1 200 211 17 -1 125 126 111 -1 236 84 80 -1 86 88 85 -1 88 86 214 -1 81 116 224 -1 80 251 118 -1 80 238 251 -1 88 90 87 -1 88 213 90 -1 232 76 256 -1 232 239 76 -1 286 218 103 -1 279 102 252 -1 287 286 121 -1 287 218 286 -1 219 252 220 -1 30 28 288 -1 261 289 107 -1 261 258 289 -1 290 259 260 -1 290 291 259 -1 292 293 124 -1 292 288 293 -1 260 216 290 -1 260 215 216 -1 83 82 215 -1 214 107 213 -1 214 261 107 -1 281 94 95 -1 94 281 280 -1 98 100 99 -1 63 100 98 -1 95 65 246 -1 95 66 65 -1 294 295 296 -1 294 297 295 -1 298 299 300 -1 299 298 301 -1 302 303 304 -1 302 305 303 -1 246 306 307 -1 306 246 65 -1 308 307 309 -1 307 308 246 -1 310 311 312 -1 310 313 311 -1 314 315 249 -1 314 309 315 -1 248 316 230 -1 316 248 249 -1 254 106 248 -1 254 3 106 -1 317 318 319 -1 317 304 318 -1 320 318 321 -1 320 322 318 -1 247 42 44 -1 156 189 148 -1 195 153 140 -1 273 153 176 -1 58 173 174 -1 56 267 268 -1 269 267 56 -1 151 139 152 -1 187 165 143 -1 323 268 265 -1 323 201 268 -1 262 210 276 -1 210 262 162 -1 166 169 203 -1 166 132 169 -1 132 160 169 -1 142 159 144 -1 207 144 159 -1 61 60 142 -1 160 133 264 -1 251 205 168 -1 266 204 203 -1 204 266 168 -1 266 131 130 -1 267 265 268 -1 267 206 265 -1 151 175 162 -1 201 56 268 -1 52 56 201 -1 159 155 154 -1 207 154 153 -1 137 170 139 -1 161 275 151 -1 275 137 151 -1 193 157 185 -1 193 189 157 -1 191 134 150 -1 191 136 134 -1 157 189 156 -1 198 177 146 -1 177 198 194 -1 200 197 226 -1 200 146 197 -1 150 196 190 -1 180 183 270 -1 183 180 324 -1 157 156 158 -1 325 199 326 -1 325 327 199 -1 111 145 125 -1 111 198 145 -1 328 320 329 -1 320 328 330 -1 331 326 332 -1 331 325 326 -1 201 328 333 -1 201 323 328 -1 327 271 194 -1 327 263 271 -1 175 334 272 -1 175 202 334 -1 146 192 177 -1 210 331 335 -1 331 210 272 -1 335 332 336 -1 335 331 332 -1 330 322 320 -1 322 330 336 -1 164 271 263 -1 111 199 198 -1 111 112 199 -1 324 158 183 -1 157 158 324 -1 191 190 180 -1 184 196 167 -1 188 225 182 -1 114 225 188 -1 140 158 195 -1 184 116 115 -1 163 140 172 -1 139 171 163 -1 264 206 267 -1 206 264 133 -1 285 251 168 -1 59 161 262 -1 274 58 160 -1 274 173 58 -1 174 26 128 -1 135 59 133 -1 208 137 275 -1 162 272 210 -1 272 162 175 -1 276 335 337 -1 335 276 210 -1 333 329 338 -1 333 328 329 -1 155 187 164 -1 155 165 187 -1 202 163 186 -1 202 152 163 -1 175 151 152 -1 207 153 144 -1 179 177 147 -1 138 137 136 -1 138 139 137 -1 285 35 37 -1 339 46 297 -1 339 44 46 -1 321 329 320 -1 340 329 321 -1 319 312 317 -1 310 312 319 -1 296 341 340 -1 296 295 341 -1 15 282 126 -1 255 282 15 -1 282 316 311 -1 282 230 316 -1 314 308 309 -1 314 253 308 -1 342 313 310 -1 342 112 313 -1 309 343 315 -1 343 309 307 -1 307 344 343 -1 344 307 306 -1 344 305 302 -1 344 345 305 -1 300 346 345 -1 346 300 299 -1 346 297 294 -1 95 308 281 -1 308 95 246 -1 99 234 301 -1 99 100 234 -1 83 261 214 -1 119 347 348 -1 347 119 124 -1 30 288 292 -1 347 291 290 -1 347 120 291 -1 278 258 261 -1 278 123 258 -1 289 283 108 -1 283 289 257 -1 259 121 123 -1 121 259 287 -1 219 293 349 -1 219 120 293 -1 121 223 122 -1 121 286 223 -1 257 76 283 -1 256 76 257 -1 28 101 279 -1 286 103 223 -1 76 8 233 -1 118 348 237 -1 118 119 348 -1 211 90 89 -1 87 90 211 -1 237 80 118 -1 29 47 240 -1 29 64 63 -1 104 239 232 -1 239 104 9 -1 4 5 105 -1 5 78 231 -1 227 78 5 -1 279 72 102 -1 72 279 73 -1 89 17 211 -1 229 280 281 -1 280 229 228 -1 239 8 76 -1 69 104 77 -1 89 250 11 -1 113 226 197 -1 85 226 113 -1 84 216 82 -1 79 92 72 -1 92 70 91 -1 108 250 109 -1 250 108 62 -1 341 277 338 -1 341 51 277 -1 71 68 221 -1 71 70 68 -1 170 137 139 -1 241 48 32 -1 35 57 56 -1 57 35 38 -1 36 45 33 -1 55 48 42 -1 57 49 56 -1 333 52 201 -1 52 333 53 -1 20 23 25 -1 16 15 14 -1 0 10 13 -1 0 12 10 -1 19 146 200 -1 0 89 11 -1 14 89 0 -1 21 25 23 -1 22 23 24 -1 127 40 35 -1 54 53 277 -1 55 28 30 -1 40 38 35 -1 38 49 57 -1 24 38 22 -1 24 49 38 -1 50 36 54 -1 42 48 43 -1 243 33 45 -1 68 212 67 -1 277 51 54 -1 5 233 8 -1 6 5 8 -1 102 72 91 -1 67 94 68 -1 228 77 280 -1 77 228 69 -1 280 68 94 -1 68 280 77 -1 102 71 222 -1 103 68 77 -1 227 6 78 -1 4 105 3 -1 1 254 10 -1 14 13 255 -1 74 212 68 -1 92 79 72 -1 11 12 0 -1 105 231 106 -1 211 200 87 -1 118 284 350 -1 224 82 81 -1 238 84 117 -1 238 80 84 -1 88 214 213 -1 119 350 292 -1 350 119 118 -1 223 232 256 -1 223 103 232 -1 252 102 220 -1 349 252 219 -1 349 279 252 -1 288 349 293 -1 349 288 28 -1 120 219 291 -1 108 107 289 -1 120 124 293 -1 292 124 119 -1 216 215 82 -1 96 99 97 -1 98 99 96 -1 66 298 65 -1 66 97 298 -1 301 339 299 -1 301 234 339 -1 305 296 303 -1 296 305 294 -1 65 300 306 -1 65 298 300 -1 351 304 317 -1 304 351 302 -1 352 317 312 -1 352 351 317 -1 249 352 316 -1 249 315 352 -1 248 314 249 -1 248 106 314 -1 111 313 112 -1 111 126 313 -1 304 321 318 -1 304 303 321 -1 319 322 353 -1 318 322 319 -1 297 244 295 -1 297 46 244 -1 100 247 234 -1 100 240 247 -1 46 45 244 -1 19 125 145 -1 129 127 130 -1 128 25 130 -1 135 149 134 -1 136 137 208 -1 193 146 179 -1 189 179 148 -1 176 164 186 -1 176 153 164 -1 20 25 128 -1 274 267 269 -1 274 264 267 -1 137 139 151 -1 265 337 323 -1 337 265 276 -1 262 161 162 -1 203 131 266 -1 203 169 131 -1 135 208 161 -1 128 23 20 -1 175 152 202 -1 165 155 142 -1 238 354 205 -1 130 168 266 -1 130 127 168 -1 149 133 166 -1 206 276 265 -1 206 262 276 -1 207 159 154 -1 161 208 275 -1 132 133 160 -1 185 113 197 -1 179 147 148 -1 270 136 191 -1 270 138 136 -1 156 148 143 -1 271 187 147 -1 187 271 164 -1 117 354 238 -1 184 354 117 -1 115 188 184 -1 113 182 225 -1 113 181 182 -1 188 190 196 -1 184 209 354 -1 184 167 209 -1 191 180 270 -1 326 112 342 -1 199 112 326 -1 342 332 326 -1 342 353 332 -1 323 330 328 -1 323 337 330 -1 334 327 325 -1 327 334 263 -1 334 186 263 -1 202 186 334 -1 143 148 187 -1 178 19 145 -1 272 325 331 -1 325 272 334 -1 337 336 330 -1 337 335 336 -1 336 353 322 -1 353 336 332 -1 327 198 199 -1 327 194 198 -1 166 196 150 -1 196 166 167 -1 196 184 188 -1 116 184 117 -1 146 145 198 -1 147 194 271 -1 147 177 194 -1 178 146 19 -1 146 185 197 -1 185 146 193 -1 193 179 189 -1 185 324 181 -1 157 324 185 -1 181 324 180 -1 172 273 163 -1 273 172 153 -1 155 159 142 -1 163 171 140 -1 56 26 269 -1 53 338 277 -1 53 333 338 -1 204 354 209 -1 204 205 354 -1 142 61 165 -1 262 133 59 -1 173 269 26 -1 136 208 134 -1 206 133 262 -1 160 264 274 -1 176 163 273 -1 140 139 138 -1 149 135 133 -1 130 25 21 -1 285 168 35 -1 234 44 339 -1 234 247 44 -1 295 51 341 -1 295 244 51 -1 353 310 319 -1 353 342 310 -1 340 303 296 -1 321 303 340 -1 13 230 282 -1 311 126 282 -1 313 126 311 -1 106 253 314 -1 106 231 253 -1 312 316 352 -1 316 312 311 -1 315 351 352 -1 351 315 343 -1 343 302 351 -1 302 343 344 -1 306 345 344 -1 306 300 345 -1 345 294 305 -1 294 345 346 -1 299 297 346 -1 299 339 297 -1 253 281 308 -1 253 229 281 -1 97 301 298 -1 97 99 301 -1 212 97 66 -1 96 97 212 -1 261 83 278 -1 109 213 107 -1 213 109 90 -1 348 290 216 -1 290 348 347 -1 292 242 30 -1 124 120 347 -1 258 257 289 -1 257 258 122 -1 291 287 259 -1 287 291 219 -1 28 279 349 -1 218 287 219 -1 223 256 122 -1 75 283 76 -1 71 102 91 -1 222 220 102 -1 222 218 220 -1 34 292 350 -1 34 242 292 -1 216 237 348 -1 285 118 251 -1 285 284 118 -1 200 226 87 -1 214 81 83 -1 214 86 81 -1 236 216 84 -1 350 245 34 -1 350 284 245 -1 200 17 19 -1 240 41 247 -1 41 240 47 -1 29 63 93 -1 110 70 92 -1 103 104 232 -1 77 104 103 -1 231 229 253 -1 78 229 231 -1 5 75 233 -1 17 14 15 -1 110 98 96 -1 9 228 78 -1 235 228 9 -1 4 3 75 -1 278 83 260 -1 92 72 110 -1 91 70 71 -1 75 3 2 -1 62 11 250 -1 248 10 254 -1 340 338 329 -1 340 341 338 -1 74 70 212 -1 29 240 63 -1 33 241 32 -1 241 243 43 -1 31 48 55 -1 54 36 35 -1 31 55 30 -1 244 45 51 -1 44 43 46 -1 34 33 242 -1 27 47 29 -1 21 23 22 -1 11 1 10 -1 17 89 14 -1" creaseAngle="1.571">
                    <Coordinate point="0.0032 1.7531 -0.0636 0.0020 1.7441 -0.0728 0.0003 1.7368 -0.0799 0.0003 1.7359 -0.0806 0.0004 1.7334 -0.0822 -0.0019 1.7249 -0.0884 0.0007 1.7170 -0.0919 -0.0024 1.7115 -0.0947 -0.0059 1.7191 -0.0876 -0.0051 1.7095 -0.0944 -0.0048 1.7472 -0.0715 0.0035 1.7473 -0.0698 0.0034 1.7494 -0.0675 -0.0055 1.7529 -0.0635 0.0011 1.7559 -0.0559 -0.0047 1.7587 -0.0513 0.0007 1.7568 -0.0554 0.0012 1.7571 -0.0460 0.0012 1.7273 -0.0865 0.0009 1.7573 -0.0420 -0.0485 1.6783 0.0364 -0.0568 1.6817 0.0230 -0.0607 1.6758 0.0092 -0.0536 1.6793 0.0305 -0.0586 1.6807 0.0209 -0.0553 1.6831 0.0262 -0.0610 1.6915 0.0207 -0.0489 1.6637 -0.0638 -0.0504 1.6731 -0.0588 -0.0444 1.6694 -0.0704 -0.0572 1.6738 -0.0450 -0.0574 1.6643 -0.0426 -0.0600 1.6639 -0.0354 -0.0638 1.6687 -0.0263 -0.0628 1.6773 -0.0305 -0.0651 1.6836 -0.0025 -0.0656 1.6759 -0.0150 -0.0640 1.6826 -0.0122 -0.0621 1.6799 0.0084 -0.0609 1.6810 0.0112 -0.0617 1.6790 0.0055 -0.0569 1.6676 -0.0575 -0.0590 1.6693 -0.0533 -0.0625 1.6721 -0.0457 -0.0593 1.6810 -0.0559 -0.0668 1.6768 -0.0293 -0.0637 1.6855 -0.0453 -0.0535 1.6667 -0.0641 -0.0598 1.6659 -0.0417 -0.0622 1.6843 0.0152 -0.0681 1.6851 -0.0184 -0.0674 1.6909 -0.0267 -0.0663 1.6963 0.0026 -0.0664 1.6872 -0.0023 -0.0679 1.6866 -0.0143 -0.0542 1.6620 -0.0515 -0.0647 1.6931 0.0089 -0.0648 1.6905 0.0082 -0.0560 1.6956 0.0340 -0.0545 1.7233 0.0264 -0.0048 1.7608 0.0181 -0.0016 1.7616 0.0109 -0.0061 1.7460 -0.0681 -0.0464 1.6759 -0.0780 -0.0465 1.6753 -0.0778 -0.0464 1.7096 -0.0768 -0.0423 1.7030 -0.0818 -0.0340 1.7011 -0.0883 -0.0260 1.6942 -0.0928 -0.0153 1.7012 -0.0959 -0.0349 1.6868 -0.0891 -0.0341 1.6884 -0.0846 -0.0392 1.6814 -0.0826 -0.0419 1.6728 -0.0734 -0.0324 1.6857 -0.0909 -0.0058 1.7269 -0.0831 -0.0157 1.7216 -0.0860 -0.0206 1.7002 -0.0922 -0.0113 1.7155 -0.0929 -0.0357 1.6744 -0.0852 -0.0621 1.7113 -0.0296 -0.0534 1.7320 -0.0346 -0.0552 1.7264 -0.0414 -0.0504 1.7314 -0.0478 -0.0601 1.7195 -0.0313 -0.0321 1.7500 -0.0378 -0.0436 1.7428 -0.0354 -0.0209 1.7530 -0.0477 -0.0322 1.7481 -0.0468 -0.0058 1.7502 -0.0606 -0.0182 1.7502 -0.0591 -0.0361 1.6853 -0.0838 -0.0359 1.6837 -0.0853 -0.0426 1.6705 -0.0714 -0.0322 1.7024 -0.0892 -0.0365 1.7088 -0.0854 -0.0421 1.6908 -0.0828 -0.0458 1.6965 -0.0784 -0.0444 1.6844 -0.0803 -0.0480 1.6902 -0.0758 -0.0509 1.6807 -0.0722 -0.0484 1.6727 -0.0629 -0.0410 1.6877 -0.0769 -0.0283 1.7051 -0.0868 -0.0138 1.7026 -0.0949 -0.0048 1.7307 -0.0862 -0.0162 1.7364 -0.0816 -0.0303 1.7407 -0.0642 -0.0189 1.7411 -0.0706 -0.0194 1.7441 -0.0675 -0.0360 1.6836 -0.0863 -0.0212 1.7589 -0.0377 -0.0329 1.7544 -0.0342 -0.0323 1.7509 -0.0284 -0.0470 1.7401 -0.0279 -0.0506 1.7368 -0.0228 -0.0566 1.7277 -0.0229 -0.0601 1.7197 -0.0193 -0.0623 1.6964 -0.0290 -0.0601 1.6945 -0.0403 -0.0529 1.6973 -0.0608 -0.0396 1.7136 -0.0771 -0.0332 1.7207 -0.0793 -0.0452 1.7210 -0.0681 -0.0579 1.6933 -0.0477 -0.0045 1.7606 -0.0435 -0.0206 1.7572 -0.0480 -0.0629 1.6872 0.0052 -0.0557 1.6898 0.0331 -0.0608 1.6847 0.0122 -0.0597 1.6873 0.0159 -0.0572 1.7016 0.0249 -0.0550 1.7210 0.0268 -0.0569 1.7211 0.0244 -0.0500 1.7320 0.0170 -0.0501 1.7330 0.0246 -0.0445 1.7405 0.0122 -0.0425 1.7410 0.0235 -0.0398 1.7451 0.0096 -0.0380 1.7449 0.0231 -0.0285 1.7523 0.0142 -0.0059 1.7596 0.0038 -0.0092 1.7605 0.0124 -0.0034 1.7613 0.0026 -0.0153 1.7566 0.0074 -0.0051 1.7620 -0.0346 -0.0019 1.7596 -0.0296 -0.0086 1.7638 -0.0139 0.0011 1.7627 -0.0072 -0.0523 1.7302 0.0153 -0.0521 1.7325 0.0050 -0.0496 1.7385 0.0188 -0.0411 1.7474 0.0157 -0.0245 1.7542 0.0125 -0.0169 1.7587 0.0164 -0.0171 1.7598 0.0125 -0.0046 1.7605 -0.0069 -0.0184 1.7580 -0.0120 -0.0216 1.7566 -0.0035 -0.0101 1.7574 0.0153 -0.0573 1.7112 0.0304 -0.0491 1.7358 0.0246 -0.0536 1.7356 0.0113 -0.0325 1.7504 0.0158 -0.0263 1.7575 0.0031 -0.0082 1.7636 0.0096 -0.0581 1.7187 0.0106 -0.0577 1.7223 -0.0019 -0.0645 1.6963 0.0003 -0.0571 1.7103 0.0238 -0.0391 1.7433 0.0231 -0.0303 1.7477 0.0196 -0.0272 1.7526 0.0187 -0.0597 1.6998 0.0258 -0.0590 1.6961 0.0264 -0.0475 1.7428 0.0099 -0.0289 1.7537 0.0155 -0.0048 1.7638 -0.0235 -0.0010 1.7621 -0.0358 -0.0025 1.7609 -0.0209 -0.0401 1.7455 -0.0078 -0.0346 1.7499 -0.0204 -0.0418 1.7448 -0.0188 -0.0316 1.7515 0.0015 -0.0575 1.7241 -0.0118 -0.0206 1.7564 -0.0233 -0.0303 1.7556 0.0039 -0.0087 1.7638 -0.0029 -0.0505 1.7361 -0.0150 -0.0075 1.7606 -0.0151 -0.0483 1.7380 -0.0064 -0.0474 1.7385 0.0024 0.0001 1.7611 -0.0275 -0.0052 1.7591 -0.0236 -0.0215 1.7603 -0.0184 -0.0191 1.7551 0.0082 -0.0539 1.7302 -0.0040 -0.0200 1.7554 -0.0338 -0.0213 1.7598 -0.0270 -0.0333 1.7551 -0.0240 -0.0091 1.7559 -0.0425 -0.0653 1.7081 0.0006 -0.0402 1.7492 0.0073 -0.0606 1.7062 0.0119 -0.0627 1.7046 0.0035 -0.0640 1.7033 -0.0059 -0.0609 1.7193 0.0149 -0.0192 1.7561 0.0177 -0.0470 1.7351 0.0175 -0.0603 1.7147 0.0013 -0.0552 1.7348 0.0034 -0.0090 1.7551 -0.0464 -0.0360 1.6991 -0.0871 -0.0313 1.7453 -0.0559 -0.0425 1.7399 -0.0485 -0.0566 1.7201 -0.0468 -0.0597 1.7133 -0.0395 -0.0127 1.7431 -0.0713 -0.0392 1.7027 -0.0795 -0.0468 1.6957 -0.0705 -0.0433 1.6949 -0.0746 -0.0321 1.6915 -0.0854 -0.0354 1.6975 -0.0828 -0.0308 1.7142 -0.0834 -0.0560 1.7283 -0.0339 -0.0444 1.7426 -0.0281 -0.0201 1.7549 -0.0374 -0.0050 1.7226 -0.0902 -0.0176 1.7102 -0.0931 -0.0197 1.7164 -0.0904 -0.0189 1.7513 -0.0641 -0.0148 1.7252 -0.0882 -0.0203 1.7107 -0.0886 -0.0058 1.7220 -0.0860 -0.0546 1.6867 -0.0665 -0.0145 1.7038 -0.0954 -0.0610 1.7131 -0.0340 -0.0608 1.7068 -0.0350 -0.0632 1.7085 -0.0173 -0.0119 1.7141 -0.0895 -0.0512 1.6731 -0.0710 -0.0652 1.6722 -0.0314 -0.0592 1.6748 -0.0407 -0.0658 1.6743 -0.0320 -0.0664 1.6888 -0.0353 -0.0640 1.6800 -0.0224 -0.0403 1.7167 -0.0802 -0.0559 1.6777 -0.0631 -0.0176 1.7441 -0.0738 -0.0284 1.7427 -0.0703 -0.0056 1.7479 -0.0651 -0.0640 1.6991 -0.0157 -0.0467 1.6919 -0.0699 -0.0222 1.7249 -0.0861 -0.0049 1.7437 -0.0757 -0.0061 1.7552 -0.0597 -0.0246 1.7201 -0.0841 -0.0262 1.7261 -0.0796 -0.0369 1.7289 -0.0704 -0.0495 1.7142 -0.0654 -0.0533 1.7185 -0.0563 -0.0395 1.7358 -0.0607 -0.0570 1.7255 0.0207 -0.0330 1.7548 -0.0049 -0.0605 1.7059 0.0248 -0.0624 1.7180 0.0073 -0.0619 1.6972 0.0122 -0.0626 1.7084 0.0171 -0.0639 1.7093 0.0085 -0.0624 1.7000 0.0186 -0.0407 1.7448 0.0011 -0.0219 1.7601 -0.0079 -0.0488 1.7425 0.0010 -0.0260 1.7526 0.0180 -0.0603 1.7035 0.0253 -0.0423 1.7399 0.0223 -0.0599 1.7258 0.0049 -0.0679 1.6935 -0.0170 -0.0481 1.7263 -0.0589 -0.0466 1.6819 -0.0686 -0.0240 1.7071 -0.0920 -0.0278 1.7137 -0.0887 -0.0198 1.7554 -0.0555 -0.0175 1.7307 -0.0804 -0.0637 1.6881 -0.0242 -0.0645 1.6914 -0.0117 -0.0356 1.7089 -0.0817 -0.0434 1.7077 -0.0748 -0.0554 1.6792 -0.0516 -0.0286 1.7340 -0.0726 -0.0559 1.7095 -0.0535 -0.0529 1.7056 -0.0622 -0.0597 1.6822 -0.0420 -0.0549 1.6885 -0.0548 -0.0621 1.7069 -0.0477 -0.0652 1.6993 -0.0380 -0.0634 1.7091 -0.0403 -0.0626 1.6959 -0.0479 -0.0502 1.7020 -0.0726 -0.0565 1.7001 -0.0625 -0.0543 1.7077 -0.0657 -0.0524 1.6954 -0.0696 -0.0563 1.7251 -0.0541 -0.0617 1.7189 -0.0434 -0.0577 1.7282 -0.0459 -0.0599 1.7159 -0.0510 -0.0507 1.7159 -0.0696 -0.0454 1.7232 -0.0728 -0.0324 1.7215 -0.0837 -0.0369 1.7300 -0.0758 -0.0433 1.7473 -0.0410 -0.0316 1.7516 -0.0532 -0.0429 1.7452 -0.0503 -0.0325 1.7534 -0.0441 -0.0255 1.7345 -0.0796 -0.0404 1.7371 -0.0666 -0.0300 1.7481 -0.0617 -0.0520 1.7366 -0.0481 -0.0583 1.7305 -0.0362 -0.0524 1.7390 -0.0384 -0.0624 1.7227 -0.0224 -0.0626 1.7208 -0.0335 -0.0583 1.7322 -0.0253 -0.0633 1.7171 -0.0012 -0.0309 1.7519 -0.0112 -0.0413 1.7498 -0.0114 -0.0421 1.7496 -0.0200 -0.0331 1.7551 -0.0142 -0.0641 1.7158 -0.0093 -0.0647 1.7142 -0.0207 -0.0617 1.7238 -0.0113 -0.0499 1.7421 -0.0080 -0.0510 1.7416 -0.0165 -0.0661 1.7068 -0.0079 -0.0407 1.7497 -0.0020 -0.0562 1.7340 -0.0055 -0.0570 1.7333 -0.0138 -0.0608 1.7250 -0.0034 -0.0664 1.7041 -0.0191 -0.0584 1.6910 -0.0590 -0.0644 1.7119 -0.0311 -0.0661 1.7019 -0.0289 -0.0431 1.7487 -0.0311 -0.0490 1.7299 -0.0635 -0.0545 1.7219 -0.0605 -0.0580 1.7131 -0.0572 -0.0601 1.7045 -0.0540 -0.0568 1.7019 -0.0509 -0.0595 1.7048 -0.0430 -0.0487 1.6837 -0.0653 -0.0630 1.6862 -0.0314 -0.0505 1.7334 -0.0566 -0.0419 1.7417 -0.0588 -0.0520 1.7408 -0.0280 -0.0612 1.7130 -0.0078" />
                  </IndexedFaceSet>
                </Shape>
                <Shape>
                  <Appearance USE="Bone" />
                  <IndexedFaceSet coordIndex="0 1 2 -1 22 23 24 -1 32 27 33 -1 35 10 11 -1 43 38 46 -1 49 48 47 -1 68 69 70 -1 66 71 72 -1 75 71 69 -1 65 72 71 -1 84 79 85 -1 3 1 0 -1 89 1 78 -1 98 101 100 -1 94 93 113 -1 56 107 95 -1 122 123 31 -1 22 19 20 -1 125 124 96 -1 97 5 104 -1 130 80 116 -1 16 17 18 -1 133 122 32 -1 62 34 59 -1 34 12 134 -1 96 26 24 -1 136 137 13 -1 73 128 127 -1 38 142 143 -1 66 106 71 -1 71 106 69 -1 80 7 79 -1 79 145 89 -1 146 110 56 -1 147 98 90 -1 56 110 107 -1 30 149 28 -1 150 18 17 -1 151 0 4 -1 152 153 154 -1 156 157 158 -1 159 155 160 -1 155 159 158 -1 167 169 173 -1 176 179 181 -1 167 174 178 -1 185 186 187 -1 194 190 193 -1 164 162 192 -1 209 208 210 -1 230 231 226 -1 230 227 224 -1 237 235 154 -1 242 243 4 -1 244 89 4 -1 186 185 182 -1 198 197 252 -1 255 256 253 -1 256 255 139 -1 252 266 251 -1 268 207 209 -1 269 232 270 -1 270 154 255 -1 271 272 257 -1 273 274 249 -1 267 175 204 -1 276 175 200 -1 163 192 277 -1 151 232 266 -1 239 283 260 -1 225 259 285 -1 225 285 229 -1 161 289 253 -1 269 253 215 -1 182 188 186 -1 290 187 291 -1 185 292 293 -1 153 161 154 -1 289 254 253 -1 294 288 253 -1 281 126 128 -1 278 213 295 -1 204 203 205 -1 231 298 228 -1 69 144 226 -1 197 198 262 -1 197 265 249 -1 252 300 248 -1 0 283 226 -1 182 165 303 -1 170 191 172 -1 189 302 165 -1 209 264 275 -1 152 154 234 -1 226 239 227 -1 224 239 217 -1 290 306 286 -1 140 294 253 -1 270 253 269 -1 171 169 170 -1 308 292 290 -1 186 291 187 -1 250 172 167 -1 231 230 298 -1 269 257 232 -1 259 215 253 -1 282 281 128 -1 166 180 179 -1 178 272 271 -1 251 232 258 -1 296 216 215 -1 216 296 217 -1 236 241 238 -1 230 226 227 -1 226 283 239 -1 214 213 209 -1 212 210 211 -1 190 277 192 -1 250 182 172 -1 159 161 153 -1 18 150 27 -1 33 149 30 -1 90 313 314 -1 120 90 146 -1 68 144 69 -1 315 131 132 -1 72 73 316 -1 46 38 118 -1 60 55 125 -1 124 102 96 -1 122 21 96 -1 325 33 30 -1 18 326 16 -1 97 96 102 -1 102 67 74 -1 66 67 102 -1 95 55 56 -1 1 129 80 -1 116 80 88 -1 46 118 119 -1 114 110 109 -1 112 56 50 -1 120 116 90 -1 44 120 112 -1 319 104 102 -1 117 99 101 -1 93 115 92 -1 76 132 131 -1 53 52 51 -1 49 43 317 -1 49 317 48 -1 35 29 331 -1 332 32 33 -1 16 326 324 -1 24 25 91 -1 23 324 135 -1 25 24 118 -1 333 14 16 -1 8 9 138 -1 80 5 7 -1 89 4 2 -1 14 333 13 -1 23 135 24 -1 16 324 20 -1 332 33 325 -1 328 66 102 -1 141 125 143 -1 38 43 63 -1 131 69 76 -1 81 84 86 -1 1 80 78 -1 3 0 144 -1 90 98 100 -1 139 104 319 -1 146 109 110 -1 104 103 102 -1 108 107 111 -1 47 54 51 -1 125 116 120 -1 73 67 316 -1 95 106 66 -1 32 31 27 -1 30 34 325 -1 317 43 46 -1 299 297 315 -1 2 1 89 -1 129 88 80 -1 112 120 146 -1 99 100 101 -1 90 314 147 -1 109 111 114 -1 17 14 149 -1 150 33 27 -1 159 160 161 -1 159 156 158 -1 276 204 175 -1 159 155 158 -1 192 193 190 -1 162 195 194 -1 235 238 233 -1 246 249 245 -1 258 177 176 -1 259 296 215 -1 263 265 197 -1 217 239 209 -1 258 279 251 -1 271 188 178 -1 250 178 188 -1 179 174 166 -1 186 271 291 -1 308 293 292 -1 163 190 165 -1 307 335 168 -1 289 155 254 -1 280 254 155 -1 256 139 140 -1 215 216 213 -1 305 226 144 -1 242 145 234 -1 275 268 209 -1 252 197 300 -1 239 264 209 -1 172 302 170 -1 302 182 303 -1 165 302 303 -1 302 172 182 -1 226 305 0 -1 248 336 252 -1 275 251 268 -1 275 252 251 -1 89 244 4 -1 228 297 299 -1 299 231 228 -1 225 229 224 -1 269 215 278 -1 323 145 121 -1 176 177 179 -1 163 165 293 -1 306 290 291 -1 211 219 212 -1 270 161 253 -1 288 285 253 -1 200 290 286 -1 225 296 259 -1 217 209 213 -1 239 284 240 -1 224 227 239 -1 254 280 253 -1 211 208 212 -1 264 261 275 -1 261 264 260 -1 249 304 273 -1 270 255 253 -1 232 154 270 -1 197 262 263 -1 182 250 188 -1 170 183 171 -1 4 232 151 -1 204 218 203 -1 221 218 222 -1 172 191 170 -1 190 184 189 -1 185 165 182 -1 187 292 185 -1 178 250 167 -1 177 178 179 -1 175 176 181 -1 172 170 169 -1 0 305 144 -1 150 149 33 -1 150 17 149 -1 56 112 146 -1 144 68 3 -1 106 70 69 -1 66 316 67 -1 56 51 50 -1 55 328 102 -1 38 143 62 -1 73 337 128 -1 140 139 319 -1 138 103 104 -1 138 97 103 -1 12 29 35 -1 120 96 80 -1 34 30 12 -1 29 12 30 -1 62 325 34 -1 332 133 32 -1 125 96 21 -1 20 23 22 -1 120 26 96 -1 135 96 24 -1 99 312 100 -1 108 68 70 -1 79 81 80 -1 86 83 82 -1 85 83 86 -1 75 69 131 -1 72 316 66 -1 39 64 36 -1 22 24 91 -1 69 339 76 -1 9 338 6 -1 16 25 136 -1 25 16 19 -1 13 16 136 -1 15 340 28 -1 40 41 340 -1 29 330 331 -1 137 42 334 -1 317 119 45 -1 317 46 119 -1 318 63 60 -1 64 39 37 -1 65 315 72 -1 83 79 78 -1 83 341 79 -1 78 80 86 -1 342 101 327 -1 115 147 314 -1 327 109 342 -1 125 124 80 -1 121 320 323 -1 339 299 132 -1 88 87 1 -1 37 62 59 -1 60 125 318 -1 102 97 104 -1 31 32 122 -1 91 19 22 -1 91 25 19 -1 42 39 334 -1 59 64 37 -1 59 36 64 -1 104 320 322 -1 320 104 321 -1 288 105 310 -1 105 288 74 -1 310 105 126 -1 124 55 102 -1 60 63 61 -1 47 56 61 -1 47 317 329 -1 47 48 317 -1 107 70 95 -1 297 228 315 -1 79 121 145 -1 44 50 317 -1 50 44 112 -1 100 109 146 -1 109 100 342 -1 94 343 115 -1 3 116 1 -1 313 116 3 -1 99 117 101 -1 345 109 327 -1 153 152 346 -1 159 158 156 -1 172 169 167 -1 167 166 174 -1 169 171 307 -1 347 348 184 -1 347 190 194 -1 171 347 335 -1 347 171 348 -1 335 195 196 -1 335 347 195 -1 309 205 268 -1 218 221 205 -1 223 311 208 -1 211 210 208 -1 224 344 228 -1 224 229 344 -1 236 237 4 -1 196 220 163 -1 249 248 247 -1 275 198 252 -1 198 349 262 -1 280 154 161 -1 280 255 154 -1 249 300 197 -1 249 246 247 -1 176 267 279 -1 176 175 267 -1 271 257 269 -1 248 260 336 -1 304 249 265 -1 239 240 217 -1 306 291 278 -1 253 256 140 -1 232 251 266 -1 293 196 163 -1 308 196 293 -1 178 174 179 -1 335 201 168 -1 171 335 307 -1 164 192 162 -1 153 280 155 -1 223 221 311 -1 207 208 209 -1 207 206 208 -1 267 268 251 -1 268 267 309 -1 273 261 274 -1 279 267 251 -1 89 242 4 -1 2 0 77 -1 2 4 0 -1 213 278 215 -1 281 285 310 -1 281 229 285 -1 285 259 253 -1 351 346 323 -1 351 350 346 -1 199 201 196 -1 199 200 201 -1 166 179 180 -1 166 181 179 -1 213 216 217 -1 248 249 247 -1 265 349 273 -1 235 234 154 -1 243 241 4 -1 233 234 235 -1 241 352 233 -1 339 226 231 -1 214 212 208 -1 214 209 212 -1 221 222 295 -1 290 196 308 -1 221 223 205 -1 222 306 287 -1 306 222 286 -1 196 201 335 -1 190 353 194 -1 184 190 347 -1 184 348 183 -1 290 292 187 -1 168 169 307 -1 168 167 169 -1 181 167 168 -1 166 167 181 -1 289 160 155 -1 160 289 161 -1 108 111 68 -1 68 313 3 -1 111 313 68 -1 94 92 343 -1 94 113 92 -1 44 119 120 -1 45 119 44 -1 116 88 1 -1 121 79 7 -1 51 54 53 -1 63 49 61 -1 126 127 128 -1 102 103 97 -1 134 41 36 -1 25 38 42 -1 38 25 118 -1 96 135 123 -1 62 133 332 -1 133 62 143 -1 133 143 125 -1 37 38 62 -1 315 344 337 -1 315 228 344 -1 70 106 95 -1 106 70 87 -1 1 87 129 -1 101 115 148 -1 326 31 324 -1 31 326 18 -1 125 80 124 -1 92 113 93 -1 98 115 101 -1 115 314 94 -1 5 102 104 -1 102 5 97 -1 115 94 345 -1 74 319 102 -1 89 78 79 -1 78 86 82 -1 341 85 79 -1 337 72 315 -1 337 73 72 -1 71 75 65 -1 52 58 47 -1 57 95 54 -1 42 38 37 -1 40 137 334 -1 40 340 137 -1 340 15 137 -1 41 331 340 -1 331 41 10 -1 10 12 35 -1 333 16 13 -1 354 138 9 -1 322 5 6 -1 6 97 354 -1 5 97 6 -1 138 338 9 -1 138 6 338 -1 7 322 320 -1 7 5 322 -1 14 17 16 -1 20 19 16 -1 31 18 27 -1 331 10 35 -1 15 14 13 -1 331 330 340 -1 36 40 334 -1 39 36 334 -1 44 317 45 -1 47 61 49 -1 36 41 40 -1 52 53 47 -1 83 85 341 -1 86 80 81 -1 100 146 90 -1 47 53 54 -1 342 100 312 -1 47 51 56 -1 80 97 5 -1 96 97 80 -1 96 123 122 -1 115 345 148 -1 147 115 98 -1 342 99 101 -1 343 92 115 -1 119 24 26 -1 119 118 24 -1 111 314 313 -1 94 314 111 -1 142 63 318 -1 142 38 63 -1 141 318 125 -1 80 125 120 -1 319 74 140 -1 125 130 116 -1 130 125 80 -1 133 21 122 -1 133 125 21 -1 36 34 134 -1 34 36 59 -1 20 324 23 -1 42 137 136 -1 13 137 15 -1 10 35 11 -1 104 6 138 -1 351 104 139 -1 104 351 321 -1 128 337 344 -1 67 73 74 -1 55 124 125 -1 132 299 315 -1 65 131 315 -1 65 75 131 -1 145 242 89 -1 329 317 50 -1 70 107 108 -1 14 15 149 -1 226 339 69 -1 350 255 280 -1 163 277 190 -1 177 272 178 -1 190 189 165 -1 194 353 190 -1 220 196 195 -1 202 276 200 -1 267 205 309 -1 267 204 205 -1 220 162 163 -1 206 205 223 -1 205 203 218 -1 234 241 243 -1 234 352 241 -1 232 4 237 -1 249 247 245 -1 217 212 219 -1 265 273 304 -1 248 300 249 -1 261 273 349 -1 245 247 246 -1 346 145 323 -1 145 346 152 -1 260 301 336 -1 231 299 339 -1 284 240 151 -1 239 240 284 -1 296 225 224 -1 224 217 296 -1 196 290 200 -1 287 295 222 -1 287 278 295 -1 161 253 280 -1 253 161 270 -1 271 186 188 -1 293 165 185 -1 176 279 258 -1 168 201 181 -1 346 280 153 -1 350 280 346 -1 288 294 140 -1 310 126 281 -1 282 229 281 -1 282 344 229 -1 214 295 213 -1 214 311 295 -1 311 221 295 -1 311 214 208 -1 202 200 286 -1 205 206 207 -1 234 145 152 -1 252 151 266 -1 207 268 205 -1 261 198 275 -1 349 198 261 -1 252 0 151 -1 0 252 336 -1 263 262 265 -1 260 264 239 -1 260 274 261 -1 248 274 260 -1 189 183 302 -1 183 189 184 -1 302 183 170 -1 336 283 0 -1 283 336 301 -1 230 228 298 -1 230 224 228 -1 210 212 209 -1 204 276 202 -1 219 212 217 -1 218 204 222 -1 344 282 128 -1 288 310 285 -1 255 351 139 -1 350 351 255 -1 175 181 200 -1 177 257 272 -1 177 258 257 -1 269 291 271 -1 269 278 291 -1 204 286 222 -1 240 239 217 -1 284 151 240 -1 260 283 301 -1 232 257 258 -1 262 349 265 -1 248 249 274 -1 199 196 200 -1 232 237 154 -1 233 238 241 -1 243 242 234 -1 234 233 352 -1 236 4 241 -1 237 238 235 -1 236 238 237 -1 195 162 220 -1 208 206 223 -1 204 202 286 -1 219 211 212 -1 278 287 306 -1 201 200 181 -1 162 194 192 -1 195 347 194 -1 348 171 183 -1 192 194 193 -1 163 162 192 -1 167 173 169 -1 156 158 157 -1 159 153 155 -1 15 28 149 -1 345 111 109 -1 111 345 94 -1 107 110 114 -1 342 312 99 -1 313 90 116 -1 47 329 50 -1 119 26 120 -1 0 2 77 -1 52 47 51 -1 47 50 51 -1 60 56 55 -1 60 61 56 -1 74 127 105 -1 74 73 127 -1 126 105 127 -1 140 74 288 -1 320 351 323 -1 320 321 351 -1 104 322 6 -1 42 136 25 -1 95 328 55 -1 70 106 87 -1 87 88 129 -1 121 7 320 -1 327 148 345 -1 148 327 101 -1 107 114 111 -1 54 95 57 -1 93 94 115 -1 79 84 81 -1 82 83 78 -1 86 84 85 -1 132 76 339 -1 49 63 43 -1 52 47 58 -1 10 41 12 -1 41 134 12 -1 143 318 141 -1 142 318 143 -1 95 66 328 -1 42 37 39 -1 330 28 340 -1 28 330 29 -1 28 29 30 -1 332 325 62 -1 123 324 31 -1 324 123 135 -1 8 138 9 -1 354 9 6 -1 354 97 138 -1" creaseAngle="1.571">
                    <Coordinate point="-0.0031 1.6353 0.0205 0.0073 1.6419 0.0301 -0.0007 1.6401 0.0298 0.0060 1.6344 0.0202 -0.0030 1.6419 0.0295 0.0122 1.6582 0.0347 0.0189 1.6622 0.0338 0.0103 1.6555 0.0412 0.0320 1.6694 0.0365 0.0252 1.6647 0.0341 0.0581 1.6733 0.0219 0.0597 1.6745 0.0154 0.0540 1.6772 0.0280 0.0432 1.6634 0.0486 0.0438 1.6686 0.0565 0.0471 1.6721 0.0494 0.0414 1.6598 0.0520 0.0419 1.6683 0.0523 0.0333 1.6635 0.0420 0.0395 1.6503 0.0524 0.0369 1.6538 0.0469 0.0180 1.6504 0.0289 0.0347 1.6451 0.0479 0.0329 1.6502 0.0438 0.0302 1.6474 0.0379 0.0389 1.6526 0.0419 0.0247 1.6440 0.0344 0.0321 1.6669 0.0351 0.0496 1.6773 0.0404 0.0537 1.6807 0.0323 0.0445 1.6736 0.0371 0.0289 1.6625 0.0367 0.0317 1.6646 0.0332 0.0386 1.6689 0.0364 0.0458 1.6651 0.0354 0.0591 1.6809 0.0219 0.0507 1.6607 0.0294 0.0451 1.6498 0.0294 0.0409 1.6446 0.0291 0.0478 1.6542 0.0319 0.0522 1.6635 0.0305 0.0545 1.6659 0.0260 0.0443 1.6543 0.0362 0.0421 1.6377 0.0215 0.0267 1.6358 0.0268 0.0282 1.6369 0.0268 0.0373 1.6391 0.0272 0.0317 1.6330 0.0096 0.0398 1.6349 0.0183 0.0345 1.6380 0.0215 0.0290 1.6341 0.0174 0.0262 1.6326 0.0051 0.0332 1.6304 0.0050 0.0326 1.6306 0.0037 0.0267 1.6334 0.0035 0.0180 1.6392 0.0158 0.0258 1.6333 0.0158 0.0252 1.6334 0.0048 0.0322 1.6330 0.0102 0.0466 1.6578 0.0324 0.0249 1.6394 0.0238 0.0282 1.6365 0.0199 0.0393 1.6528 0.0347 0.0358 1.6397 0.0234 0.0513 1.6590 0.0279 0.0108 1.6380 -0.0008 0.0133 1.6427 0.0094 0.0111 1.6467 0.0140 0.0093 1.6303 0.0140 0.0012 1.6279 0.0066 0.0141 1.6358 0.0154 0.0096 1.6357 0.0057 0.0108 1.6429 0.0015 0.0090 1.6502 0.0049 0.0061 1.6517 0.0136 0.0108 1.6318 0.0006 0.0069 1.6274 0.0067 -0.0001 1.6363 0.0207 0.0047 1.6449 0.0311 0.0022 1.6551 0.0363 0.0126 1.6479 0.0332 0.0108 1.6531 0.0363 0.0050 1.6455 0.0217 0.0023 1.6544 0.0247 0.0091 1.6544 0.0289 0.0024 1.6577 0.0260 0.0081 1.6508 0.0222 0.0123 1.6372 0.0219 0.0093 1.6400 0.0287 0.0010 1.6460 0.0390 0.0170 1.6313 0.0360 0.0336 1.6475 0.0423 0.0114 1.6100 0.0397 0.0133 1.6039 0.0356 0.0116 1.6168 0.0301 0.0195 1.6353 0.0092 0.0186 1.6490 0.0307 0.0158 1.6549 0.0285 0.0151 1.6227 0.0413 0.0230 1.6103 0.0338 0.0201 1.6193 0.0369 0.0167 1.6192 0.0385 0.0114 1.6495 0.0192 0.0160 1.6584 0.0187 0.0100 1.6621 0.0245 0.0055 1.6556 0.0088 0.0184 1.6366 0.0077 0.0150 1.6302 0.0157 0.0119 1.6314 0.0154 0.0195 1.6290 0.0282 0.0216 1.6291 0.0204 0.0131 1.6284 0.0214 0.0247 1.6344 0.0271 0.0120 1.6085 0.0329 0.0143 1.6275 0.0220 0.0112 1.6152 0.0341 0.0122 1.6354 0.0325 0.0175 1.6103 0.0394 0.0379 1.6428 0.0350 0.0300 1.6392 0.0327 0.0189 1.6404 0.0310 0.0042 1.6569 0.0432 0.0249 1.6589 0.0300 0.0260 1.6551 0.0350 0.0155 1.6435 0.0237 0.0202 1.6427 0.0295 0.0000 1.6598 0.0077 0.0100 1.6588 0.0039 0.0021 1.6576 0.0017 0.0087 1.6400 0.0287 0.0170 1.6416 0.0305 0.0103 1.6258 -0.0007 0.0056 1.6236 -0.0003 0.0289 1.6535 0.0336 0.0514 1.6694 0.0307 0.0291 1.6491 0.0380 0.0412 1.6587 0.0452 0.0461 1.6645 0.0402 0.0223 1.6643 0.0282 0.0000 1.6608 0.0239 0.0000 1.6534 0.0182 0.0264 1.6445 0.0307 0.0391 1.6454 0.0308 0.0360 1.6466 0.0329 0.0000 1.6320 0.0130 0.0004 1.6530 0.0426 0.0229 1.6313 0.0280 0.0095 1.6227 0.0394 0.0131 1.6219 0.0403 0.0424 1.6701 0.0515 0.0363 1.6695 0.0421 -0.0097 1.6402 0.0287 -0.0081 1.6564 0.0420 -0.0160 1.6621 0.0343 -0.0113 1.6537 0.0363 -0.0223 1.6643 0.0282 -0.0344 1.6705 0.0377 -0.0396 1.6730 0.0381 -0.0299 1.6686 0.0351 -0.0248 1.6648 0.0347 -0.0206 1.6601 0.0334 -0.0147 1.6602 0.0351 -0.0585 1.6741 0.0198 -0.0525 1.6720 0.0296 -0.0598 1.6753 0.0153 -0.0441 1.6715 0.0366 -0.0388 1.6489 0.0531 -0.0414 1.6595 0.0521 -0.0412 1.6587 0.0452 -0.0426 1.6645 0.0519 -0.0435 1.6701 0.0561 -0.0460 1.6694 0.0493 -0.0424 1.6669 0.0528 -0.0424 1.6589 0.0545 -0.0371 1.6538 0.0471 -0.0365 1.6437 0.0371 -0.0304 1.6469 0.0381 -0.0293 1.6481 0.0383 -0.0311 1.6586 0.0373 -0.0333 1.6489 0.0431 -0.0347 1.6451 0.0479 -0.0389 1.6526 0.0419 -0.0306 1.6667 0.0381 -0.0475 1.6735 0.0504 -0.0497 1.6781 0.0401 -0.0385 1.6684 0.0360 -0.0299 1.6634 0.0333 -0.0342 1.6580 0.0350 -0.0298 1.6612 0.0351 -0.0495 1.6783 0.0396 -0.0535 1.6777 0.0322 -0.0432 1.6685 0.0576 -0.0584 1.6764 0.0212 -0.0585 1.6828 0.0235 -0.0559 1.6752 0.0282 -0.0521 1.6656 0.0316 -0.0493 1.6602 0.0325 -0.0155 1.6182 0.0412 -0.0201 1.6193 0.0369 -0.0489 1.6564 0.0295 -0.0447 1.6502 0.0316 -0.0444 1.6554 0.0368 -0.0434 1.6428 0.0261 -0.0396 1.6379 0.0207 -0.0385 1.6415 0.0259 -0.0371 1.6372 0.0216 -0.0390 1.6331 0.0149 -0.0322 1.6350 0.0190 -0.0327 1.6324 0.0090 -0.0287 1.6330 0.0142 -0.0337 1.6301 0.0044 -0.0321 1.6307 0.0016 -0.0251 1.6336 0.0046 -0.0179 1.6392 0.0157 -0.0256 1.6329 0.0147 -0.0123 1.6472 0.0176 -0.0164 1.6407 0.0125 -0.0205 1.6357 0.0084 -0.0378 1.6408 0.0257 -0.0258 1.6330 0.0052 -0.0550 1.6654 0.0243 -0.0327 1.6389 0.0220 -0.0309 1.6420 0.0282 -0.0329 1.6360 0.0171 -0.0109 1.6379 0.0020 -0.0122 1.6430 0.0083 -0.0070 1.6284 0.0086 -0.0088 1.6335 0.0069 -0.0031 1.6397 -0.0020 -0.0090 1.6501 0.0045 -0.0104 1.6287 0.0008 -0.0056 1.6236 -0.0003 -0.0132 1.6459 0.0323 -0.0039 1.6588 0.0261 -0.0025 1.6555 0.0370 -0.0088 1.6556 0.0301 -0.0063 1.6467 0.0195 -0.0095 1.6484 0.0262 -0.0066 1.6529 0.0206 -0.0145 1.6345 0.0152 -0.0130 1.6370 0.0201 -0.0022 1.6487 0.0232 -0.0010 1.6478 0.0411 -0.0021 1.6478 0.0321 -0.0028 1.6405 0.0301 -0.0128 1.6050 0.0372 -0.0103 1.6114 0.0412 -0.0116 1.6109 0.0334 -0.0110 1.6214 0.0312 -0.0113 1.6132 0.0339 -0.0337 1.6630 0.0418 -0.0199 1.6404 0.0312 -0.0148 1.6318 0.0356 -0.0125 1.6536 0.0224 -0.0145 1.6595 0.0180 -0.0088 1.6615 0.0244 -0.0072 1.6560 0.0203 -0.0187 1.6510 0.0307 -0.0195 1.6497 0.0319 -0.0128 1.6456 0.0158 -0.0132 1.6278 0.0220 -0.0195 1.6290 0.0282 -0.0221 1.6101 0.0345 -0.0175 1.6103 0.0394 -0.0216 1.6291 0.0204 -0.0162 1.6196 0.0385 -0.0132 1.6359 0.0325 -0.0300 1.6392 0.0327 -0.0260 1.6354 0.0270 -0.0133 1.6511 0.0229 -0.0150 1.6535 0.0300 -0.0249 1.6589 0.0300 -0.0260 1.6551 0.0350 -0.0147 1.6230 0.0362 -0.0126 1.6250 0.0365 -0.0226 1.6310 0.0280 -0.0389 1.6409 0.0326 -0.0536 1.6746 0.0285 -0.0178 1.6433 0.0251 -0.0247 1.6440 0.0344 -0.0108 1.6624 0.0245 -0.0091 1.6594 0.0040 -0.0033 1.6560 0.0013 -0.0109 1.6316 0.0151 -0.0124 1.6375 0.0218 -0.0077 1.6500 0.0122 -0.0380 1.6464 0.0325 -0.0251 1.6442 0.0295 -0.0019 1.6519 0.0124 -0.0180 1.6569 0.0248 -0.0393 1.6528 0.0347 -0.0289 1.6535 0.0336 -0.0392 1.6618 0.0356 -0.0450 1.6683 0.0360 -0.0067 1.6524 0.0184 -0.0249 1.6394 0.0238 -0.0155 1.6420 0.0101 0.0000 1.6349 -0.0034 -0.0102 1.6236 -0.0022 0.0000 1.6255 -0.0009 -0.0095 1.6227 0.0394 -0.0118 1.6289 0.0212 -0.0422 1.6700 0.0494 -0.0363 1.6695 0.0421 -0.0131 1.6219 0.0403 -0.0060 1.6344 0.0202 -0.0325 1.6474 0.0341 -0.0434 1.6646 0.0463 -0.0490 1.6602 0.0309 -0.0282 1.6369 0.0268 -0.0042 1.6557 0.0088 -0.0282 1.6365 0.0199 0.0254 1.6112 0.0317 0.0100 1.6301 0.0276 0.0101 1.6224 0.0334 0.0031 1.6397 -0.0020 0.0108 1.6435 0.0081 0.0354 1.6371 0.0212 0.0309 1.6420 0.0282 0.0072 1.6560 0.0203 0.0065 1.6599 0.0377 0.0062 1.6615 0.0306 0.0133 1.6596 0.0365 0.0000 1.6595 0.0384 0.0324 1.6560 0.0396 0.0392 1.6618 0.0356 0.0325 1.6628 0.0408 0.0157 1.6232 0.0367 0.0166 1.6406 0.0128 0.0322 1.6350 0.0190 0.0540 1.6757 0.0317 0.0546 1.6743 0.0303 0.0342 1.6580 0.0350 0.0424 1.6589 0.0543 0.0496 1.6602 0.0340 -0.0461 1.6645 0.0402 -0.0100 1.6301 0.0276 0.0032 1.6505 0.0015 0.0243 1.6656 0.0338 0.0006 1.6267 0.0028 0.0494 1.6707 0.0382 0.0009 1.6545 0.0290 0.0219 1.6185 0.0312 0.0097 1.6111 0.0369 -0.0024 1.6498 0.0015 0.0132 1.6239 0.0361 -0.0065 1.6599 0.0377 -0.0499 1.6705 0.0369 -0.0487 1.6716 0.0399 -0.0219 1.6185 0.0312 -0.0062 1.6615 0.0306 0.0000 1.6613 0.0303 -0.0009 1.6545 0.0290 -0.0551 1.6757 0.0298 0.0205 1.6605 0.0341" />
                  </IndexedFaceSet>
                </Shape>
                <Shape>
                  <Appearance USE="Bone" />
                  <IndexedFaceSet coordIndex="22 23 24 -1 26 28 29 -1 34 35 36 -1 39 40 12 -1 41 38 42 -1 51 54 55 -1 56 57 58 -1 10 67 17 -1 66 74 63 -1 25 26 22 -1 42 44 41 -1 85 86 87 -1 63 74 89 -1 102 103 97 -1 27 106 107 -1 104 97 103 -1 113 110 23 -1 118 119 109 -1 106 29 129 -1 132 133 134 -1 104 136 64 -1 138 128 139 -1 142 141 145 -1 87 86 150 -1 18 151 152 -1 99 98 95 -1 83 84 89 -1 82 154 155 -1 47 37 157 -1 162 163 71 -1 160 161 133 -1 165 166 167 -1 50 54 51 -1 49 53 48 -1 168 87 94 -1 40 38 12 -1 33 31 32 -1 28 30 29 -1 169 170 171 -1 173 156 174 -1 175 88 84 -1 129 30 116 -1 112 27 109 -1 99 101 100 -1 104 63 97 -1 136 179 120 -1 122 126 127 -1 144 182 181 -1 181 137 139 -1 60 183 182 -1 60 180 59 -1 145 182 144 -1 126 122 125 -1 96 98 90 -1 185 186 127 -1 108 187 176 -1 189 190 191 -1 190 189 192 -1 194 173 174 -1 80 196 38 -1 169 171 79 -1 85 173 105 -1 45 132 134 -1 89 74 164 -1 83 154 82 -1 93 92 94 -1 0 198 8 -1 199 200 201 -1 186 202 203 -1 204 132 45 -1 27 22 26 -1 206 149 17 -1 141 146 207 -1 143 139 141 -1 139 137 138 -1 133 161 159 -1 116 130 117 -1 116 31 131 -1 107 208 27 -1 126 119 56 -1 121 124 123 -1 108 176 118 -1 119 118 57 -1 114 110 109 -1 110 113 109 -1 118 208 108 -1 97 87 102 -1 87 95 94 -1 95 93 210 -1 89 93 90 -1 94 210 93 -1 85 175 211 -1 83 82 156 -1 80 81 204 -1 76 14 34 -1 212 213 203 -1 75 50 3 -1 49 214 73 -1 45 44 42 -1 31 33 11 -1 7 1 0 -1 0 1 198 -1 153 6 5 -1 216 43 44 -1 157 37 20 -1 64 65 63 -1 63 62 66 -1 17 218 10 -1 38 16 13 -1 197 3 52 -1 212 203 202 -1 196 45 42 -1 204 45 80 -1 88 168 92 -1 91 90 63 -1 107 129 219 -1 107 106 129 -1 118 220 208 -1 177 23 110 -1 22 24 111 -1 208 107 117 -1 159 134 133 -1 65 64 183 -1 135 128 138 -1 141 199 201 -1 50 55 205 -1 0 48 53 -1 186 203 221 -1 148 139 128 -1 5 4 205 -1 98 96 95 -1 154 89 164 -1 38 196 42 -1 72 222 73 -1 72 157 20 -1 161 72 159 -1 166 160 167 -1 160 166 163 -1 165 70 71 -1 54 71 59 -1 70 62 59 -1 39 14 34 -1 28 171 32 -1 80 38 172 -1 26 25 79 -1 169 78 80 -1 195 174 156 -1 209 105 194 -1 173 85 211 -1 92 84 88 -1 88 87 168 -1 168 94 92 -1 31 11 193 -1 193 192 116 -1 188 223 185 -1 108 130 188 -1 23 22 27 -1 24 105 111 -1 101 99 95 -1 99 100 98 -1 104 114 136 -1 114 115 179 -1 125 120 179 -1 114 109 115 -1 135 121 128 -1 146 142 143 -1 2 146 147 -1 183 120 181 -1 60 65 183 -1 64 120 183 -1 54 184 55 -1 182 180 60 -1 125 179 115 -1 136 114 179 -1 177 104 103 -1 27 220 109 -1 140 127 186 -1 176 187 57 -1 211 156 173 -1 79 171 28 -1 32 171 33 -1 59 62 61 -1 164 74 165 -1 167 164 165 -1 160 133 167 -1 71 75 162 -1 72 69 159 -1 157 72 73 -1 81 156 82 -1 89 154 83 -1 89 91 63 -1 18 149 206 -1 113 23 109 -1 146 141 142 -1 143 142 145 -1 148 141 139 -1 104 64 63 -1 132 155 133 -1 130 108 117 -1 109 126 125 -1 119 126 109 -1 109 23 112 -1 23 27 112 -1 111 105 209 -1 220 118 109 -1 105 102 150 -1 178 101 87 -1 97 178 87 -1 97 96 95 -1 95 96 90 -1 94 95 210 -1 90 91 89 -1 88 85 87 -1 204 81 82 -1 80 45 196 -1 25 22 111 -1 29 27 26 -1 31 77 30 -1 70 59 71 -1 180 145 59 -1 59 145 184 -1 55 50 51 -1 12 14 39 -1 37 47 17 -1 11 34 36 -1 34 14 35 -1 10 17 67 -1 30 77 116 -1 1 6 153 -1 7 6 1 -1 63 65 62 -1 61 62 60 -1 215 9 217 -1 9 215 21 -1 20 37 18 -1 18 37 149 -1 25 111 209 -1 222 72 161 -1 14 190 34 -1 79 25 224 -1 81 80 195 -1 88 225 226 -1 225 85 226 -1 88 175 225 -1 116 219 129 -1 223 116 192 -1 57 118 176 -1 116 117 219 -1 55 184 145 -1 120 64 136 -1 9 10 217 -1 213 15 203 -1 15 19 227 -1 140 186 221 -1 228 151 18 -1 151 228 229 -1 230 228 206 -1 230 231 228 -1 230 8 198 -1 230 10 8 -1 148 199 141 -1 148 232 199 -1 1 233 198 -1 1 153 233 -1 84 92 93 -1 83 175 84 -1 52 158 197 -1 222 158 73 -1 222 234 158 -1 38 40 172 -1 79 28 26 -1 79 78 169 -1 80 174 195 -1 211 175 83 -1 186 189 202 -1 185 192 189 -1 185 223 192 -1 189 186 185 -1 116 188 130 -1 223 188 116 -1 56 58 127 -1 105 103 102 -1 105 235 103 -1 101 178 97 -1 98 63 90 -1 98 100 63 -1 127 121 122 -1 127 128 121 -1 144 181 139 -1 183 181 182 -1 144 143 145 -1 140 128 127 -1 63 100 97 -1 235 177 103 -1 235 24 177 -1 24 235 105 -1 177 24 23 -1 57 56 119 -1 187 188 185 -1 83 156 211 -1 173 194 105 -1 194 25 209 -1 224 25 194 -1 34 40 39 -1 48 214 49 -1 166 165 163 -1 162 160 163 -1 162 234 160 -1 72 43 216 -1 93 95 90 -1 200 205 55 -1 205 200 236 -1 232 237 199 -1 232 238 237 -1 10 9 8 -1 229 231 238 -1 231 229 228 -1 128 140 239 -1 18 206 228 -1 227 151 240 -1 151 227 19 -1 203 227 221 -1 203 15 227 -1 102 87 150 -1 147 146 2 -1 207 146 147 -1 147 143 141 -1 125 124 120 -1 124 125 123 -1 121 125 122 -1 123 125 121 -1 121 120 124 -1 115 109 125 -1 208 117 108 -1 78 79 224 -1 34 190 192 -1 17 149 37 -1 48 0 68 -1 52 6 53 -1 49 52 53 -1 49 73 158 -1 44 15 41 -1 46 21 215 -1 20 19 43 -1 20 152 19 -1 60 59 61 -1 62 65 60 -1 43 72 20 -1 28 32 30 -1 4 5 3 -1 4 50 205 -1 30 32 31 -1 4 3 50 -1 53 6 7 -1 57 187 58 -1 184 54 59 -1 62 74 66 -1 41 16 38 -1 17 47 46 -1 10 215 217 -1 218 215 10 -1 68 214 48 -1 52 49 158 -1 52 5 6 -1 53 7 0 -1 43 15 44 -1 43 19 15 -1 38 13 12 -1 234 161 160 -1 222 161 234 -1 34 192 193 -1 156 81 195 -1 226 85 88 -1 144 139 143 -1 72 44 69 -1 72 216 44 -1 221 239 140 -1 229 240 151 -1 240 229 241 -1 232 128 241 -1 232 148 128 -1 206 10 230 -1 17 10 206 -1 231 198 233 -1 231 230 198 -1 153 237 233 -1 153 236 237 -1 84 93 89 -1 167 155 154 -1 167 133 155 -1 155 204 82 -1 132 204 155 -1 234 197 158 -1 234 162 197 -1 54 75 71 -1 75 54 50 -1 21 8 9 -1 8 21 68 -1 76 36 35 -1 36 76 11 -1 105 86 85 -1 105 150 86 -1 170 33 171 -1 170 34 33 -1 78 174 80 -1 191 202 189 -1 212 202 191 -1 185 127 58 -1 127 126 56 -1 31 116 77 -1 30 129 29 -1 110 114 177 -1 147 141 207 -1 145 141 201 -1 55 201 200 -1 145 201 55 -1 145 180 182 -1 181 120 137 -1 143 147 146 -1 137 135 138 -1 120 135 137 -1 27 208 220 -1 185 58 187 -1 188 187 108 -1 12 191 190 -1 12 13 191 -1 116 31 193 -1 131 31 116 -1 14 12 190 -1 13 212 191 -1 16 212 13 -1 224 174 78 -1 224 194 174 -1 169 80 172 -1 40 169 172 -1 40 170 169 -1 34 170 40 -1 11 33 34 -1 16 41 15 -1 46 68 21 -1 68 46 214 -1 70 165 62 -1 165 71 163 -1 159 45 134 -1 159 69 45 -1 3 162 75 -1 3 197 162 -1 157 214 46 -1 157 73 214 -1 154 164 167 -1 236 5 205 -1 5 236 153 -1 199 236 200 -1 236 199 237 -1 233 238 231 -1 238 233 237 -1 241 238 232 -1 238 241 229 -1 239 241 128 -1 239 240 241 -1 240 221 227 -1 240 239 221 -1 151 19 152 -1 135 120 121 -1 106 27 29 -1 117 107 219 -1 104 177 114 -1 100 101 97 -1 95 87 101 -1 96 97 95 -1 85 225 175 -1 34 193 11 -1 76 34 11 -1 165 74 62 -1 69 44 45 -1 14 76 35 -1 16 213 212 -1 16 15 213 -1 20 18 152 -1 68 0 8 -1 5 52 3 -1 46 47 157 -1 46 215 218 -1 46 218 17 -1" creaseAngle="1.571">
                    <Coordinate point="0.0616 1.6796 0.0168 0.0615 1.6760 0.0161 0.0614 1.6382 0.0313 0.0516 1.6557 0.0246 0.0498 1.6566 0.0307 0.0537 1.6619 0.0255 0.0565 1.6677 0.0229 0.0590 1.6741 0.0221 0.0637 1.6831 0.0096 0.0655 1.6901 0.0058 0.0673 1.6880 -0.0027 0.0438 1.6372 -0.0576 0.0518 1.6597 -0.0568 0.0553 1.6639 -0.0574 0.0470 1.6517 -0.0643 0.0623 1.6665 -0.0402 0.0598 1.6666 -0.0495 0.0678 1.6869 -0.0103 0.0679 1.6817 -0.0208 0.0647 1.6713 -0.0347 0.0640 1.6692 -0.0239 0.0640 1.6827 0.0052 0.0363 1.6226 -0.0239 0.0392 1.6218 -0.0164 0.0342 1.6287 -0.0187 0.0386 1.6238 -0.0317 0.0401 1.6221 -0.0341 0.0417 1.6183 -0.0272 0.0454 1.6259 -0.0352 0.0434 1.6194 -0.0356 0.0431 1.6217 -0.0416 0.0428 1.6299 -0.0539 0.0452 1.6266 -0.0422 0.0460 1.6361 -0.0511 0.0487 1.6438 -0.0565 0.0443 1.6469 -0.0594 0.0436 1.6402 -0.0581 0.0661 1.6755 -0.0175 0.0546 1.6624 -0.0500 0.0499 1.6534 -0.0546 0.0544 1.6539 -0.0489 0.0581 1.6633 -0.0417 0.0567 1.6635 -0.0429 0.0629 1.6671 -0.0258 0.0597 1.6641 -0.0350 0.0568 1.6553 -0.0336 0.0637 1.6781 -0.0030 0.0656 1.6782 -0.0117 0.0604 1.6749 0.0108 0.0615 1.6679 0.0054 0.0476 1.6505 0.0279 0.0444 1.6470 0.0292 0.0566 1.6630 0.0191 0.0586 1.6710 0.0166 0.0418 1.6408 0.0229 0.0477 1.6412 0.0211 0.0549 1.6248 -0.0223 0.0545 1.6217 -0.0235 0.0574 1.6302 -0.0262 0.0359 1.6358 0.0157 0.0386 1.6315 0.0109 0.0330 1.6345 0.0111 0.0348 1.6324 0.0076 0.0312 1.6298 -0.0002 0.0347 1.6302 -0.0016 0.0338 1.6301 0.0006 0.0330 1.6312 0.0013 0.0674 1.6910 -0.0032 0.0631 1.6813 0.0073 0.0607 1.6592 -0.0280 0.0420 1.6382 0.0107 0.0484 1.6412 0.0143 0.0628 1.6621 -0.0208 0.0638 1.6650 -0.0039 0.0384 1.6375 0.0037 0.0513 1.6500 0.0203 0.0460 1.6489 -0.0647 0.0426 1.6243 -0.0499 0.0466 1.6419 -0.0350 0.0462 1.6317 -0.0342 0.0470 1.6509 -0.0368 0.0431 1.6497 -0.0310 0.0379 1.6484 -0.0218 0.0323 1.6454 -0.0180 0.0264 1.6438 -0.0104 0.0264 1.6361 -0.0170 0.0207 1.6305 -0.0166 0.0195 1.6299 -0.0141 0.0248 1.6376 -0.0112 0.0312 1.6387 -0.0064 0.0267 1.6341 0.0004 0.0270 1.6361 -0.0011 0.0186 1.6424 -0.0059 0.0222 1.6408 -0.0039 0.0139 1.6386 -0.0026 0.0170 1.6337 -0.0001 0.0202 1.6313 0.0055 0.0251 1.6272 -0.0081 0.0185 1.6294 0.0067 0.0169 1.6284 0.0050 0.0218 1.6272 0.0014 0.0193 1.6266 0.0001 0.0231 1.6277 -0.0168 0.0287 1.6257 -0.0111 0.0328 1.6233 -0.0057 0.0300 1.6292 -0.0225 0.0451 1.6184 -0.0348 0.0462 1.6197 -0.0334 0.0538 1.6182 -0.0353 0.0450 1.6198 -0.0168 0.0403 1.6206 -0.0145 0.0354 1.6244 -0.0246 0.0420 1.6232 -0.0209 0.0392 1.6146 -0.0122 0.0396 1.6245 -0.0078 0.0405 1.6214 -0.0091 0.0457 1.6266 -0.0494 0.0497 1.6221 -0.0403 0.0490 1.6162 -0.0240 0.0519 1.6212 -0.0205 0.0455 1.6354 -0.0053 0.0401 1.6367 -0.0141 0.0462 1.6356 -0.0162 0.0379 1.6299 -0.0126 0.0397 1.6346 -0.0084 0.0451 1.6289 -0.0145 0.0536 1.6268 -0.0204 0.0555 1.6346 -0.0235 0.0567 1.6431 -0.0138 0.0459 1.6217 -0.0416 0.0511 1.6210 -0.0407 0.0488 1.6288 -0.0489 0.0530 1.6475 -0.0272 0.0545 1.6460 -0.0140 0.0587 1.6502 -0.0255 0.0487 1.6386 -0.0110 0.0387 1.6276 -0.0065 0.0518 1.6368 -0.0032 0.0539 1.6380 -0.0086 0.0560 1.6390 -0.0001 0.0586 1.6437 -0.0227 0.0566 1.6408 0.0052 0.0565 1.6375 0.0119 0.0534 1.6334 0.0139 0.0558 1.6350 0.0081 0.0507 1.6346 0.0155 0.0621 1.6378 0.0196 0.0621 1.6373 0.0245 0.0574 1.6426 -0.0043 0.0681 1.6839 -0.0181 0.0268 1.6275 -0.0221 0.0660 1.6692 -0.0239 0.0658 1.6730 -0.0287 0.0597 1.6669 0.0158 0.0412 1.6436 -0.0119 0.0477 1.6469 -0.0180 0.0358 1.6472 -0.0233 0.0651 1.6690 -0.0157 0.0610 1.6638 0.0062 0.0617 1.6562 -0.0222 0.0550 1.6455 -0.0006 0.0593 1.6507 -0.0087 0.0551 1.6522 0.0121 0.0522 1.6431 0.0084 0.0420 1.6398 -0.0004 0.0410 1.6390 0.0043 0.0528 1.6432 -0.0010 0.0489 1.6426 -0.0043 0.0224 1.6382 -0.0114 0.0517 1.6420 -0.0387 0.0518 1.6419 -0.0474 0.0498 1.6329 -0.0447 0.0536 1.6505 -0.0437 0.0329 1.6363 -0.0251 0.0418 1.6435 -0.0309 0.0265 1.6433 -0.0127 0.0552 1.6174 -0.0295 0.0342 1.6245 -0.0122 0.0183 1.6293 -0.0116 0.0433 1.6271 -0.0086 0.0442 1.6340 0.0122 0.0458 1.6395 0.0034 0.0466 1.6355 0.0078 0.0396 1.6359 0.0010 0.0422 1.6359 0.0189 0.0579 1.6346 -0.0380 0.0591 1.6421 -0.0341 0.0569 1.6237 -0.0317 0.0562 1.6259 -0.0401 0.0572 1.6454 -0.0466 0.0529 1.6489 -0.0566 0.0560 1.6549 -0.0524 0.0537 1.6391 -0.0513 0.0498 1.6361 -0.0536 0.0390 1.6350 -0.0283 0.0422 1.6473 -0.0312 0.0497 1.6555 -0.0407 0.0570 1.6582 0.0148 0.0636 1.6767 0.0077 0.0587 1.6525 0.0058 0.0548 1.6488 0.0128 0.0535 1.6424 0.0096 0.0594 1.6529 -0.0429 0.0604 1.6584 -0.0410 0.0450 1.6498 -0.0303 0.0515 1.6527 0.0243 0.0681 1.6814 -0.0124 0.0626 1.6391 0.0174 0.0467 1.6208 -0.0324 0.0323 1.6275 -0.0305 0.0157 1.6400 -0.0013 0.0297 1.6444 -0.0192 0.0585 1.6605 -0.0493 0.0610 1.6652 -0.0455 0.0625 1.6754 0.0015 0.0652 1.6840 0.0003 0.0624 1.6662 -0.0271 0.0671 1.6913 -0.0001 0.0659 1.6847 -0.0024 0.0475 1.6225 -0.0405 0.0487 1.6161 -0.0259 0.0597 1.6512 -0.0326 0.0613 1.6577 -0.0059 0.0562 1.6301 -0.0435 0.0438 1.6321 -0.0322 0.0309 1.6362 -0.0139 0.0273 1.6371 -0.0109 0.0627 1.6617 -0.0329 0.0672 1.6745 -0.0129 0.0657 1.6655 -0.0134 0.0667 1.6793 -0.0029 0.0656 1.6726 -0.0034 0.0612 1.6545 -0.0040 0.0626 1.6698 0.0069 0.0593 1.6551 0.0026 0.0325 1.6289 -0.0174 0.0579 1.6583 0.0142 0.0614 1.6612 0.0059 0.0640 1.6632 -0.0039 0.0588 1.6472 -0.0228 0.0619 1.6584 -0.0238 0.0619 1.6558 -0.0135" />
                  </IndexedFaceSet>
                </Shape>
                <Shape>
                  <Appearance USE="Bone" />
                  <IndexedFaceSet coordIndex="6 4 5 -1 15 14 33 -1 37 38 39 -1 40 37 41 -1 48 23 49 -1 61 62 63 -1 12 25 47 -1 17 16 40 -1 65 66 49 -1 6 50 70 -1 71 16 72 -1 73 14 15 -1 75 28 26 -1 82 83 84 -1 85 88 89 -1 83 82 92 -1 95 98 102 -1 97 103 98 -1 104 105 98 -1 106 107 108 -1 115 116 117 -1 118 119 120 -1 112 114 124 -1 112 123 110 -1 129 122 130 -1 131 132 118 -1 122 129 120 -1 133 134 127 -1 135 127 136 -1 136 133 135 -1 112 118 143 -1 143 118 115 -1 124 114 117 -1 145 146 128 -1 148 150 151 -1 165 166 167 -1 168 54 50 -1 169 100 110 -1 171 67 68 -1 88 172 89 -1 173 71 174 -1 142 155 175 -1 166 165 176 -1 11 0 9 -1 147 153 93 -1 45 46 67 -1 150 67 151 -1 154 177 178 -1 178 177 179 -1 53 180 181 -1 20 182 21 -1 77 73 78 -1 77 183 184 -1 186 184 187 -1 85 189 187 -1 83 92 191 -1 194 195 76 -1 198 146 199 -1 174 196 200 -1 169 107 100 -1 137 133 138 -1 142 133 202 -1 157 141 142 -1 192 203 152 -1 159 155 192 -1 152 127 63 -1 58 205 164 -1 204 205 57 -1 175 155 159 -1 206 160 161 -1 121 126 125 -1 26 123 112 -1 30 75 112 -1 118 132 199 -1 184 183 187 -1 29 31 208 -1 79 184 185 -1 17 40 36 -1 95 108 91 -1 181 153 147 -1 154 151 177 -1 65 67 46 -1 90 84 89 -1 154 178 211 -1 82 212 211 -1 61 99 93 -1 20 214 24 -1 113 109 107 -1 215 12 13 -1 204 206 161 -1 63 126 121 -1 149 216 172 -1 137 138 122 -1 133 136 127 -1 112 124 30 -1 108 107 109 -1 106 100 107 -1 94 97 100 -1 98 94 101 -1 93 99 94 -1 212 84 90 -1 86 88 85 -1 15 35 73 -1 23 9 8 -1 53 59 180 -1 58 152 62 -1 200 129 140 -1 51 50 52 -1 88 41 37 -1 35 17 36 -1 64 46 18 -1 217 73 77 -1 74 34 32 -1 2 1 9 -1 2 9 0 -1 27 123 26 -1 207 217 77 -1 78 73 35 -1 36 78 35 -1 46 64 43 -1 50 54 52 -1 55 57 205 -1 80 26 28 -1 75 30 29 -1 109 92 91 -1 93 153 61 -1 102 105 106 -1 122 120 119 -1 115 145 128 -1 80 111 26 -1 122 138 130 -1 127 134 133 -1 116 144 117 -1 145 118 146 -1 148 149 172 -1 99 63 121 -1 155 127 203 -1 155 142 158 -1 163 161 159 -1 204 165 206 -1 167 175 159 -1 170 162 161 -1 10 11 9 -1 215 13 18 -1 211 93 82 -1 178 147 211 -1 150 68 67 -1 154 149 151 -1 51 52 50 -1 185 34 79 -1 208 184 186 -1 190 84 191 -1 191 84 83 -1 129 222 132 -1 174 156 157 -1 120 132 131 -1 34 31 116 -1 122 119 112 -1 26 112 75 -1 100 121 110 -1 100 99 121 -1 127 139 126 -1 122 125 139 -1 141 138 133 -1 155 158 202 -1 157 156 141 -1 58 164 152 -1 62 152 63 -1 56 205 58 -1 54 55 52 -1 204 57 165 -1 139 125 126 -1 152 203 127 -1 201 99 104 -1 111 27 26 -1 132 222 199 -1 197 198 196 -1 223 194 76 -1 128 223 193 -1 96 95 91 -1 91 82 96 -1 221 111 80 -1 190 191 221 -1 190 87 84 -1 28 29 81 -1 185 184 208 -1 36 77 78 -1 111 191 92 -1 59 60 180 -1 59 53 52 -1 65 224 67 -1 69 44 6 -1 148 172 88 -1 147 93 211 -1 90 211 212 -1 168 6 5 -1 173 219 71 -1 39 171 68 -1 29 28 75 -1 161 162 170 -1 18 19 220 -1 164 205 163 -1 159 161 162 -1 158 142 202 -1 151 149 148 -1 128 32 34 -1 29 30 144 -1 140 130 138 -1 122 112 125 -1 115 117 143 -1 94 100 101 -1 41 88 86 -1 79 34 32 -1 71 219 16 -1 153 60 61 -1 60 58 62 -1 42 171 39 -1 37 39 88 -1 5 7 213 -1 32 207 77 -1 9 1 8 -1 168 50 6 -1 31 185 208 -1 7 5 44 -1 222 129 200 -1 43 64 18 -1 218 43 25 -1 209 49 44 -1 44 49 23 -1 7 44 23 -1 9 23 48 -1 46 19 18 -1 151 225 177 -1 225 151 224 -1 223 33 193 -1 92 91 226 -1 98 95 94 -1 97 101 100 -1 227 219 173 -1 227 38 219 -1 214 227 228 -1 21 227 214 -1 220 24 229 -1 220 19 24 -1 157 142 230 -1 231 232 233 -1 229 232 231 -1 11 12 215 -1 234 235 166 -1 234 233 235 -1 168 176 54 -1 236 176 168 -1 94 82 93 -1 94 96 82 -1 216 154 211 -1 216 149 154 -1 89 216 90 -1 216 89 172 -1 41 86 40 -1 171 42 67 -1 69 225 209 -1 69 237 225 -1 177 237 179 -1 177 225 237 -1 179 181 178 -1 55 56 59 -1 66 48 49 -1 109 111 92 -1 113 111 109 -1 86 188 40 -1 188 86 85 -1 190 189 85 -1 221 191 111 -1 71 195 194 -1 195 71 72 -1 138 156 140 -1 138 141 156 -1 27 110 123 -1 110 27 111 -1 125 112 110 -1 110 111 169 -1 111 113 107 -1 164 192 152 -1 163 205 204 -1 203 192 155 -1 133 142 141 -1 202 127 155 -1 104 98 103 -1 94 99 97 -1 200 140 156 -1 198 128 146 -1 128 198 197 -1 174 194 196 -1 223 196 194 -1 223 197 196 -1 194 174 71 -1 87 190 85 -1 189 81 187 -1 208 81 29 -1 208 186 81 -1 36 40 188 -1 187 36 188 -1 187 183 36 -1 55 59 52 -1 53 181 179 -1 178 181 147 -1 237 6 70 -1 69 6 237 -1 66 46 43 -1 65 46 66 -1 211 90 216 -1 238 1 0 -1 238 213 1 -1 166 175 167 -1 166 235 175 -1 11 239 0 -1 11 215 239 -1 229 239 220 -1 229 231 239 -1 214 229 24 -1 232 229 214 -1 174 157 173 -1 21 38 227 -1 21 22 38 -1 38 16 219 -1 102 108 95 -1 21 214 20 -1 165 167 159 -1 63 127 126 -1 57 55 54 -1 127 202 133 -1 139 137 122 -1 137 139 127 -1 135 137 127 -1 115 128 116 -1 100 105 104 -1 96 94 95 -1 33 207 32 -1 193 33 32 -1 67 224 151 -1 14 73 217 -1 22 182 42 -1 10 48 11 -1 10 9 48 -1 16 37 40 -1 25 43 47 -1 47 43 18 -1 56 55 205 -1 7 1 213 -1 1 7 8 -1 67 210 45 -1 44 5 6 -1 62 61 60 -1 59 58 60 -1 12 47 13 -1 11 25 12 -1 218 25 11 -1 19 46 24 -1 20 24 182 -1 39 68 88 -1 60 153 181 -1 33 14 207 -1 76 15 33 -1 79 77 184 -1 85 89 87 -1 226 91 92 -1 92 82 91 -1 101 97 98 -1 105 102 98 -1 117 112 143 -1 117 114 112 -1 125 110 121 -1 128 197 223 -1 132 120 129 -1 31 29 144 -1 124 144 30 -1 144 124 117 -1 164 163 192 -1 160 206 159 -1 159 161 160 -1 159 162 161 -1 173 228 227 -1 173 230 228 -1 240 230 142 -1 240 228 230 -1 233 240 235 -1 232 240 233 -1 233 238 231 -1 234 238 233 -1 236 166 176 -1 234 166 236 -1 5 236 168 -1 236 5 213 -1 209 44 69 -1 209 224 65 -1 209 225 224 -1 179 70 53 -1 179 237 70 -1 88 150 148 -1 88 68 150 -1 181 180 60 -1 48 43 218 -1 66 43 48 -1 38 37 16 -1 183 77 36 -1 85 187 188 -1 190 81 189 -1 190 221 81 -1 108 109 91 -1 72 17 195 -1 17 72 16 -1 35 15 76 -1 32 128 193 -1 195 35 76 -1 195 17 35 -1 222 198 199 -1 200 196 222 -1 119 118 112 -1 169 111 107 -1 106 105 100 -1 99 201 97 -1 97 104 103 -1 97 201 104 -1 192 163 159 -1 165 54 176 -1 54 165 57 -1 3 170 162 -1 161 163 204 -1 162 170 3 -1 100 104 99 -1 108 102 106 -1 144 116 31 -1 118 120 131 -1 130 140 129 -1 200 156 174 -1 198 222 196 -1 28 221 80 -1 221 28 81 -1 186 187 81 -1 34 74 32 -1 207 14 217 -1 39 38 22 -1 48 218 11 -1 70 52 53 -1 50 52 70 -1 234 213 238 -1 234 236 213 -1 0 231 238 -1 0 239 231 -1 215 220 239 -1 215 18 220 -1 142 235 240 -1 142 175 235 -1 228 232 214 -1 240 232 228 -1 230 173 157 -1 165 159 206 -1 34 116 128 -1 137 135 133 -1 145 115 118 -1 87 89 84 -1 82 84 212 -1 32 77 79 -1 76 33 223 -1 22 42 39 -1 22 21 182 -1 182 45 210 -1 182 24 45 -1 24 46 45 -1 209 65 49 -1 13 47 18 -1 182 210 42 -1 56 58 59 -1 99 61 63 -1 199 146 118 -1 7 23 8 -1 67 42 210 -1 185 31 34 -1 5 4 6 -1" creaseAngle="1.571">
                    <Coordinate point="-0.0636 1.6767 0.0077 -0.0611 1.6737 0.0164 -0.0621 1.6772 0.0147 -0.0623 1.6382 0.0275 -0.0504 1.6573 0.0299 -0.0543 1.6617 0.0239 -0.0510 1.6563 0.0271 -0.0570 1.6685 0.0217 -0.0595 1.6750 0.0214 -0.0620 1.6796 0.0156 -0.0620 1.6851 0.0170 -0.0637 1.6832 0.0096 -0.0658 1.6904 0.0046 -0.0672 1.6904 -0.0010 -0.0464 1.6493 -0.0649 -0.0478 1.6526 -0.0648 -0.0606 1.6665 -0.0475 -0.0539 1.6620 -0.0554 -0.0677 1.6889 -0.0079 -0.0680 1.6832 -0.0190 -0.0670 1.6760 -0.0287 -0.0651 1.6714 -0.0318 -0.0638 1.6699 -0.0360 -0.0593 1.6726 0.0142 -0.0664 1.6749 -0.0235 -0.0644 1.6826 0.0017 -0.0350 1.6256 -0.0249 -0.0342 1.6291 -0.0194 -0.0395 1.6231 -0.0322 -0.0414 1.6214 -0.0340 -0.0418 1.6176 -0.0286 -0.0431 1.6217 -0.0416 -0.0437 1.6341 -0.0552 -0.0486 1.6438 -0.0589 -0.0439 1.6261 -0.0501 -0.0505 1.6579 -0.0599 -0.0544 1.6539 -0.0489 -0.0565 1.6637 -0.0452 -0.0609 1.6647 -0.0404 -0.0599 1.6640 -0.0350 -0.0550 1.6627 -0.0488 -0.0561 1.6628 -0.0420 -0.0629 1.6670 -0.0259 -0.0636 1.6781 -0.0023 -0.0556 1.6626 0.0213 -0.0650 1.6712 -0.0231 -0.0655 1.6733 -0.0161 -0.0654 1.6839 -0.0010 -0.0631 1.6812 0.0072 -0.0615 1.6679 0.0054 -0.0474 1.6506 0.0281 -0.0439 1.6456 0.0274 -0.0425 1.6418 0.0233 -0.0484 1.6412 0.0143 -0.0477 1.6412 0.0211 -0.0419 1.6368 0.0198 -0.0359 1.6353 0.0160 -0.0479 1.6359 0.0172 -0.0384 1.6310 0.0096 -0.0358 1.6362 0.0149 -0.0329 1.6337 0.0087 -0.0328 1.6322 0.0027 -0.0365 1.6301 0.0010 -0.0329 1.6315 0.0008 -0.0656 1.6786 -0.0114 -0.0638 1.6650 -0.0039 -0.0626 1.6767 0.0015 -0.0628 1.6621 -0.0208 -0.0607 1.6592 -0.0280 -0.0570 1.6582 0.0148 -0.0513 1.6500 0.0203 -0.0594 1.6529 -0.0429 -0.0585 1.6605 -0.0493 -0.0459 1.6525 -0.0598 -0.0420 1.6263 -0.0515 -0.0382 1.6203 -0.0243 -0.0529 1.6489 -0.0566 -0.0477 1.6434 -0.0526 -0.0499 1.6534 -0.0546 -0.0463 1.6343 -0.0497 -0.0323 1.6275 -0.0305 -0.0438 1.6321 -0.0322 -0.0262 1.6435 -0.0109 -0.0297 1.6444 -0.0193 -0.0334 1.6467 -0.0224 -0.0470 1.6509 -0.0368 -0.0497 1.6555 -0.0407 -0.0419 1.6473 -0.0313 -0.0568 1.6553 -0.0336 -0.0444 1.6498 -0.0305 -0.0394 1.6486 -0.0208 -0.0227 1.6388 -0.0113 -0.0273 1.6363 -0.0157 -0.0313 1.6388 -0.0064 -0.0219 1.6367 -0.0001 -0.0130 1.6388 -0.0028 -0.0190 1.6418 -0.0048 -0.0189 1.6305 0.0059 -0.0171 1.6291 0.0012 -0.0285 1.6330 -0.0008 -0.0274 1.6266 -0.0081 -0.0257 1.6273 -0.0068 -0.0150 1.6315 -0.0080 -0.0184 1.6268 0.0032 -0.0220 1.6268 -0.0003 -0.0201 1.6266 -0.0024 -0.0204 1.6275 -0.0122 -0.0248 1.6261 -0.0174 -0.0168 1.6320 -0.0131 -0.0223 1.6308 -0.0184 -0.0342 1.6245 -0.0122 -0.0307 1.6284 -0.0212 -0.0414 1.6198 -0.0164 -0.0270 1.6277 -0.0229 -0.0426 1.6182 -0.0274 -0.0486 1.6223 -0.0404 -0.0456 1.6218 -0.0417 -0.0448 1.6185 -0.0349 -0.0489 1.6183 -0.0329 -0.0481 1.6168 -0.0256 -0.0490 1.6157 -0.0250 -0.0328 1.6233 -0.0057 -0.0449 1.6200 -0.0173 -0.0380 1.6230 -0.0184 -0.0422 1.6180 -0.0278 -0.0405 1.6214 -0.0091 -0.0387 1.6276 -0.0065 -0.0419 1.6323 -0.0085 -0.0494 1.6283 -0.0481 -0.0545 1.6217 -0.0235 -0.0519 1.6212 -0.0205 -0.0506 1.6168 -0.0330 -0.0552 1.6174 -0.0295 -0.0471 1.6359 -0.0139 -0.0445 1.6324 -0.0076 -0.0382 1.6326 -0.0135 -0.0384 1.6355 -0.0132 -0.0460 1.6333 -0.0161 -0.0536 1.6269 -0.0204 -0.0441 1.6300 -0.0086 -0.0549 1.6249 -0.0223 -0.0538 1.6365 -0.0202 -0.0567 1.6431 -0.0138 -0.0471 1.6197 -0.0327 -0.0433 1.6196 -0.0358 -0.0502 1.6219 -0.0403 -0.0511 1.6210 -0.0407 -0.0421 1.6398 -0.0004 -0.0587 1.6502 -0.0255 -0.0545 1.6460 -0.0140 -0.0617 1.6562 -0.0222 -0.0593 1.6507 -0.0087 -0.0378 1.6322 0.0014 -0.0383 1.6376 0.0031 -0.0501 1.6433 -0.0066 -0.0559 1.6394 -0.0034 -0.0574 1.6333 -0.0264 -0.0586 1.6437 -0.0227 -0.0539 1.6380 -0.0086 -0.0581 1.6385 0.0061 -0.0563 1.6378 0.0118 -0.0568 1.6340 0.0158 -0.0626 1.6382 0.0221 -0.0513 1.6354 0.0081 -0.0440 1.6358 0.0070 -0.0549 1.6405 0.0086 -0.0587 1.6525 0.0058 -0.0548 1.6420 0.0060 -0.0515 1.6527 0.0243 -0.0286 1.6250 -0.0136 -0.0626 1.6385 0.0214 -0.0624 1.6662 -0.0271 -0.0530 1.6475 -0.0272 -0.0597 1.6512 -0.0326 -0.0591 1.6421 -0.0341 -0.0572 1.6423 -0.0042 -0.0548 1.6488 0.0128 -0.0550 1.6455 -0.0006 -0.0502 1.6425 -0.0015 -0.0522 1.6431 0.0084 -0.0420 1.6382 0.0107 -0.0407 1.6388 0.0042 -0.0653 1.6716 -0.0297 -0.0518 1.6419 -0.0474 -0.0498 1.6329 -0.0447 -0.0452 1.6266 -0.0422 -0.0485 1.6313 -0.0363 -0.0517 1.6420 -0.0387 -0.0536 1.6505 -0.0437 -0.0466 1.6419 -0.0350 -0.0416 1.6435 -0.0309 -0.0329 1.6363 -0.0251 -0.0458 1.6395 0.0034 -0.0498 1.6361 -0.0536 -0.0572 1.6454 -0.0466 -0.0560 1.6549 -0.0524 -0.0579 1.6346 -0.0380 -0.0562 1.6301 -0.0435 -0.0562 1.6259 -0.0401 -0.0557 1.6196 -0.0365 -0.0574 1.6302 -0.0262 -0.0233 1.6274 0.0014 -0.0481 1.6386 -0.0117 -0.0461 1.6369 -0.0037 -0.0547 1.6331 0.0137 -0.0442 1.6340 0.0122 -0.0550 1.6390 0.0113 -0.0433 1.6369 -0.0589 -0.0454 1.6259 -0.0352 -0.0610 1.6638 0.0062 -0.0637 1.6686 -0.0236 -0.0412 1.6436 -0.0119 -0.0348 1.6464 -0.0169 -0.0597 1.6669 0.0158 -0.0660 1.6692 -0.0239 -0.0671 1.6850 -0.0021 -0.0477 1.6469 -0.0180 -0.0443 1.6469 -0.0594 -0.0639 1.6827 0.0054 -0.0604 1.6584 -0.0410 -0.0681 1.6814 -0.0124 -0.0390 1.6350 -0.0283 -0.0569 1.6237 -0.0317 -0.0537 1.6391 -0.0513 -0.0613 1.6577 -0.0059 -0.0593 1.6551 0.0026 -0.0286 1.6363 -0.0131 -0.0627 1.6617 -0.0329 -0.0619 1.6584 -0.0238 -0.0672 1.6745 -0.0129 -0.0588 1.6472 -0.0228 -0.0656 1.6726 -0.0034 -0.0657 1.6655 -0.0134 -0.0640 1.6632 -0.0039 -0.0614 1.6612 0.0059 -0.0612 1.6545 -0.0040 -0.0579 1.6583 0.0142 -0.0551 1.6522 0.0121 -0.0626 1.6698 0.0069 -0.0667 1.6793 -0.0029 -0.0619 1.6558 -0.0135" />
                  </IndexedFaceSet>
                </Shape>
                <Shape>
                  <Appearance USE="Bone" />
                  <IndexedFaceSet coordIndex="5 6 4 -1 9 10 11 -1 0 12 13 -1 14 15 1 -1 17 2 16 -1 18 10 9 -1 16 4 14 -1 7 3 17 -1 4 16 2 -1 2 3 7 -1 0 11 1 -1 7 5 2 -1 11 10 19 -1 3 2 17 -1 19 10 18 -1 1 20 14 -1 13 21 1 -1 16 22 17 -1 0 13 1 -1 4 2 5 -1 18 9 23 -1 13 7 21 -1 16 20 22 -1 16 14 20 -1 20 1 21 -1 15 4 6 -1 15 14 4 -1 0 15 12 -1 1 15 0 -1 5 8 6 -1 7 8 5 -1 11 19 1 -1 23 0 1 -1 0 23 11 -1 12 6 8 -1 6 12 15 -1 7 17 22 -1 19 18 1 -1 18 23 1 -1 22 21 7 -1 20 21 22 -1 8 13 12 -1 8 7 13 -1 9 11 23 -1" creaseAngle="1.571">
                    <Coordinate point="0.0013 1.6281 0.0653 -0.0007 1.6270 0.0654 -0.0001 1.6327 0.0389 0.0002 1.6350 0.0385 0.0002 1.6227 0.0469 0.0009 1.6333 0.0470 0.0011 1.6308 0.0507 -0.0004 1.6414 0.0517 0.0004 1.6414 0.0517 -0.0001 1.6276 0.0820 0.0002 1.6256 0.0847 0.0006 1.6277 0.0733 0.0014 1.6324 0.0582 0.0000 1.6401 0.0600 0.0000 1.6200 0.0560 0.0017 1.6253 0.0570 -0.0004 1.6228 0.0469 -0.0009 1.6333 0.0469 -0.0007 1.6281 0.0734 0.0000 1.6235 0.0777 -0.0017 1.6253 0.0570 -0.0014 1.6324 0.0582 -0.0011 1.6308 0.0507 0.0002 1.6296 0.0730" />
                  </IndexedFaceSet>
                </Shape>
                <Shape>
                  <Appearance USE="Bone" />
                  <IndexedFaceSet coordIndex="1 2 3 -1 8 9 10 -1 12 13 14 -1 18 19 20 -1 22 23 20 -1 28 29 22 -1 14 36 37 -1 30 33 36 -1 29 38 16 -1 38 12 16 -1 10 57 8 -1 58 10 17 -1 43 59 60 -1 61 62 21 -1 41 9 63 -1 55 54 11 -1 44 45 48 -1 45 52 48 -1 21 19 18 -1 18 23 21 -1 5 55 64 -1 25 15 21 -1 62 24 65 -1 45 42 46 -1 26 59 58 -1 55 66 54 -1 46 40 67 -1 30 31 32 -1 42 45 44 -1 42 68 43 -1 30 29 28 -1 18 20 23 -1 24 27 22 -1 6 64 70 -1 0 37 35 -1 35 34 0 -1 66 55 71 -1 70 7 6 -1 12 15 16 -1 22 20 24 -1 13 38 29 -1 38 13 12 -1 40 39 31 -1 58 27 26 -1 27 24 26 -1 62 61 24 -1 25 23 16 -1 23 25 21 -1 11 74 55 -1 60 47 43 -1 27 58 17 -1 53 40 75 -1 30 41 31 -1 41 40 31 -1 30 17 41 -1 33 30 32 -1 5 71 55 -1 27 69 22 -1 22 16 23 -1 22 29 16 -1 50 61 15 -1 33 32 31 -1 36 14 13 -1 69 30 22 -1 69 17 30 -1 67 40 53 -1 31 51 37 -1 52 73 72 -1 52 75 40 -1 66 7 8 -1 66 71 7 -1 66 56 54 -1 58 43 68 -1 43 58 59 -1 61 26 24 -1 61 76 60 -1 50 76 61 -1 72 74 11 -1 72 73 74 -1 21 15 61 -1 51 76 50 -1 26 60 59 -1 10 68 57 -1 10 58 68 -1 44 49 42 -1 49 44 48 -1 66 49 56 -1 66 77 49 -1 71 6 7 -1 5 6 71 -1 39 46 47 -1 45 67 53 -1 45 46 67 -1 31 39 51 -1 31 37 0 -1 33 35 36 -1 13 30 36 -1 13 29 30 -1 15 14 50 -1 22 30 28 -1 0 34 31 -1 19 21 62 -1 4 6 5 -1 10 41 17 -1 10 9 41 -1 12 14 15 -1 27 17 69 -1 19 62 65 -1 35 33 34 -1 63 8 73 -1 63 9 8 -1 46 39 40 -1 72 48 52 -1 63 40 41 -1 11 54 56 -1 57 42 77 -1 57 68 42 -1 46 43 47 -1 42 43 46 -1 39 60 76 -1 60 39 47 -1 52 63 73 -1 40 63 52 -1 8 7 70 -1 74 64 55 -1 74 70 64 -1 45 75 52 -1 75 45 53 -1 64 4 5 -1 73 70 74 -1 73 8 70 -1 51 39 76 -1 77 42 49 -1 8 77 66 -1 8 57 77 -1 72 11 48 -1 48 56 49 -1 48 11 56 -1 60 26 61 -1 50 14 37 -1 36 35 37 -1 51 50 37 -1 33 31 34 -1 20 65 24 -1 20 19 65 -1 15 25 16 -1 3 2 1 -1 4 64 6 -1" creaseAngle="1.571">
                    <Coordinate point="0.0389 1.6458 0.0574 0.0617 1.6345 0.0301 0.0609 1.6357 0.0350 0.0622 1.6347 0.0251 0.0589 1.6388 0.0419 0.0593 1.6353 0.0416 0.0587 1.6394 0.0451 0.0573 1.6406 0.0519 0.0551 1.6426 0.0571 0.0514 1.6477 0.0611 0.0538 1.6506 0.0599 0.0480 1.6290 0.0668 0.0419 1.6665 0.0547 0.0407 1.6648 0.0508 0.0418 1.6632 0.0548 0.0437 1.6650 0.0623 0.0436 1.6712 0.0609 0.0499 1.6564 0.0607 0.0463 1.6716 0.0723 0.0440 1.6688 0.0719 0.0468 1.6721 0.0674 0.0429 1.6702 0.0719 0.0464 1.6671 0.0635 0.0454 1.6714 0.0669 0.0502 1.6642 0.0675 0.0434 1.6703 0.0652 0.0484 1.6614 0.0688 0.0517 1.6603 0.0638 0.0452 1.6640 0.0603 0.0436 1.6660 0.0567 0.0447 1.6589 0.0583 0.0429 1.6505 0.0590 0.0436 1.6585 0.0570 0.0414 1.6547 0.0543 0.0398 1.6499 0.0537 0.0390 1.6536 0.0505 0.0407 1.6598 0.0504 0.0417 1.6557 0.0557 0.0438 1.6669 0.0573 0.0445 1.6517 0.0650 0.0442 1.6465 0.0665 0.0472 1.6511 0.0617 0.0477 1.6464 0.0705 0.0501 1.6507 0.0684 0.0421 1.6391 0.0731 0.0395 1.6426 0.0754 0.0445 1.6479 0.0723 0.0468 1.6524 0.0697 0.0461 1.6348 0.0693 0.0499 1.6377 0.0675 0.0439 1.6612 0.0612 0.0436 1.6542 0.0598 0.0461 1.6392 0.0672 0.0411 1.6439 0.0707 0.0514 1.6284 0.0624 0.0557 1.6308 0.0533 0.0515 1.6335 0.0652 0.0538 1.6452 0.0624 0.0531 1.6532 0.0635 0.0507 1.6554 0.0665 0.0473 1.6568 0.0690 0.0460 1.6638 0.0700 0.0467 1.6674 0.0733 0.0486 1.6455 0.0639 0.0566 1.6366 0.0498 0.0493 1.6669 0.0704 0.0545 1.6365 0.0600 0.0407 1.6439 0.0713 0.0519 1.6481 0.0653 0.0502 1.6619 0.0632 0.0552 1.6384 0.0545 0.0572 1.6350 0.0526 0.0483 1.6341 0.0646 0.0512 1.6388 0.0619 0.0532 1.6340 0.0577 0.0447 1.6428 0.0675 0.0448 1.6570 0.0631 0.0524 1.6412 0.0644" />
                  </IndexedFaceSet>
                </Shape>
                <Shape>
                  <Appearance USE="Bone" />
                  <IndexedFaceSet coordIndex="4 5 6 -1 10 11 12 -1 13 14 21 -1 29 30 11 -1 37 38 39 -1 40 26 0 -1 49 46 42 -1 24 36 25 -1 55 49 39 -1 23 27 56 -1 41 43 42 -1 14 23 17 -1 16 17 60 -1 16 60 15 -1 53 45 44 -1 9 54 5 -1 45 61 57 -1 9 52 62 -1 45 36 26 -1 37 48 47 -1 35 57 27 -1 57 33 63 -1 48 37 39 -1 25 45 35 -1 25 11 24 -1 70 30 29 -1 72 8 3 -1 29 11 70 -1 69 20 18 -1 15 12 11 -1 25 36 45 -1 30 31 11 -1 30 24 31 -1 31 24 11 -1 9 58 55 -1 39 43 48 -1 49 55 58 -1 58 51 53 -1 57 56 27 -1 41 48 43 -1 37 47 74 -1 27 23 14 -1 35 45 57 -1 5 75 9 -1 44 49 53 -1 58 59 49 -1 19 12 15 -1 18 60 17 -1 15 60 19 -1 58 49 59 -1 1 5 2 -1 19 69 10 -1 23 22 17 -1 23 56 74 -1 55 39 66 -1 54 6 5 -1 76 45 50 -1 24 26 36 -1 11 25 13 -1 21 15 13 -1 11 13 15 -1 20 69 19 -1 15 21 16 -1 13 27 14 -1 7 72 3 -1 2 3 8 -1 2 7 3 -1 0 32 67 -1 7 2 72 -1 72 2 71 -1 30 10 28 -1 30 70 10 -1 32 24 30 -1 33 61 52 -1 33 57 61 -1 67 40 0 -1 48 41 45 -1 65 50 67 -1 42 45 41 -1 44 45 42 -1 58 62 51 -1 53 61 45 -1 2 4 34 -1 66 6 64 -1 66 77 6 -1 39 63 77 -1 39 38 63 -1 47 76 78 -1 48 76 47 -1 61 51 52 -1 51 61 53 -1 34 33 73 -1 1 75 5 -1 1 73 75 -1 53 49 58 -1 8 1 2 -1 73 52 75 -1 73 33 52 -1 76 50 78 -1 37 56 38 -1 74 56 37 -1 64 6 54 -1 34 6 33 -1 34 4 6 -1 50 45 40 -1 40 45 26 -1 68 28 65 -1 68 30 28 -1 0 26 24 -1 22 28 10 -1 14 17 21 -1 21 17 16 -1 19 10 12 -1 4 2 5 -1 1 72 71 -1 72 1 8 -1 28 50 65 -1 68 32 30 -1 25 35 13 -1 64 55 66 -1 67 50 40 -1 52 51 62 -1 77 33 6 -1 77 63 33 -1 39 77 66 -1 78 22 47 -1 22 78 28 -1 44 46 49 -1 18 19 60 -1 18 20 19 -1 75 52 9 -1 10 17 22 -1 10 69 17 -1 28 78 50 -1 47 23 74 -1 47 22 23 -1 38 57 63 -1 38 56 57 -1 54 55 64 -1 54 9 55 -1 48 45 76 -1 42 43 49 -1 44 42 46 -1 43 39 49 -1 0 24 32 -1 32 65 67 -1 68 65 32 -1 18 17 69 -1 35 27 13 -1 10 70 11 -1 9 62 58 -1 73 71 34 -1 71 73 1 -1 34 71 2 -1" creaseAngle="1.571">
                    <Coordinate point="-0.0401 1.6489 0.0559 -0.0566 1.6366 0.0498 -0.0590 1.6377 0.0426 -0.0611 1.6349 0.0337 -0.0572 1.6350 0.0526 -0.0557 1.6308 0.0533 -0.0545 1.6365 0.0600 -0.0601 1.6384 0.0376 -0.0591 1.6367 0.0420 -0.0472 1.6321 0.0663 -0.0437 1.6650 0.0622 -0.0432 1.6641 0.0561 -0.0441 1.6719 0.0609 -0.0469 1.6640 0.0624 -0.0498 1.6666 0.0687 -0.0454 1.6706 0.0647 -0.0458 1.6725 0.0722 -0.0456 1.6685 0.0728 -0.0454 1.6696 0.0727 -0.0437 1.6703 0.0650 -0.0418 1.6716 0.0717 -0.0483 1.6716 0.0696 -0.0461 1.6638 0.0692 -0.0479 1.6624 0.0695 -0.0422 1.6556 0.0554 -0.0452 1.6573 0.0592 -0.0428 1.6503 0.0598 -0.0525 1.6602 0.0642 -0.0439 1.6612 0.0611 -0.0405 1.6655 0.0512 -0.0408 1.6632 0.0516 -0.0425 1.6591 0.0552 -0.0390 1.6536 0.0505 -0.0551 1.6426 0.0571 -0.0573 1.6406 0.0519 -0.0503 1.6554 0.0609 -0.0453 1.6551 0.0593 -0.0501 1.6507 0.0683 -0.0519 1.6481 0.0653 -0.0479 1.6451 0.0698 -0.0402 1.6481 0.0574 -0.0451 1.6460 0.0721 -0.0413 1.6449 0.0745 -0.0463 1.6446 0.0711 -0.0404 1.6434 0.0709 -0.0453 1.6496 0.0626 -0.0363 1.6421 0.0766 -0.0473 1.6568 0.0689 -0.0462 1.6503 0.0700 -0.0427 1.6400 0.0726 -0.0436 1.6542 0.0598 -0.0472 1.6392 0.0659 -0.0512 1.6388 0.0619 -0.0419 1.6439 0.0696 -0.0514 1.6284 0.0624 -0.0469 1.6304 0.0675 -0.0531 1.6532 0.0635 -0.0526 1.6491 0.0605 -0.0456 1.6351 0.0693 -0.0450 1.6391 0.0684 -0.0459 1.6704 0.0724 -0.0486 1.6455 0.0639 -0.0475 1.6337 0.0652 -0.0538 1.6452 0.0624 -0.0515 1.6335 0.0652 -0.0422 1.6569 0.0564 -0.0499 1.6377 0.0674 -0.0414 1.6528 0.0560 -0.0410 1.6609 0.0521 -0.0428 1.6689 0.0684 -0.0427 1.6652 0.0561 -0.0575 1.6412 0.0480 -0.0587 1.6381 0.0431 -0.0552 1.6384 0.0545 -0.0507 1.6554 0.0665 -0.0532 1.6340 0.0577 -0.0439 1.6504 0.0639 -0.0524 1.6412 0.0644 -0.0448 1.6570 0.0630" />
                  </IndexedFaceSet>
                </Shape>
                <Shape>
                  <Appearance USE="Bone" />
                  <IndexedFaceSet coordIndex="9 13 14 -1 10 15 11 -1 16 21 12 -1 22 17 10 -1 4 18 5 -1 16 19 21 -1 27 8 28 -1 12 21 29 -1 31 30 35 -1 11 22 25 -1 0 3 32 -1 30 36 3 -1 40 43 41 -1 48 41 46 -1 41 49 25 -1 53 52 44 -1 55 38 40 -1 58 59 47 -1 47 53 62 -1 64 65 63 -1 66 60 62 -1 67 62 55 -1 42 43 40 -1 62 68 47 -1 43 57 46 -1 60 63 65 -1 64 63 35 -1 44 45 42 -1 47 59 58 -1 51 72 50 -1 0 2 6 -1 36 30 3 -1 34 35 33 -1 19 24 23 -1 11 13 9 -1 20 8 12 -1 4 5 1 -1 5 11 15 -1 16 13 18 -1 4 1 23 -1 9 14 7 -1 27 73 8 -1 28 32 3 -1 7 1 9 -1 22 69 41 -1 44 47 45 -1 56 55 40 -1 53 44 47 -1 47 66 62 -1 44 42 47 -1 61 60 65 -1 60 55 62 -1 38 60 61 -1 47 68 62 -1 41 43 46 -1 55 60 38 -1 58 42 38 -1 61 65 63 -1 35 63 31 -1 66 47 39 -1 47 42 58 -1 45 48 42 -1 22 10 54 -1 48 72 41 -1 25 49 10 -1 38 61 39 -1 30 36 33 -1 32 29 37 -1 20 12 8 -1 2 7 26 -1 26 27 28 -1 1 2 0 -1 7 2 1 -1 12 8 73 -1 14 13 16 -1 17 15 10 -1 29 21 37 -1 23 32 37 -1 27 7 73 -1 28 29 20 -1 29 28 8 -1 11 9 1 -1 22 11 5 -1 12 20 29 -1 29 28 12 -1 18 24 19 -1 52 47 44 -1 48 45 50 -1 41 69 49 -1 71 62 67 -1 71 47 62 -1 70 51 56 -1 46 42 48 -1 46 57 42 -1 61 63 60 -1 39 61 60 -1 46 25 41 -1 22 54 69 -1 75 41 25 -1 67 55 71 -1 62 53 47 -1 25 22 75 -1 57 43 42 -1 64 34 63 -1 31 63 34 -1 51 70 41 -1 70 56 40 -1 71 55 56 -1 70 40 41 -1 71 50 47 -1 49 54 10 -1 54 49 69 -1 41 72 51 -1 38 39 58 -1 8 12 29 -1 36 30 33 -1 37 74 23 -1 16 18 19 -1 5 15 17 -1 13 5 18 -1 13 11 5 -1 25 10 11 -1 7 14 73 -1 6 2 26 -1 16 12 73 -1 4 24 18 -1 23 0 32 -1 32 28 29 -1 30 31 34 -1 30 34 33 -1 27 26 7 -1 28 6 26 -1 20 12 28 -1 21 74 37 -1 45 47 50 -1 46 41 25 -1 52 53 47 -1 50 56 51 -1 64 35 34 -1 64 63 65 -1 72 48 50 -1 39 60 66 -1 39 47 58 -1 56 50 71 -1 40 38 42 -1 22 41 75 -1 19 74 21 -1 6 3 0 -1 1 5 11 -1 17 22 5 -1 35 30 33 -1 3 6 28 -1 4 23 24 -1 74 19 23 -1 0 23 1 -1 73 14 16 -1" creaseAngle="1.571">
                    <Coordinate point="0.0156 1.6162 -0.0424 0.0117 1.6189 -0.0336 0.0146 1.6222 -0.0411 0.0188 1.6145 -0.0506 0.0137 1.6167 -0.0271 0.0096 1.6189 -0.0251 0.0174 1.6221 -0.0476 0.0184 1.6287 -0.0354 0.0282 1.6218 -0.0379 0.0144 1.6312 -0.0291 0.0004 1.6230 -0.0188 0.0070 1.6258 -0.0238 0.0350 1.6171 -0.0361 0.0145 1.6235 -0.0249 0.0202 1.6285 -0.0284 0.0070 1.6245 -0.0211 0.0244 1.6192 -0.0286 0.0007 1.6197 -0.0181 0.0169 1.6215 -0.0257 0.0214 1.6127 -0.0287 0.0326 1.6197 -0.0413 0.0280 1.6160 -0.0345 0.0010 1.6199 -0.0237 0.0190 1.6131 -0.0341 0.0178 1.6144 -0.0292 -0.0028 1.6271 -0.0255 0.0218 1.6263 -0.0478 0.0250 1.6284 -0.0391 0.0235 1.6195 -0.0485 0.0278 1.6186 -0.0402 0.0111 1.6143 -0.0578 0.0007 1.6167 -0.0599 0.0206 1.6120 -0.0423 0.0097 1.6089 -0.0573 0.0003 1.6114 -0.0566 -0.0003 1.6102 -0.0635 0.0158 1.6109 -0.0529 0.0257 1.6101 -0.0373 -0.0149 1.6183 -0.0424 -0.0204 1.6206 -0.0490 -0.0124 1.6194 -0.0354 -0.0132 1.6212 -0.0263 -0.0189 1.6310 -0.0345 -0.0140 1.6271 -0.0326 -0.0315 1.6214 -0.0366 -0.0262 1.6271 -0.0344 -0.0130 1.6312 -0.0278 -0.0318 1.6199 -0.0386 -0.0204 1.6288 -0.0285 -0.0070 1.6239 -0.0204 -0.0243 1.6163 -0.0293 -0.0184 1.6156 -0.0264 -0.0388 1.6176 -0.0368 -0.0320 1.6184 -0.0406 -0.0024 1.6196 -0.0182 -0.0201 1.6122 -0.0405 -0.0190 1.6131 -0.0341 -0.0176 1.6331 -0.0321 -0.0218 1.6263 -0.0478 -0.0254 1.6232 -0.0433 -0.0195 1.6153 -0.0503 -0.0165 1.6151 -0.0494 -0.0257 1.6154 -0.0447 -0.0094 1.6124 -0.0572 -0.0099 1.6095 -0.0574 -0.0158 1.6109 -0.0529 -0.0224 1.6154 -0.0512 -0.0235 1.6112 -0.0414 -0.0314 1.6179 -0.0396 -0.0088 1.6183 -0.0228 -0.0128 1.6177 -0.0288 -0.0251 1.6102 -0.0331 -0.0159 1.6223 -0.0253 0.0260 1.6270 -0.0329 0.0239 1.6111 -0.0305 -0.0104 1.6201 -0.0273" />
                  </IndexedFaceSet>
                </Shape>
                <Shape>
                  <Appearance USE="Bone" />
                  <IndexedFaceSet coordIndex="9 14 12 -1 18 9 10 -1 19 10 9 -1 21 22 23 -1 19 9 21 -1 31 22 21 -1 23 19 22 -1 3 6 5 -1 14 11 12 -1 11 17 12 -1 16 17 24 -1 2 0 44 -1 48 61 58 -1 29 66 25 -1 71 58 50 -1 58 57 48 -1 55 58 71 -1 63 75 76 -1 53 49 54 -1 41 63 64 -1 64 63 56 -1 61 57 58 -1 35 64 56 -1 69 67 68 -1 67 33 66 -1 66 59 67 -1 48 57 61 -1 54 60 59 -1 43 35 42 -1 23 22 39 -1 10 24 11 -1 10 19 23 -1 35 16 27 -1 34 15 35 -1 33 38 31 -1 25 33 32 -1 15 13 16 -1 13 77 26 -1 31 25 32 -1 32 33 31 -1 33 37 38 -1 37 27 40 -1 59 52 54 -1 59 65 52 -1 30 77 65 -1 68 67 60 -1 66 33 25 -1 63 51 56 -1 36 64 28 -1 61 58 73 -1 74 51 63 -1 67 69 33 -1 75 63 69 -1 64 36 41 -1 50 45 52 -1 55 50 52 -1 53 54 52 -1 55 51 74 -1 50 55 71 -1 58 47 50 -1 45 47 70 -1 67 59 60 -1 65 59 30 -1 60 62 58 -1 48 54 49 -1 52 45 53 -1 13 21 9 -1 28 35 43 -1 42 35 27 -1 11 24 17 -1 11 18 10 -1 10 23 19 -1 19 21 10 -1 19 10 20 -1 13 9 12 -1 4 2 7 -1 4 0 2 -1 7 5 0 -1 0 4 7 -1 2 78 3 -1 8 3 14 -1 19 20 10 -1 24 23 79 -1 29 25 26 -1 38 37 31 -1 80 7 8 -1 14 80 8 -1 80 14 3 -1 8 9 18 -1 15 16 35 -1 37 40 22 -1 39 27 24 -1 39 24 79 -1 27 37 42 -1 41 43 42 -1 44 6 2 -1 44 0 1 -1 46 6 78 -1 45 2 70 -1 77 52 65 -1 26 77 30 -1 29 30 59 -1 6 70 2 -1 46 45 70 -1 74 73 55 -1 33 69 41 -1 75 69 68 -1 74 75 73 -1 74 76 75 -1 61 73 75 -1 41 69 63 -1 52 34 51 -1 52 77 34 -1 68 60 75 -1 45 72 47 -1 70 6 46 -1 60 58 61 -1 62 60 54 -1 47 45 70 -1 6 44 1 -1 34 77 15 -1 39 22 40 -1 21 13 31 -1 24 21 23 -1 16 12 17 -1 16 13 12 -1 3 8 7 -1 5 1 0 -1 1 5 6 -1 10 21 24 -1 26 25 31 -1 3 5 80 -1 16 24 27 -1 41 42 37 -1 41 36 43 -1 15 77 13 -1 45 46 2 -1 55 52 51 -1 51 35 56 -1 51 34 35 -1 48 58 62 -1 72 50 47 -1 72 45 50 -1 55 73 58 -1 76 74 63 -1 60 61 75 -1 35 28 64 -1 59 66 29 -1 47 49 53 -1 48 62 54 -1 48 49 47 -1 53 45 47 -1 48 47 58 -1 46 78 2 -1 28 43 36 -1 40 27 39 -1 39 79 23 -1 22 31 37 -1 37 33 41 -1 8 11 14 -1 8 18 11 -1 7 80 5 -1 31 13 26 -1 26 30 29 -1 19 23 22 -1 14 9 8 -1 7 2 3 -1 6 3 78 -1" creaseAngle="1.571">
                    <Coordinate point="0.0001 1.5869 -0.0667 0.0002 1.5924 -0.0682 0.0032 1.5941 -0.0571 -0.0066 1.5940 -0.0545 -0.0039 1.5881 -0.0604 -0.0031 1.5939 -0.0602 0.0018 1.5967 -0.0584 -0.0057 1.5916 -0.0544 -0.0115 1.5957 -0.0485 -0.0132 1.5955 -0.0382 -0.0222 1.5993 -0.0396 -0.0182 1.5995 -0.0452 -0.0117 1.6044 -0.0422 -0.0088 1.6013 -0.0349 -0.0105 1.5983 -0.0476 -0.0041 1.6087 -0.0373 -0.0113 1.6120 -0.0388 -0.0187 1.6072 -0.0402 -0.0182 1.5964 -0.0439 -0.0235 1.5983 -0.0311 -0.0258 1.5957 -0.0344 -0.0139 1.6037 -0.0322 -0.0171 1.6038 -0.0264 -0.0226 1.6040 -0.0299 -0.0192 1.6086 -0.0384 -0.0021 1.5969 -0.0186 -0.0036 1.5965 -0.0310 -0.0129 1.6147 -0.0303 -0.0026 1.6245 -0.0381 0.0010 1.5974 -0.0255 0.0023 1.5964 -0.0313 -0.0088 1.6017 -0.0240 -0.0059 1.6010 -0.0200 -0.0008 1.6051 -0.0191 0.0021 1.6089 -0.0376 -0.0022 1.6175 -0.0364 0.0007 1.6296 -0.0336 -0.0085 1.6125 -0.0238 -0.0099 1.6047 -0.0237 -0.0202 1.6107 -0.0285 -0.0171 1.6121 -0.0251 0.0005 1.6181 -0.0247 -0.0052 1.6173 -0.0273 -0.0037 1.6229 -0.0287 0.0038 1.5885 -0.0608 0.0122 1.5975 -0.0499 0.0075 1.5964 -0.0546 0.0177 1.5949 -0.0444 0.0206 1.5967 -0.0370 0.0147 1.5985 -0.0353 0.0132 1.6038 -0.0431 0.0077 1.6107 -0.0378 0.0115 1.6036 -0.0398 0.0101 1.5969 -0.0407 0.0151 1.6015 -0.0337 0.0144 1.6103 -0.0390 0.0057 1.6153 -0.0345 0.0258 1.5966 -0.0334 0.0189 1.6050 -0.0381 0.0083 1.5992 -0.0278 0.0173 1.6046 -0.0290 0.0226 1.6024 -0.0296 0.0191 1.6021 -0.0363 0.0082 1.6164 -0.0289 0.0048 1.6231 -0.0356 0.0070 1.5992 -0.0327 0.0049 1.5977 -0.0195 0.0086 1.6042 -0.0232 0.0150 1.6057 -0.0235 0.0085 1.6125 -0.0238 0.0086 1.5938 -0.0525 0.0153 1.6040 -0.0447 0.0190 1.5964 -0.0444 0.0204 1.6103 -0.0353 0.0151 1.6125 -0.0360 0.0176 1.6118 -0.0257 0.0140 1.6144 -0.0286 0.0002 1.6016 -0.0356 0.0003 1.5994 -0.0597 -0.0239 1.6084 -0.0319 -0.0075 1.5964 -0.0546" />
                  </IndexedFaceSet>
                </Shape>
                <Shape>
                  <Appearance USE="Bone" />
                  <IndexedFaceSet coordIndex="5 6 7 -1 9 1 10 -1 11 3 6 -1 12 13 8 -1 12 5 14 -1 4 3 11 -1 9 8 1 -1 15 7 4 -1 4 8 9 -1 11 5 12 -1 1 8 13 -1 14 2 12 -1 7 6 3 -1 13 2 1 -1 7 3 4 -1 15 4 16 -1 18 17 16 -1 19 16 4 -1 18 2 0 -1 0 14 5 -1 2 13 12 -1 19 2 18 -1 9 10 19 -1 0 5 17 -1 7 15 16 -1 18 0 17 -1 18 16 19 -1 19 1 2 -1 4 9 19 -1 11 6 5 -1 14 0 2 -1 8 4 12 -1 12 4 11 -1 19 10 1 -1 5 16 17 -1 5 7 16 -1" creaseAngle="1.571">
                    <Coordinate point="-0.0016 1.5932 -0.0193 0.0070 1.5951 -0.0233 0.0034 1.5936 -0.0202 -0.0072 1.5968 -0.0293 0.0002 1.5952 -0.0307 -0.0042 1.5954 -0.0217 -0.0078 1.5960 -0.0253 -0.0076 1.5950 -0.0251 0.0041 1.5968 -0.0285 0.0046 1.5951 -0.0291 0.0058 1.5947 -0.0265 -0.0039 1.5968 -0.0278 0.0005 1.5975 -0.0246 0.0041 1.5964 -0.0229 0.0000 1.5956 -0.0206 -0.0058 1.5947 -0.0265 -0.0016 1.5936 -0.0259 -0.0035 1.5929 -0.0225 0.0001 1.5928 -0.0230 0.0016 1.5936 -0.0259" />
                  </IndexedFaceSet>
                </Shape>
                <Shape>
                  <Appearance USE="Bone" />
                  <IndexedFaceSet coordIndex="2 5 3 -1 12 6 5 -1 22 20 10 -1 20 24 15 -1 29 10 24 -1 31 32 28 -1 27 6 11 -1 1 26 25 -1 32 35 28 -1 13 38 9 -1 10 29 40 -1 22 40 43 -1 63 47 70 -1 66 32 71 -1 66 77 32 -1 61 56 57 -1 81 47 82 -1 71 47 81 -1 60 47 49 -1 51 50 46 -1 49 78 54 -1 72 65 0 -1 78 51 76 -1 51 45 52 -1 54 78 76 -1 74 76 51 -1 73 53 52 -1 0 65 69 -1 49 61 60 -1 58 49 61 -1 4 2 3 -1 13 17 20 -1 43 40 30 -1 17 16 9 -1 13 39 38 -1 24 10 14 -1 84 31 28 -1 21 22 43 -1 20 17 9 -1 17 9 16 -1 8 9 38 -1 20 25 24 -1 15 13 20 -1 84 28 37 -1 6 7 11 -1 27 39 13 -1 27 11 39 -1 9 10 20 -1 19 17 21 -1 15 24 14 -1 81 82 62 -1 62 59 61 -1 74 47 63 -1 51 46 45 -1 74 55 76 -1 57 54 55 -1 32 77 35 -1 49 83 61 -1 58 59 83 -1 60 61 57 -1 55 63 57 -1 63 69 60 -1 59 58 61 -1 58 83 49 -1 71 68 47 -1 67 47 79 -1 47 46 50 -1 48 47 78 -1 62 64 66 -1 55 54 76 -1 45 4 73 -1 47 67 70 -1 60 65 64 -1 59 62 61 -1 28 25 21 -1 35 25 28 -1 14 27 13 -1 33 29 23 -1 34 12 53 -1 6 12 14 -1 20 21 25 -1 17 13 9 -1 42 41 68 -1 14 10 7 -1 15 14 13 -1 36 1 35 -1 84 32 31 -1 8 39 10 -1 41 40 33 -1 40 41 30 -1 17 18 16 -1 21 20 22 -1 3 73 44 -1 49 56 61 -1 42 68 80 -1 74 52 45 -1 75 69 70 -1 47 74 46 -1 86 52 12 -1 32 84 71 -1 68 85 33 -1 59 61 83 -1 60 62 82 -1 65 60 69 -1 71 81 62 -1 42 71 84 -1 50 78 47 -1 66 36 77 -1 66 72 36 -1 56 54 57 -1 75 70 23 -1 70 67 33 -1 73 3 53 -1 64 65 72 -1 55 74 63 -1 60 57 63 -1 44 73 4 -1 30 37 43 -1 42 30 41 -1 68 41 85 -1 41 33 85 -1 10 39 7 -1 28 43 37 -1 36 0 1 -1 1 25 35 -1 6 34 5 -1 34 6 12 -1 12 6 27 -1 5 86 12 -1 4 86 5 -1 75 23 1 -1 24 23 29 -1 27 14 12 -1 26 1 25 -1 1 0 75 -1 3 34 53 -1 3 5 34 -1 8 10 9 -1 29 33 40 -1 37 42 84 -1 42 37 30 -1 10 40 22 -1 62 60 64 -1 68 79 47 -1 69 63 70 -1 72 66 64 -1 70 33 23 -1 4 45 86 -1 52 45 73 -1 72 0 36 -1 49 47 48 -1 33 79 68 -1 33 67 79 -1 71 80 68 -1 71 42 80 -1 60 82 47 -1 62 66 71 -1 48 78 49 -1 49 54 56 -1 35 77 36 -1 45 52 86 -1 46 74 45 -1 0 69 75 -1 52 53 12 -1 74 51 52 -1 78 50 51 -1 44 4 3 -1 24 25 1 -1 19 21 17 -1 28 21 43 -1 39 8 38 -1 2 4 5 -1 6 14 7 -1 24 1 23 -1 18 17 16 -1 7 39 11 -1" creaseAngle="1.571">
                    <Coordinate point="0.0035 1.5951 -0.0320 -0.0045 1.5942 -0.0323 -0.0031 1.5735 -0.0572 0.0000 1.5779 -0.0580 0.0026 1.5769 -0.0528 -0.0058 1.5788 -0.0517 -0.0068 1.5801 -0.0488 -0.0147 1.5782 -0.0413 -0.0215 1.5839 -0.0363 -0.0226 1.5865 -0.0305 -0.0131 1.5839 -0.0339 -0.0136 1.5817 -0.0447 -0.0042 1.5862 -0.0485 -0.0213 1.5922 -0.0342 -0.0120 1.5880 -0.0389 -0.0148 1.5929 -0.0327 -0.0242 1.5865 -0.0263 -0.0206 1.5893 -0.0252 -0.0261 1.5871 -0.0274 -0.0196 1.5930 -0.0214 -0.0139 1.5935 -0.0302 -0.0145 1.5917 -0.0237 -0.0115 1.5873 -0.0267 -0.0008 1.5868 -0.0342 -0.0086 1.5889 -0.0337 -0.0091 1.5968 -0.0295 -0.0086 1.5965 -0.0293 -0.0112 1.5875 -0.0446 -0.0079 1.5927 -0.0213 -0.0064 1.5822 -0.0344 -0.0071 1.5832 -0.0213 -0.0038 1.5907 -0.0190 -0.0005 1.5915 -0.0210 -0.0010 1.5801 -0.0334 -0.0039 1.5832 -0.0532 -0.0025 1.5927 -0.0233 0.0023 1.5942 -0.0267 -0.0064 1.5873 -0.0205 -0.0225 1.5847 -0.0380 -0.0195 1.5827 -0.0425 -0.0079 1.5819 -0.0282 -0.0044 1.5792 -0.0238 -0.0012 1.5824 -0.0177 -0.0107 1.5873 -0.0249 0.0048 1.5733 -0.0599 0.0081 1.5831 -0.0468 0.0130 1.5779 -0.0422 0.0128 1.5839 -0.0337 0.0217 1.5831 -0.0359 0.0221 1.5863 -0.0321 0.0164 1.5788 -0.0401 0.0125 1.5828 -0.0452 0.0070 1.5872 -0.0475 0.0017 1.5845 -0.0528 0.0201 1.5904 -0.0387 0.0139 1.5909 -0.0375 0.0225 1.5922 -0.0342 0.0171 1.5940 -0.0340 0.0261 1.5871 -0.0274 0.0207 1.5904 -0.0230 0.0137 1.5911 -0.0302 0.0207 1.5895 -0.0283 0.0143 1.5910 -0.0239 0.0079 1.5893 -0.0339 0.0120 1.5958 -0.0263 0.0091 1.5967 -0.0311 0.0088 1.5927 -0.0218 0.0055 1.5814 -0.0347 0.0050 1.5794 -0.0227 0.0063 1.5895 -0.0339 0.0024 1.5841 -0.0344 0.0069 1.5887 -0.0209 0.0054 1.5942 -0.0251 0.0048 1.5783 -0.0534 0.0109 1.5869 -0.0421 0.0004 1.5914 -0.0339 0.0113 1.5882 -0.0438 0.0034 1.5934 -0.0243 0.0195 1.5827 -0.0425 0.0067 1.5806 -0.0274 0.0034 1.5792 -0.0184 0.0082 1.5872 -0.0219 0.0117 1.5869 -0.0272 0.0217 1.5878 -0.0247 0.0003 1.5900 -0.0189 0.0002 1.5793 -0.0273 0.0012 1.5829 -0.0501" />
                  </IndexedFaceSet>
                </Shape>
                <Shape>
                  <Appearance USE="Bone" />
                  <IndexedFaceSet coordIndex="7 3 8 -1 14 12 13 -1 16 17 18 -1 0 4 19 -1 2 19 4 -1 12 20 13 -1 9 1 10 -1 21 1 11 -1 0 5 4 -1 9 17 13 -1 1 18 9 -1 9 18 17 -1 1 9 10 -1 8 2 4 -1 24 23 11 -1 7 8 23 -1 14 15 12 -1 25 12 24 -1 16 21 26 -1 16 14 17 -1 13 17 14 -1 0 22 21 -1 19 2 27 -1 16 15 14 -1 24 12 15 -1 28 23 24 -1 28 7 23 -1 6 8 4 -1 4 5 6 -1 5 0 6 -1 15 3 7 -1 15 28 24 -1 23 0 11 -1 23 8 6 -1 13 12 9 -1 13 20 12 -1 11 25 24 -1 26 15 16 -1 22 0 19 -1 19 26 22 -1 3 27 2 -1 15 27 3 -1 26 21 22 -1 19 15 26 -1 27 15 19 -1 21 11 0 -1 1 16 18 -1 16 1 21 -1 12 25 1 -1 11 1 25 -1 9 12 1 -1 23 6 0 -1 15 7 28 -1 8 3 2 -1" creaseAngle="1.571">
                    <Coordinate point="0.0043 1.5772 -0.0215 -0.0080 1.5776 -0.0229 0.0086 1.5811 -0.0314 0.0072 1.5800 -0.0345 0.0099 1.5822 -0.0254 0.0082 1.5769 -0.0224 0.0091 1.5780 -0.0250 0.0058 1.5779 -0.0313 0.0081 1.5787 -0.0303 -0.0099 1.5823 -0.0257 -0.0098 1.5819 -0.0243 -0.0017 1.5764 -0.0230 -0.0069 1.5783 -0.0308 -0.0100 1.5815 -0.0332 -0.0051 1.5790 -0.0345 0.0006 1.5790 -0.0337 -0.0032 1.5796 -0.0288 -0.0075 1.5806 -0.0311 -0.0063 1.5803 -0.0271 0.0055 1.5801 -0.0276 -0.0081 1.5787 -0.0303 -0.0026 1.5789 -0.0246 0.0032 1.5790 -0.0249 0.0046 1.5769 -0.0271 -0.0008 1.5775 -0.0290 -0.0046 1.5769 -0.0271 0.0004 1.5795 -0.0284 0.0038 1.5799 -0.0310 0.0025 1.5777 -0.0302" />
                  </IndexedFaceSet>
                </Shape>
                <Shape>
                  <Appearance USE="Bone" />
                  <IndexedFaceSet coordIndex="3 4 5 -1 27 24 28 -1 21 9 28 -1 30 9 31 -1 16 8 15 -1 43 12 14 -1 44 45 7 -1 18 20 21 -1 17 47 18 -1 21 5 25 -1 21 22 19 -1 41 52 1 -1 53 54 55 -1 50 56 7 -1 57 58 59 -1 60 61 62 -1 73 75 70 -1 62 51 77 -1 68 58 88 -1 84 91 92 -1 76 74 75 -1 70 93 74 -1 67 60 62 -1 64 88 54 -1 86 50 96 -1 83 72 77 -1 76 80 74 -1 51 70 77 -1 73 71 76 -1 76 75 73 -1 73 70 69 -1 65 73 69 -1 24 27 36 -1 28 24 30 -1 48 33 38 -1 8 44 7 -1 45 43 13 -1 42 1 12 -1 35 9 24 -1 18 21 19 -1 14 1 0 -1 2 12 1 -1 2 1 14 -1 30 16 19 -1 9 6 31 -1 27 29 39 -1 12 11 42 -1 3 6 4 -1 17 16 47 -1 20 5 21 -1 87 58 57 -1 41 7 56 -1 56 53 86 -1 14 96 13 -1 7 96 50 -1 68 88 69 -1 58 89 70 -1 65 66 63 -1 93 75 74 -1 65 62 71 -1 82 95 72 -1 82 72 83 -1 65 69 66 -1 13 96 45 -1 86 52 41 -1 70 97 69 -1 54 61 64 -1 78 79 80 -1 77 70 91 -1 62 65 63 -1 9 30 28 -1 26 22 21 -1 26 21 28 -1 19 17 18 -1 14 13 43 -1 35 24 34 -1 4 25 5 -1 7 42 8 -1 1 42 41 -1 31 102 16 -1 8 49 6 -1 28 30 22 -1 28 29 27 -1 34 24 37 -1 38 33 35 -1 23 25 5 -1 4 10 25 -1 105 6 16 -1 47 3 18 -1 15 8 11 -1 90 36 100 -1 36 106 100 -1 36 40 106 -1 99 104 40 -1 39 40 27 -1 61 51 62 -1 54 59 61 -1 73 65 71 -1 70 74 80 -1 83 35 103 -1 52 0 1 -1 81 35 83 -1 88 66 69 -1 89 97 70 -1 55 50 86 -1 0 52 14 -1 67 62 63 -1 60 64 61 -1 64 60 67 -1 107 90 100 -1 82 83 90 -1 106 95 82 -1 104 95 106 -1 99 84 85 -1 84 79 85 -1 84 92 79 -1 62 77 72 -1 85 79 78 -1 38 84 99 -1 106 82 100 -1 82 90 107 -1 14 52 96 -1 97 68 69 -1 58 87 88 -1 7 45 96 -1 94 79 92 -1 85 78 72 -1 84 38 81 -1 62 76 71 -1 62 74 76 -1 89 68 97 -1 58 51 59 -1 9 35 33 -1 31 6 49 -1 22 26 28 -1 39 29 32 -1 33 32 9 -1 98 27 40 -1 39 48 101 -1 39 33 48 -1 40 104 106 -1 37 36 90 -1 15 11 46 -1 3 47 16 -1 15 44 8 -1 46 44 15 -1 10 4 6 -1 29 28 9 -1 25 9 21 -1 7 41 42 -1 102 8 16 -1 8 102 49 -1 30 31 16 -1 6 9 10 -1 102 31 49 -1 5 25 23 -1 103 35 34 -1 39 101 40 -1 2 14 12 -1 20 3 5 -1 3 16 6 -1 18 3 20 -1 105 8 6 -1 15 8 105 -1 46 43 44 -1 105 16 15 -1 12 43 46 -1 16 17 19 -1 37 90 34 -1 40 36 98 -1 101 38 99 -1 19 22 30 -1 24 36 37 -1 28 30 9 -1 9 30 24 -1 56 50 53 -1 57 59 50 -1 59 51 61 -1 80 76 78 -1 91 84 81 -1 56 86 41 -1 63 88 64 -1 86 53 55 -1 103 90 83 -1 85 104 99 -1 104 85 95 -1 76 74 72 -1 91 81 77 -1 78 76 72 -1 74 62 72 -1 70 75 93 -1 80 79 94 -1 80 92 70 -1 94 92 80 -1 72 95 85 -1 82 107 100 -1 67 63 64 -1 86 96 52 -1 54 87 55 -1 87 50 55 -1 88 63 66 -1 54 88 87 -1 68 89 58 -1 57 50 87 -1 81 83 77 -1 92 91 70 -1 54 50 59 -1 50 54 53 -1 51 58 70 -1 48 38 101 -1 90 103 34 -1 46 11 12 -1 25 10 9 -1 44 43 45 -1 11 8 42 -1 33 39 32 -1 99 40 101 -1 36 27 98 -1 81 38 35 -1 9 32 29 -1" creaseAngle="1.571">
                    <Coordinate point="-0.0048 1.5591 -0.0617 0.0007 1.5615 -0.0563 0.0051 1.5592 -0.0619 0.0211 1.5721 -0.0427 0.0240 1.5778 -0.0400 0.0246 1.5772 -0.0382 0.0131 1.5745 -0.0422 -0.0000 1.5694 -0.0522 0.0074 1.5682 -0.0492 0.0132 1.5743 -0.0342 0.0152 1.5789 -0.0370 0.0066 1.5611 -0.0513 0.0057 1.5613 -0.0572 0.0022 1.5670 -0.0559 -0.0012 1.5608 -0.0586 0.0082 1.5661 -0.0488 0.0151 1.5628 -0.0419 0.0228 1.5620 -0.0420 0.0251 1.5662 -0.0392 0.0184 1.5652 -0.0372 0.0247 1.5718 -0.0386 0.0229 1.5719 -0.0324 0.0214 1.5679 -0.0307 0.0260 1.5821 -0.0352 0.0111 1.5679 -0.0300 0.0218 1.5805 -0.0340 0.0212 1.5695 -0.0282 0.0109 1.5707 -0.0253 0.0154 1.5711 -0.0277 0.0152 1.5758 -0.0261 0.0160 1.5703 -0.0337 0.0138 1.5697 -0.0395 0.0144 1.5801 -0.0276 0.0095 1.5796 -0.0333 0.0051 1.5662 -0.0345 0.0048 1.5727 -0.0347 0.0070 1.5647 -0.0226 0.0081 1.5643 -0.0318 0.0022 1.5774 -0.0317 0.0113 1.5796 -0.0234 0.0043 1.5746 -0.0214 -0.0015 1.5623 -0.0545 0.0025 1.5622 -0.0540 0.0034 1.5677 -0.0547 0.0050 1.5690 -0.0521 -0.0001 1.5708 -0.0525 0.0093 1.5653 -0.0487 0.0226 1.5628 -0.0427 0.0056 1.5777 -0.0295 0.0108 1.5719 -0.0439 -0.0066 1.5703 -0.0495 -0.0142 1.5725 -0.0376 -0.0060 1.5607 -0.0558 -0.0100 1.5662 -0.0472 -0.0140 1.5649 -0.0442 -0.0115 1.5672 -0.0463 -0.0063 1.5663 -0.0497 -0.0124 1.5724 -0.0439 -0.0140 1.5758 -0.0410 -0.0122 1.5704 -0.0421 -0.0162 1.5635 -0.0390 -0.0148 1.5658 -0.0398 -0.0182 1.5676 -0.0348 -0.0252 1.5661 -0.0392 -0.0206 1.5623 -0.0428 -0.0234 1.5691 -0.0333 -0.0247 1.5718 -0.0386 -0.0181 1.5646 -0.0380 -0.0240 1.5778 -0.0400 -0.0241 1.5750 -0.0347 -0.0153 1.5777 -0.0338 -0.0214 1.5676 -0.0289 -0.0107 1.5674 -0.0281 -0.0229 1.5734 -0.0331 -0.0143 1.5721 -0.0301 -0.0177 1.5742 -0.0322 -0.0187 1.5716 -0.0266 -0.0104 1.5717 -0.0343 -0.0119 1.5733 -0.0244 -0.0112 1.5795 -0.0232 -0.0146 1.5770 -0.0265 -0.0039 1.5740 -0.0347 -0.0062 1.5649 -0.0216 -0.0051 1.5656 -0.0342 -0.0032 1.5777 -0.0302 -0.0064 1.5752 -0.0219 -0.0062 1.5637 -0.0522 -0.0120 1.5698 -0.0451 -0.0211 1.5721 -0.0427 -0.0185 1.5799 -0.0362 0.0000 1.5642 -0.0272 -0.0090 1.5792 -0.0348 -0.0106 1.5806 -0.0305 -0.0166 1.5775 -0.0330 -0.0141 1.5814 -0.0269 -0.0059 1.5706 -0.0206 -0.0058 1.5662 -0.0532 -0.0228 1.5807 -0.0339 0.0104 1.5730 -0.0236 0.0026 1.5756 -0.0229 0.0021 1.5619 -0.0209 0.0081 1.5768 -0.0251 0.0115 1.5652 -0.0436 0.0000 1.5652 -0.0332 0.0006 1.5733 -0.0193 0.0130 1.5682 -0.0455 0.0000 1.5677 -0.0188 -0.0033 1.5617 -0.0222" />
                  </IndexedFaceSet>
                </Shape>
              </Transform>
              <Transform DEF="TeethTopCSkeletonParts">
                <Shape>
                  <Appearance USE="Teeth" />
                  <IndexedFaceSet coordIndex="0 1 2 -1 5 6 7 -1 4 8 13 -1 20 16 21 -1 16 23 21 -1 24 16 20 -1 25 1 26 -1 28 29 30 -1 20 32 24 -1 16 18 23 -1 20 21 3 -1 18 10 12 -1 15 31 19 -1 11 10 15 -1 11 17 14 -1 14 6 5 -1 13 14 2 -1 27 5 7 -1 3 4 33 -1 1 25 2 -1 28 16 29 -1 5 27 34 -1 5 34 35 -1 37 36 16 -1 29 38 30 -1 38 29 16 -1 18 12 23 -1 21 4 3 -1 21 23 4 -1 12 8 4 -1 10 11 9 -1 19 14 15 -1 14 19 6 -1 15 14 17 -1 14 13 22 -1 11 14 9 -1 18 16 15 -1 5 40 39 -1 36 38 16 -1 25 33 4 -1 25 26 33 -1 16 31 15 -1 31 16 28 -1 5 35 40 -1 16 24 37 -1 31 28 19 -1 8 22 13 -1 10 18 15 -1 13 2 4 -1 23 12 4 -1 12 9 8 -1 9 12 10 -1 11 15 17 -1 5 2 14 -1 14 8 9 -1 14 22 8 -1 4 2 25 -1 5 0 2 -1 0 5 39 -1 6 19 7 -1 3 32 20 -1" creaseAngle="1.571">
                    <Coordinate point="0.0013 1.6017 0.0971 0.0009 1.6008 0.0969 0.0022 1.5990 0.0979 0.0006 1.5971 0.0930 0.0001 1.5964 0.0954 0.0043 1.6015 0.0971 0.0068 1.5999 0.0950 0.0067 1.6003 0.0944 0.0015 1.5907 0.0965 0.0064 1.5912 0.0955 0.0050 1.5929 0.0943 0.0078 1.5932 0.0948 0.0006 1.5938 0.0947 0.0013 1.5949 0.0977 0.0057 1.5971 0.0970 0.0055 1.5959 0.0922 0.0030 1.5990 0.0895 0.0067 1.5969 0.0963 0.0029 1.5953 0.0929 0.0065 1.5995 0.0928 0.0008 1.5995 0.0917 0.0007 1.5964 0.0927 0.0032 1.5932 0.0976 0.0003 1.5958 0.0941 0.0015 1.6012 0.0900 0.0006 1.5996 0.0971 0.0004 1.5990 0.0962 0.0062 1.6017 0.0954 0.0059 1.6002 0.0913 0.0049 1.6014 0.0894 0.0049 1.6018 0.0895 0.0060 1.5998 0.0915 0.0007 1.5997 0.0921 0.0002 1.5983 0.0956 0.0052 1.6031 0.0960 0.0043 1.6034 0.0966 0.0028 1.6012 0.0886 0.0018 1.6012 0.0893 0.0038 1.6014 0.0886 0.0021 1.6026 0.0972 0.0034 1.6034 0.0971" />
                  </IndexedFaceSet>
                </Shape>
                <Shape>
                  <Appearance USE="Teeth" />
                  <IndexedFaceSet coordIndex="4 5 6 -1 10 11 7 -1 13 10 8 -1 7 8 10 -1 10 17 13 -1 15 11 16 -1 8 7 23 -1 24 3 1 -1 24 25 3 -1 1 3 23 -1 4 23 3 -1 12 20 10 -1 26 27 28 -1 10 21 11 -1 16 7 15 -1 13 17 10 -1 13 8 4 -1 4 22 13 -1 0 24 1 -1 2 29 3 -1 26 30 31 -1 32 9 33 -1 34 28 4 -1 28 34 35 -1 3 36 37 -1 3 38 4 -1 3 39 38 -1 14 16 1 -1 11 15 7 -1 12 10 13 -1 19 27 20 -1 20 21 10 -1 26 9 27 -1 9 18 20 -1 0 1 16 -1 11 21 20 -1 4 38 40 -1 33 9 41 -1 39 3 37 -1 26 35 42 -1 26 28 35 -1 9 32 0 -1 9 43 44 -1 34 4 6 -1 3 29 36 -1 42 30 26 -1 16 14 7 -1 16 18 9 -1 19 12 22 -1 28 27 19 -1 12 19 20 -1 27 9 20 -1 18 11 20 -1 11 18 16 -1 22 12 13 -1 19 4 28 -1 19 22 4 -1 9 0 16 -1 23 7 1 -1 4 8 23 -1 7 14 1 -1 9 44 41 -1 4 40 5 -1 31 9 26 -1 9 31 43 -1 3 25 2 -1" creaseAngle="1.571">
                    <Coordinate point="0.0135 1.5998 0.0893 0.0124 1.5995 0.0869 0.0118 1.6018 0.0849 0.0131 1.6009 0.0835 0.0170 1.6000 0.0835 0.0174 1.6016 0.0841 0.0182 1.6014 0.0847 0.0142 1.5948 0.0871 0.0157 1.5955 0.0850 0.0176 1.6002 0.0909 0.0175 1.5925 0.0870 0.0162 1.5942 0.0904 0.0193 1.5952 0.0862 0.0181 1.5956 0.0840 0.0126 1.5971 0.0879 0.0140 1.5943 0.0880 0.0136 1.5961 0.0893 0.0179 1.5928 0.0856 0.0161 1.5967 0.0913 0.0194 1.5977 0.0869 0.0183 1.5958 0.0899 0.0175 1.5935 0.0894 0.0190 1.5982 0.0842 0.0134 1.5993 0.0835 0.0125 1.6007 0.0870 0.0117 1.6018 0.0858 0.0193 1.6019 0.0889 0.0194 1.5990 0.0883 0.0192 1.6010 0.0864 0.0123 1.6021 0.0843 0.0192 1.6029 0.0891 0.0190 1.6030 0.0900 0.0141 1.6001 0.0902 0.0151 1.6010 0.0911 0.0186 1.6014 0.0854 0.0191 1.6017 0.0865 0.0129 1.6023 0.0837 0.0137 1.6024 0.0833 0.0155 1.6020 0.0832 0.0146 1.6023 0.0831 0.0165 1.6018 0.0835 0.0164 1.6020 0.0914 0.0193 1.6025 0.0882 0.0184 1.6030 0.0906 0.0177 1.6029 0.0912" />
                  </IndexedFaceSet>
                </Shape>
                <Shape>
                  <Appearance USE="Teeth" />
                  <IndexedFaceSet coordIndex="11 7 10 -1 16 0 5 -1 3 2 10 -1 9 2 3 -1 3 7 4 -1 20 18 21 -1 20 9 18 -1 8 1 7 -1 0 4 1 -1 16 6 0 -1 5 0 15 -1 12 11 13 -1 9 3 4 -1 6 4 0 -1 0 1 15 -1 23 22 2 -1 25 24 10 -1 27 26 13 -1 28 18 16 -1 28 29 18 -1 19 30 31 -1 32 13 33 -1 6 9 4 -1 8 7 12 -1 34 12 13 -1 15 1 14 -1 19 16 17 -1 17 16 5 -1 12 13 14 -1 12 34 13 -1 35 30 19 -1 36 28 16 -1 26 33 13 -1 10 37 11 -1 24 37 10 -1 22 38 2 -1 39 2 9 -1 39 23 2 -1 2 25 10 -1 40 25 2 -1 11 27 13 -1 41 27 11 -1 29 42 18 -1 16 31 43 -1 31 16 19 -1 13 44 45 -1 32 44 13 -1 7 1 4 -1 18 9 6 -1 8 14 1 -1 12 14 8 -1 17 15 19 -1 18 6 16 -1 17 5 15 -1 14 19 15 -1 19 14 13 -1 13 45 19 -1 11 12 7 -1 7 3 10 -1 45 35 19 -1 44 35 45 -1 43 36 16 -1 42 21 18 -1 37 41 11 -1 38 40 2 -1 20 39 9 -1" creaseAngle="1.571">
                    <Coordinate point="0.0210 1.5949 0.0645 0.0246 1.5969 0.0647 0.0282 1.6040 0.0624 0.0292 1.6000 0.0637 0.0272 1.5963 0.0617 0.0187 1.5965 0.0643 0.0218 1.5974 0.0587 0.0286 1.5983 0.0668 0.0270 1.5960 0.0675 0.0253 1.6019 0.0601 0.0288 1.6035 0.0642 0.0280 1.6033 0.0679 0.0267 1.5991 0.0692 0.0242 1.6019 0.0680 0.0229 1.5988 0.0684 0.0200 1.5981 0.0665 0.0195 1.5998 0.0608 0.0185 1.5994 0.0630 0.0211 1.6006 0.0591 0.0196 1.5997 0.0661 0.0245 1.6034 0.0600 0.0230 1.6033 0.0597 0.0279 1.6045 0.0616 0.0274 1.6044 0.0612 0.0284 1.6042 0.0650 0.0285 1.6044 0.0639 0.0258 1.6035 0.0686 0.0267 1.6038 0.0686 0.0199 1.6029 0.0608 0.0210 1.6030 0.0596 0.0189 1.6028 0.0645 0.0191 1.6029 0.0632 0.0234 1.6035 0.0678 0.0247 1.6035 0.0683 0.0248 1.6023 0.0682 0.0197 1.6029 0.0658 0.0194 1.6029 0.0617 0.0282 1.6040 0.0671 0.0282 1.6046 0.0622 0.0260 1.6040 0.0610 0.0283 1.6046 0.0630 0.0277 1.6040 0.0682 0.0220 1.6031 0.0595 0.0193 1.6029 0.0624 0.0215 1.6033 0.0668 0.0215 1.6029 0.0669" />
                  </IndexedFaceSet>
                </Shape>
                <Shape>
                  <Appearance USE="Teeth" />
                  <IndexedFaceSet coordIndex="1 6 7 -1 8 9 10 -1 12 1 9 -1 13 9 3 -1 17 18 19 -1 4 2 5 -1 22 10 11 -1 1 7 6 -1 11 19 0 -1 2 3 1 -1 3 9 1 -1 6 3 1 -1 16 14 15 -1 0 1 11 -1 8 12 9 -1 0 2 1 -1 24 25 18 -1 26 27 28 -1 30 29 10 -1 31 14 32 -1 34 20 33 -1 36 35 20 -1 18 25 37 -1 0 18 2 -1 1 12 8 -1 26 11 27 -1 19 11 26 -1 10 38 11 -1 21 5 20 -1 39 2 18 -1 3 21 13 -1 3 5 21 -1 6 1 3 -1 5 3 4 -1 23 39 40 -1 11 38 27 -1 41 40 42 -1 23 40 41 -1 35 43 20 -1 20 44 16 -1 45 14 31 -1 45 10 14 -1 29 46 10 -1 17 26 47 -1 48 18 17 -1 18 48 24 -1 38 28 27 -1 30 10 49 -1 50 32 14 -1 34 20 51 -1 33 20 34 -1 23 36 20 -1 41 36 23 -1 22 8 10 -1 10 15 14 -1 15 20 16 -1 15 21 20 -1 0 19 18 -1 20 2 23 -1 18 40 39 -1 10 9 15 -1 9 13 21 -1 2 39 23 -1 2 20 5 -1 21 15 9 -1 1 8 22 -1 1 22 11 -1 3 2 4 -1 17 19 26 -1 18 42 40 -1 37 42 18 -1 51 20 43 -1 44 14 16 -1 44 50 14 -1 45 49 10 -1 46 38 10 -1 17 47 48 -1" creaseAngle="1.571">
                    <Coordinate point="0.0242 1.5973 0.0500 0.0250 1.5967 0.0546 0.0296 1.5985 0.0507 0.0281 1.5977 0.0544 0.0294 1.5980 0.0508 0.0313 1.5983 0.0539 0.0269 1.5980 0.0559 0.0256 1.5968 0.0566 0.0231 1.5981 0.0570 0.0278 1.5973 0.0573 0.0226 1.6011 0.0568 0.0217 1.5995 0.0530 0.0251 1.5974 0.0580 0.0290 1.5964 0.0568 0.0274 1.6022 0.0588 0.0279 1.5989 0.0589 0.0302 1.6017 0.0589 0.0221 1.6018 0.0501 0.0252 1.6007 0.0490 0.0222 1.5994 0.0504 0.0311 1.6020 0.0541 0.0312 1.5981 0.0569 0.0216 1.5987 0.0552 0.0299 1.6024 0.0516 0.0234 1.6025 0.0494 0.0244 1.6028 0.0495 0.0216 1.6020 0.0514 0.0212 1.6019 0.0529 0.0213 1.6023 0.0529 0.0214 1.6025 0.0559 0.0222 1.6028 0.0567 0.0267 1.6033 0.0583 0.0286 1.6031 0.0590 0.0314 1.6028 0.0559 0.0313 1.6032 0.0559 0.0306 1.6033 0.0525 0.0299 1.6032 0.0519 0.0255 1.6031 0.0499 0.0209 1.6020 0.0541 0.0277 1.6011 0.0498 0.0273 1.6027 0.0506 0.0291 1.6031 0.0514 0.0273 1.6031 0.0508 0.0309 1.6032 0.0533 0.0302 1.6029 0.0588 0.0246 1.6032 0.0579 0.0211 1.6023 0.0550 0.0220 1.6022 0.0506 0.0223 1.6022 0.0500 0.0234 1.6030 0.0573 0.0295 1.6030 0.0590 0.0312 1.6031 0.0542" />
                  </IndexedFaceSet>
                </Shape>
                <Shape>
                  <Appearance>
                    <Material />
                  </Appearance>
                  <IndexedFaceSet coordIndex="0 1 2 -1 16 13 7 -1 7 17 18 -1 19 16 7 -1 20 5 16 -1 21 22 23 -1 27 10 26 -1 11 5 14 -1 28 25 6 -1 25 24 21 -1 29 8 15 -1 30 31 32 -1 9 34 35 -1 11 26 10 -1 5 11 13 -1 28 5 25 -1 15 30 37 -1 17 7 11 -1 38 21 23 -1 7 13 11 -1 5 26 14 -1 6 5 28 -1 29 39 7 -1 8 40 30 -1 30 40 31 -1 33 4 3 -1 4 6 21 -1 11 14 26 -1 27 26 3 -1 19 7 41 -1 12 16 5 -1 42 21 43 -1 2 44 0 -1 4 46 45 -1 47 48 49 -1 50 48 47 -1 51 52 15 -1 51 53 52 -1 37 54 15 -1 55 56 57 -1 58 56 55 -1 5 13 12 -1 34 10 60 -1 40 9 35 -1 40 17 9 -1 5 16 25 -1 52 19 61 -1 32 37 30 -1 7 8 29 -1 61 41 39 -1 61 19 41 -1 19 0 59 -1 20 16 5 -1 33 36 6 -1 36 33 26 -1 60 57 62 -1 60 55 57 -1 55 10 50 -1 60 10 55 -1 10 27 48 -1 0 16 59 -1 9 11 10 -1 58 50 47 -1 58 55 50 -1 32 64 37 -1 15 65 51 -1 19 1 0 -1 66 1 19 -1 45 67 4 -1 45 68 67 -1 0 44 69 -1 21 70 43 -1 70 21 24 -1 21 42 71 -1 0 72 24 -1 69 72 0 -1 46 4 73 -1 74 49 48 -1 53 19 52 -1 19 53 75 -1 54 76 15 -1 57 56 31 -1 16 12 13 -1 33 6 4 -1 4 67 48 -1 3 48 27 -1 10 34 9 -1 62 40 35 -1 21 6 25 -1 61 15 52 -1 40 63 18 -1 40 8 63 -1 18 17 40 -1 15 39 29 -1 39 15 61 -1 39 41 7 -1 19 59 16 -1 25 0 24 -1 25 16 0 -1 62 31 40 -1 57 31 62 -1 62 34 60 -1 35 34 62 -1 50 10 48 -1 26 5 36 -1 48 3 4 -1 3 26 33 -1 5 6 36 -1 7 63 8 -1 7 18 63 -1 15 8 30 -1 9 17 11 -1 77 21 71 -1 21 77 22 -1 31 64 32 -1 15 76 65 -1 75 66 19 -1 67 74 48 -1 68 74 67 -1 21 73 4 -1 38 73 21 -1 72 70 24 -1" creaseAngle="1.571">
                    <Coordinate point="0.0296 1.6030 0.0429 0.0283 1.6055 0.0436 0.0283 1.6056 0.0436 0.0318 1.6009 0.0494 0.0329 1.6041 0.0482 0.0311 1.5989 0.0447 0.0327 1.6015 0.0466 0.0259 1.5991 0.0429 0.0236 1.5998 0.0440 0.0262 1.5981 0.0478 0.0284 1.6000 0.0493 0.0280 1.5990 0.0460 0.0294 1.5997 0.0429 0.0266 1.5992 0.0434 0.0293 1.5993 0.0467 0.0234 1.6034 0.0434 0.0293 1.6015 0.0425 0.0250 1.5974 0.0464 0.0247 1.5975 0.0460 0.0269 1.6038 0.0427 0.0291 1.6000 0.0423 0.0326 1.6049 0.0460 0.0328 1.6054 0.0468 0.0328 1.6053 0.0472 0.0316 1.6049 0.0444 0.0321 1.6019 0.0444 0.0308 1.5981 0.0483 0.0293 1.6014 0.0498 0.0322 1.6008 0.0447 0.0238 1.6008 0.0425 0.0228 1.6021 0.0450 0.0231 1.6038 0.0470 0.0228 1.6037 0.0459 0.0323 1.6006 0.0488 0.0264 1.6011 0.0490 0.0247 1.6008 0.0483 0.0323 1.5985 0.0473 0.0229 1.6038 0.0450 0.0328 1.6055 0.0474 0.0250 1.6016 0.0418 0.0233 1.6007 0.0467 0.0269 1.6031 0.0425 0.0324 1.6058 0.0461 0.0321 1.6060 0.0454 0.0293 1.6056 0.0437 0.0320 1.6049 0.0489 0.0324 1.6051 0.0486 0.0284 1.6045 0.0491 0.0302 1.6034 0.0496 0.0297 1.6046 0.0493 0.0284 1.6040 0.0492 0.0238 1.6049 0.0433 0.0262 1.6044 0.0427 0.0249 1.6051 0.0427 0.0231 1.6043 0.0442 0.0262 1.6039 0.0487 0.0242 1.6041 0.0479 0.0242 1.6037 0.0479 0.0262 1.6043 0.0487 0.0280 1.6044 0.0431 0.0264 1.6028 0.0490 0.0255 1.6039 0.0425 0.0242 1.6023 0.0480 0.0240 1.5980 0.0450 0.0229 1.6041 0.0459 0.0235 1.6047 0.0435 0.0273 1.6055 0.0433 0.0314 1.6044 0.0493 0.0313 1.6048 0.0493 0.0303 1.6056 0.0438 0.0317 1.6059 0.0448 0.0326 1.6056 0.0466 0.0313 1.6057 0.0443 0.0327 1.6054 0.0482 0.0306 1.6047 0.0496 0.0262 1.6054 0.0430 0.0233 1.6045 0.0438 0.0327 1.6056 0.0466" />
                  </IndexedFaceSet>
                </Shape>
                <Shape>
                  <Appearance USE="Teeth" />
                  <IndexedFaceSet coordIndex="2 3 4 -1 5 1 6 -1 7 8 9 -1 15 13 17 -1 21 20 22 -1 17 23 21 -1 22 16 17 -1 14 29 18 -1 21 22 17 -1 13 2 0 -1 13 12 20 -1 21 26 17 -1 7 15 17 -1 17 13 19 -1 17 30 7 -1 16 18 29 -1 0 33 1 -1 0 31 33 -1 15 34 32 -1 10 12 13 -1 19 13 17 -1 20 21 13 -1 0 11 13 -1 13 11 10 -1 11 0 10 -1 29 14 27 -1 16 28 17 -1 24 10 18 -1 5 0 1 -1 37 36 38 -1 14 39 40 -1 36 41 7 -1 42 41 36 -1 15 43 2 -1 44 43 15 -1 32 45 15 -1 0 35 10 -1 20 10 22 -1 9 15 7 -1 17 13 21 -1 0 5 35 -1 24 16 10 -1 24 18 16 -1 7 17 36 -1 7 30 17 -1 36 17 28 -1 36 29 27 -1 16 29 28 -1 16 22 10 -1 14 18 25 -1 10 25 18 -1 46 14 40 -1 15 45 44 -1 42 36 47 -1 6 14 5 -1 6 39 14 -1 49 48 27 -1 7 41 8 -1 3 2 43 -1 36 37 47 -1 23 17 21 -1 25 35 5 -1 10 35 25 -1 5 14 25 -1 17 26 21 -1 29 36 28 -1 12 10 20 -1 2 13 15 -1 0 2 31 -1 46 27 14 -1 46 49 27 -1 9 34 15 -1 27 38 36 -1 48 38 27 -1 4 31 2 -1 4 33 31 -1" creaseAngle="1.571">
                    <Coordinate point="-0.0121 1.5994 0.0856 -0.0125 1.6007 0.0868 -0.0126 1.6013 0.0837 -0.0123 1.6021 0.0840 -0.0118 1.6018 0.0847 -0.0131 1.5991 0.0886 -0.0135 1.6000 0.0891 -0.0183 1.6005 0.0843 -0.0182 1.6014 0.0845 -0.0175 1.6014 0.0838 -0.0136 1.5951 0.0877 -0.0123 1.5988 0.0849 -0.0149 1.5969 0.0843 -0.0142 1.5984 0.0835 -0.0159 1.6000 0.0911 -0.0155 1.6005 0.0829 -0.0176 1.5931 0.0888 -0.0193 1.5968 0.0858 -0.0154 1.5956 0.0909 -0.0176 1.5973 0.0835 -0.0154 1.5943 0.0860 -0.0172 1.5940 0.0850 -0.0164 1.5921 0.0869 -0.0188 1.5960 0.0837 -0.0151 1.5944 0.0904 -0.0135 1.5969 0.0902 -0.0189 1.5934 0.0847 -0.0177 1.6013 0.0908 -0.0189 1.5955 0.0889 -0.0173 1.5962 0.0906 -0.0189 1.5990 0.0845 -0.0117 1.6014 0.0854 -0.0155 1.6020 0.0829 -0.0117 1.6018 0.0856 -0.0165 1.6018 0.0833 -0.0124 1.5976 0.0873 -0.0192 1.6003 0.0881 -0.0192 1.6029 0.0887 -0.0190 1.6030 0.0897 -0.0141 1.6001 0.0900 -0.0151 1.6010 0.0908 -0.0186 1.6014 0.0851 -0.0191 1.6017 0.0862 -0.0129 1.6023 0.0835 -0.0137 1.6024 0.0831 -0.0146 1.6023 0.0828 -0.0164 1.6020 0.0911 -0.0193 1.6025 0.0879 -0.0184 1.6030 0.0903 -0.0177 1.6029 0.0909" />
                  </IndexedFaceSet>
                </Shape>
                <Shape>
                  <Appearance USE="Teeth" />
                  <IndexedFaceSet coordIndex="5 6 7 -1 0 13 11 -1 9 8 1 -1 20 23 19 -1 16 15 12 -1 6 24 5 -1 6 11 12 -1 3 15 4 -1 25 3 26 -1 25 21 3 -1 14 9 5 -1 1 0 9 -1 5 7 6 -1 18 28 19 -1 20 19 1 -1 20 8 21 -1 8 20 1 -1 2 1 28 -1 17 19 29 -1 5 15 3 -1 8 9 14 -1 6 10 9 -1 5 10 6 -1 5 9 10 -1 3 30 26 -1 4 31 32 -1 16 34 33 -1 21 25 35 -1 19 37 36 -1 38 29 19 -1 29 38 39 -1 24 6 15 -1 3 8 5 -1 21 8 3 -1 11 13 27 -1 27 17 16 -1 0 2 18 -1 21 23 20 -1 18 13 0 -1 13 18 27 -1 14 5 8 -1 11 9 0 -1 19 40 38 -1 19 41 37 -1 17 43 42 -1 33 4 16 -1 4 33 44 -1 4 32 45 -1 3 46 30 -1 4 47 31 -1 48 16 17 -1 16 48 34 -1 21 49 22 -1 21 35 49 -1 50 19 36 -1 39 17 29 -1 17 39 51 -1 0 1 2 -1 15 5 24 -1 27 12 11 -1 17 27 18 -1 18 2 28 -1 28 1 19 -1 19 21 22 -1 21 19 23 -1 17 18 19 -1 27 16 12 -1 15 16 4 -1 12 15 6 -1 11 6 9 -1 17 51 43 -1 40 19 50 -1 22 41 19 -1 22 49 41 -1 17 42 48 -1 4 44 47 -1 45 3 4 -1 3 45 46 -1" creaseAngle="1.571">
                    <Coordinate point="-0.0234 1.5969 0.0653 -0.0206 1.5953 0.0629 -0.0207 1.5956 0.0659 -0.0254 1.6016 0.0600 -0.0285 1.6033 0.0652 -0.0262 1.5975 0.0588 -0.0277 1.5962 0.0625 -0.0280 1.5961 0.0598 -0.0225 1.5960 0.0583 -0.0240 1.5967 0.0628 -0.0254 1.5976 0.0604 -0.0273 1.5959 0.0661 -0.0291 1.5995 0.0654 -0.0268 1.5956 0.0673 -0.0236 1.5967 0.0606 -0.0287 1.5997 0.0609 -0.0288 1.6024 0.0657 -0.0258 1.6023 0.0682 -0.0223 1.5988 0.0681 -0.0195 1.6012 0.0643 -0.0198 1.5973 0.0595 -0.0221 1.5983 0.0579 -0.0217 1.6018 0.0590 -0.0195 1.6004 0.0601 -0.0291 1.5965 0.0602 -0.0230 1.6033 0.0597 -0.0244 1.6035 0.0600 -0.0267 1.5991 0.0692 -0.0187 1.5978 0.0646 -0.0220 1.6022 0.0671 -0.0260 1.6040 0.0610 -0.0283 1.6046 0.0630 -0.0282 1.6046 0.0622 -0.0282 1.6040 0.0671 -0.0277 1.6040 0.0682 -0.0220 1.6031 0.0595 -0.0193 1.6029 0.0624 -0.0194 1.6029 0.0616 -0.0197 1.6029 0.0657 -0.0215 1.6033 0.0668 -0.0189 1.6028 0.0644 -0.0199 1.6029 0.0608 -0.0258 1.6035 0.0686 -0.0247 1.6035 0.0682 -0.0284 1.6042 0.0650 -0.0279 1.6045 0.0616 -0.0274 1.6044 0.0612 -0.0285 1.6044 0.0639 -0.0267 1.6038 0.0685 -0.0210 1.6030 0.0596 -0.0191 1.6029 0.0632 -0.0234 1.6035 0.0677" />
                  </IndexedFaceSet>
                </Shape>
                <Shape>
                  <Appearance USE="Teeth" />
                  <IndexedFaceSet coordIndex="1 2 3 -1 2 16 5 -1 6 5 4 -1 17 0 4 -1 18 19 20 -1 16 15 21 -1 12 13 15 -1 12 14 13 -1 8 4 9 -1 6 4 5 -1 9 4 11 -1 5 21 4 -1 2 25 24 -1 2 5 7 -1 8 5 4 -1 16 21 5 -1 4 14 17 -1 12 17 14 -1 9 11 26 -1 28 27 3 -1 25 29 30 -1 20 31 32 -1 18 34 33 -1 23 35 36 -1 23 22 35 -1 37 38 39 -1 38 37 40 -1 4 0 11 -1 12 42 20 -1 8 7 5 -1 24 16 2 -1 15 24 42 -1 24 15 16 -1 8 41 7 -1 44 9 10 -1 8 9 44 -1 39 41 44 -1 39 38 41 -1 2 7 41 -1 12 18 17 -1 19 18 12 -1 29 2 45 -1 21 14 4 -1 46 10 23 -1 10 46 47 -1 22 48 35 -1 48 22 49 -1 18 50 34 -1 20 51 31 -1 20 25 51 -1 45 52 29 -1 41 28 3 -1 53 28 41 -1 1 3 27 -1 25 30 54 -1 18 32 55 -1 18 20 32 -1 18 33 43 -1 23 36 56 -1 39 47 37 -1 47 39 10 -1 23 9 26 -1 42 12 15 -1 25 42 24 -1 19 12 20 -1 43 17 18 -1 43 0 17 -1 0 23 26 -1 0 43 23 -1 44 10 39 -1 21 13 14 -1 0 26 11 -1 15 13 21 -1 8 44 41 -1 43 22 23 -1 43 49 22 -1 41 3 2 -1 25 20 42 -1 2 29 25 -1 2 1 45 -1 9 23 10 -1 57 38 40 -1 57 41 38 -1 23 56 46 -1 49 43 48 -1 18 55 50 -1 25 54 51 -1 45 1 52 -1 41 57 53 -1" creaseAngle="1.571">
                    <Coordinate point="-0.0305 1.5975 0.0551 -0.0216 1.6020 0.0514 -0.0218 1.5996 0.0522 -0.0221 1.6018 0.0501 -0.0262 1.5973 0.0525 -0.0240 1.5970 0.0504 -0.0245 1.5967 0.0508 -0.0244 1.5990 0.0486 -0.0269 1.5987 0.0493 -0.0300 1.5987 0.0507 -0.0298 1.6024 0.0515 -0.0302 1.5966 0.0522 -0.0260 1.5991 0.0586 -0.0244 1.5967 0.0570 -0.0261 1.5972 0.0560 -0.0232 1.5979 0.0569 -0.0229 1.5967 0.0548 -0.0294 1.5977 0.0587 -0.0275 1.6022 0.0588 -0.0261 1.6003 0.0586 -0.0243 1.6013 0.0579 -0.0239 1.5961 0.0545 -0.0308 1.6022 0.0527 -0.0307 1.6021 0.0523 -0.0216 1.5994 0.0537 -0.0214 1.6015 0.0557 -0.0313 1.5986 0.0530 -0.0220 1.6022 0.0506 -0.0223 1.6022 0.0500 -0.0209 1.6020 0.0541 -0.0211 1.6023 0.0550 -0.0234 1.6030 0.0573 -0.0246 1.6032 0.0579 -0.0302 1.6029 0.0588 -0.0295 1.6030 0.0590 -0.0312 1.6031 0.0542 -0.0309 1.6032 0.0533 -0.0273 1.6031 0.0508 -0.0251 1.6025 0.0496 -0.0273 1.6027 0.0506 -0.0255 1.6031 0.0499 -0.0247 1.6012 0.0490 -0.0228 1.5998 0.0571 -0.0314 1.6016 0.0568 -0.0277 1.6011 0.0498 -0.0212 1.6019 0.0529 -0.0299 1.6032 0.0519 -0.0291 1.6031 0.0514 -0.0313 1.6032 0.0559 -0.0314 1.6028 0.0559 -0.0286 1.6031 0.0590 -0.0222 1.6028 0.0567 -0.0213 1.6023 0.0529 -0.0234 1.6025 0.0494 -0.0214 1.6025 0.0559 -0.0267 1.6033 0.0583 -0.0306 1.6033 0.0525 -0.0244 1.6028 0.0495" />
                  </IndexedFaceSet>
                </Shape>
                <Shape>
                  <Appearance USE="Teeth" />
                  <IndexedFaceSet coordIndex="3 4 5 -1 12 13 8 -1 20 21 10 -1 4 18 17 -1 23 25 26 -1 17 7 4 -1 6 10 24 -1 5 28 19 -1 6 15 14 -1 10 9 22 -1 29 4 30 -1 9 6 8 -1 11 31 23 -1 6 12 8 -1 14 12 6 -1 7 17 6 -1 13 12 14 -1 19 28 6 -1 6 24 19 -1 29 16 4 -1 6 9 10 -1 4 32 33 -1 34 0 2 -1 34 35 0 -1 36 37 3 -1 3 38 39 -1 38 3 40 -1 27 41 11 -1 27 42 41 -1 11 43 31 -1 44 45 46 -1 45 44 47 -1 2 48 34 -1 5 50 3 -1 10 21 50 -1 24 10 19 -1 9 26 51 -1 34 17 18 -1 34 15 17 -1 15 27 14 -1 15 48 27 -1 27 11 14 -1 9 23 26 -1 11 13 14 -1 15 34 48 -1 17 15 49 -1 6 5 7 -1 28 5 6 -1 5 19 10 -1 25 51 26 -1 51 25 52 -1 46 20 52 -1 46 45 20 -1 20 45 40 -1 3 50 21 -1 8 23 9 -1 40 47 38 -1 40 45 47 -1 31 54 53 -1 55 11 41 -1 1 27 2 -1 27 1 56 -1 3 57 36 -1 58 35 34 -1 59 4 33 -1 18 4 59 -1 60 32 4 -1 61 34 18 -1 34 61 58 -1 4 37 62 -1 4 3 37 -1 3 39 63 -1 64 42 27 -1 11 65 43 -1 66 44 46 -1 4 7 5 -1 21 20 3 -1 50 5 10 -1 20 10 22 -1 51 22 9 -1 20 22 51 -1 48 2 27 -1 13 11 8 -1 8 11 23 -1 23 31 53 -1 66 23 53 -1 66 25 23 -1 15 6 49 -1 49 6 17 -1 66 52 25 -1 52 66 46 -1 52 20 51 -1 3 20 40 -1 4 67 60 -1 16 67 4 -1 53 54 66 -1 65 11 55 -1 27 56 64 -1 3 63 57 -1 4 62 30 -1 18 59 61 -1" creaseAngle="1.571">
                    <Coordinate point="-0.0283 1.6056 0.0436 -0.0283 1.6055 0.0436 -0.0283 1.6051 0.0435 -0.0311 1.6038 0.0493 -0.0328 1.6045 0.0465 -0.0324 1.6004 0.0487 -0.0299 1.5991 0.0447 -0.0327 1.6016 0.0464 -0.0247 1.5985 0.0438 -0.0255 1.5978 0.0469 -0.0292 1.5990 0.0482 -0.0235 1.6024 0.0430 -0.0271 1.5997 0.0435 -0.0259 1.5991 0.0426 -0.0264 1.6018 0.0421 -0.0297 1.6015 0.0426 -0.0328 1.6054 0.0468 -0.0322 1.6018 0.0447 -0.0316 1.6049 0.0444 -0.0318 1.5978 0.0484 -0.0270 1.6019 0.0492 -0.0293 1.6014 0.0498 -0.0261 1.5981 0.0478 -0.0230 1.6007 0.0452 -0.0304 1.5980 0.0473 -0.0231 1.6018 0.0470 -0.0236 1.6003 0.0471 -0.0256 1.6041 0.0425 -0.0325 1.5989 0.0473 -0.0328 1.6053 0.0472 -0.0328 1.6055 0.0474 -0.0229 1.6038 0.0450 -0.0324 1.6058 0.0461 -0.0321 1.6060 0.0454 -0.0300 1.6048 0.0436 -0.0293 1.6056 0.0437 -0.0320 1.6049 0.0489 -0.0324 1.6051 0.0486 -0.0284 1.6045 0.0491 -0.0297 1.6046 0.0493 -0.0284 1.6040 0.0492 -0.0238 1.6049 0.0433 -0.0249 1.6051 0.0427 -0.0231 1.6043 0.0442 -0.0242 1.6041 0.0479 -0.0262 1.6039 0.0487 -0.0242 1.6037 0.0479 -0.0262 1.6043 0.0487 -0.0288 1.6038 0.0430 -0.0319 1.6013 0.0439 -0.0311 1.6015 0.0498 -0.0247 1.6008 0.0483 -0.0242 1.6023 0.0480 -0.0228 1.6037 0.0459 -0.0229 1.6041 0.0459 -0.0235 1.6047 0.0435 -0.0273 1.6055 0.0433 -0.0313 1.6048 0.0493 -0.0303 1.6056 0.0438 -0.0317 1.6059 0.0448 -0.0326 1.6056 0.0466 -0.0313 1.6057 0.0443 -0.0327 1.6054 0.0482 -0.0306 1.6047 0.0496 -0.0262 1.6054 0.0430 -0.0233 1.6045 0.0438 -0.0231 1.6038 0.0470 -0.0327 1.6056 0.0466" />
                  </IndexedFaceSet>
                </Shape>
                <Shape>
                  <Appearance USE="Teeth" />
                  <IndexedFaceSet coordIndex="7 10 5 -1 16 18 19 -1 4 2 5 -1 20 8 3 -1 7 11 6 -1 15 23 14 -1 7 6 10 -1 18 25 24 -1 12 26 27 -1 12 29 28 -1 13 31 30 -1 0 32 33 -1 23 15 34 -1 16 25 18 -1 16 35 25 -1 7 22 36 -1 37 13 20 -1 38 19 18 -1 9 5 6 -1 5 10 6 -1 7 5 8 -1 20 3 37 -1 22 41 36 -1 42 40 39 -1 11 7 40 -1 0 40 36 -1 13 22 20 -1 13 41 22 -1 20 7 21 -1 20 22 7 -1 38 43 19 -1 5 44 4 -1 17 5 9 -1 6 11 45 -1 14 40 42 -1 44 19 43 -1 44 5 19 -1 44 43 4 -1 12 4 43 -1 12 13 37 -1 40 7 36 -1 17 14 16 -1 20 21 8 -1 40 0 39 -1 3 12 46 -1 3 4 12 -1 0 36 1 -1 35 16 47 -1 39 48 15 -1 49 0 1 -1 0 49 32 -1 31 13 50 -1 12 51 29 -1 12 52 26 -1 12 43 52 -1 18 24 53 -1 12 27 54 -1 55 12 28 -1 56 13 30 -1 57 13 56 -1 39 33 58 -1 39 0 33 -1 59 23 34 -1 37 3 46 -1 3 2 4 -1 21 7 8 -1 23 16 14 -1 57 36 41 -1 1 36 57 -1 18 43 38 -1 45 40 14 -1 40 45 11 -1 42 15 14 -1 15 42 39 -1 16 5 17 -1 5 16 19 -1 6 45 14 -1 3 8 2 -1 41 13 57 -1 14 9 6 -1 14 17 9 -1 5 2 8 -1 37 46 12 -1 23 47 16 -1 23 59 47 -1 39 58 48 -1 57 49 1 -1 57 56 49 -1 12 50 13 -1 12 55 50 -1 12 54 51 -1 53 43 18 -1 43 53 52 -1" creaseAngle="1.571">
                    <Coordinate point="-0.0207 1.6020 0.0765 -0.0224 1.6019 0.0778 -0.0209 1.5939 0.0815 -0.0229 1.5959 0.0817 -0.0194 1.5980 0.0832 -0.0173 1.5953 0.0804 -0.0178 1.5943 0.0766 -0.0211 1.5957 0.0769 -0.0218 1.5936 0.0800 -0.0161 1.5940 0.0790 -0.0200 1.5962 0.0773 -0.0180 1.5950 0.0758 -0.0208 1.6017 0.0833 -0.0240 1.5999 0.0807 -0.0151 1.5984 0.0768 -0.0159 1.6029 0.0764 -0.0147 1.5991 0.0778 -0.0152 1.5955 0.0783 -0.0158 1.6016 0.0809 -0.0153 1.5988 0.0808 -0.0240 1.5967 0.0782 -0.0234 1.5946 0.0780 -0.0236 1.5972 0.0772 -0.0153 1.6027 0.0775 -0.0157 1.6025 0.0808 -0.0152 1.6025 0.0802 -0.0192 1.6029 0.0829 -0.0207 1.6029 0.0836 -0.0229 1.6029 0.0825 -0.0224 1.6029 0.0829 -0.0238 1.6028 0.0804 -0.0236 1.6029 0.0810 -0.0212 1.6026 0.0770 -0.0201 1.6029 0.0763 -0.0155 1.6031 0.0771 -0.0150 1.6028 0.0791 -0.0220 1.5992 0.0764 -0.0238 1.5978 0.0810 -0.0178 1.5991 0.0825 -0.0182 1.6023 0.0758 -0.0181 1.5986 0.0752 -0.0240 1.5992 0.0782 -0.0172 1.6015 0.0756 -0.0181 1.5999 0.0825 -0.0180 1.5977 0.0827 -0.0161 1.5957 0.0763 -0.0228 1.5992 0.0829 -0.0150 1.6030 0.0785 -0.0173 1.6031 0.0760 -0.0223 1.6023 0.0780 -0.0235 1.6029 0.0817 -0.0220 1.6029 0.0834 -0.0176 1.6028 0.0822 -0.0162 1.6025 0.0813 -0.0214 1.6029 0.0835 -0.0231 1.6029 0.0821 -0.0233 1.6026 0.0791 -0.0235 1.6018 0.0788 -0.0187 1.6031 0.0759 -0.0152 1.6031 0.0778" />
                  </IndexedFaceSet>
                </Shape>
                <Shape>
                  <Appearance USE="Teeth" />
                  <IndexedFaceSet coordIndex="0 1 2 -1 3 10 8 -1 8 7 11 -1 15 16 17 -1 15 8 16 -1 18 0 2 -1 20 21 22 -1 9 14 12 -1 12 13 6 -1 15 3 8 -1 7 13 11 -1 8 14 9 -1 6 22 21 -1 12 6 9 -1 7 23 6 -1 6 13 7 -1 4 24 3 -1 5 25 26 -1 20 27 28 -1 30 29 5 -1 3 31 32 -1 33 4 3 -1 33 34 4 -1 5 0 18 -1 8 10 7 -1 17 36 3 -1 39 23 10 -1 39 38 23 -1 23 37 22 -1 21 40 6 -1 21 20 40 -1 5 6 40 -1 8 12 14 -1 22 6 23 -1 39 37 38 -1 3 37 39 -1 23 38 37 -1 35 17 16 -1 17 35 36 -1 17 3 15 -1 35 18 2 -1 19 18 35 -1 35 2 1 -1 3 32 33 -1 36 35 41 -1 4 34 42 -1 43 20 28 -1 43 40 20 -1 25 40 44 -1 5 40 25 -1 5 26 45 -1 46 20 4 -1 20 46 27 -1 29 0 5 -1 47 3 36 -1 3 47 31 -1 44 40 43 -1 11 12 8 -1 8 18 16 -1 8 9 18 -1 37 24 4 -1 10 23 7 -1 6 5 9 -1 4 22 37 -1 4 20 22 -1 3 24 37 -1 39 10 3 -1 9 5 18 -1 19 35 16 -1 13 12 11 -1 16 18 19 -1 30 5 48 -1 36 41 47 -1 4 42 46 -1 45 48 5 -1" creaseAngle="1.571">
                    <Coordinate point="-0.0173 1.6027 0.0715 -0.0177 1.6030 0.0727 -0.0176 1.6026 0.0727 -0.0237 1.5995 0.0757 -0.0260 1.6027 0.0732 -0.0198 1.6018 0.0692 -0.0228 1.5987 0.0691 -0.0251 1.5946 0.0730 -0.0200 1.5968 0.0744 -0.0177 1.5967 0.0715 -0.0251 1.5959 0.0748 -0.0219 1.5961 0.0733 -0.0226 1.5970 0.0696 -0.0237 1.5967 0.0701 -0.0191 1.5945 0.0716 -0.0211 1.5980 0.0755 -0.0191 1.5996 0.0742 -0.0212 1.6003 0.0751 -0.0172 1.6000 0.0723 -0.0175 1.6011 0.0727 -0.0253 1.6027 0.0711 -0.0249 1.6009 0.0699 -0.0257 1.5993 0.0703 -0.0263 1.5960 0.0718 -0.0259 1.6014 0.0743 -0.0213 1.6031 0.0697 -0.0208 1.6030 0.0695 -0.0257 1.6038 0.0716 -0.0245 1.6040 0.0711 -0.0176 1.6029 0.0704 -0.0182 1.6029 0.0697 -0.0226 1.6023 0.0753 -0.0237 1.6025 0.0755 -0.0246 1.6027 0.0754 -0.0254 1.6031 0.0746 -0.0189 1.6022 0.0738 -0.0213 1.6018 0.0749 -0.0262 1.5994 0.0714 -0.0265 1.5978 0.0733 -0.0257 1.5979 0.0747 -0.0229 1.6030 0.0702 -0.0198 1.6024 0.0742 -0.0258 1.6034 0.0737 -0.0232 1.6039 0.0707 -0.0223 1.6035 0.0702 -0.0202 1.6030 0.0692 -0.0260 1.6037 0.0729 -0.0213 1.6023 0.0748 -0.0190 1.6028 0.0692" />
                  </IndexedFaceSet>
                </Shape>
                <Shape>
                  <Appearance USE="Teeth" />
                  <IndexedFaceSet coordIndex="5 6 7 -1 9 10 11 -1 5 7 14 -1 16 3 15 -1 17 5 18 -1 8 19 12 -1 16 15 14 -1 15 22 23 -1 24 15 3 -1 24 25 15 -1 15 23 26 -1 21 24 3 -1 14 7 16 -1 8 5 17 -1 7 13 16 -1 17 18 1 -1 4 10 9 -1 5 12 6 -1 0 1 27 -1 28 26 29 -1 30 15 25 -1 1 18 31 -1 32 2 33 -1 34 3 16 -1 34 21 3 -1 2 35 33 -1 6 4 7 -1 26 14 15 -1 4 9 13 -1 12 10 4 -1 11 1 2 -1 1 11 19 -1 8 17 1 -1 13 9 20 -1 26 18 5 -1 36 2 37 -1 2 38 16 -1 36 38 2 -1 35 39 40 -1 35 2 39 -1 29 26 23 -1 1 41 27 -1 42 2 32 -1 1 31 41 -1 4 13 7 -1 4 6 12 -1 5 14 26 -1 20 2 13 -1 20 11 2 -1 19 8 1 -1 12 11 10 -1 12 19 11 -1 2 0 39 -1 2 1 0 -1 11 20 9 -1 12 5 8 -1 16 13 2 -1 16 38 34 -1 26 28 18 -1 42 37 2 -1 39 0 40 -1 22 15 30 -1" creaseAngle="1.571">
                    <Coordinate point="0.0117 1.6027 0.0931 0.0125 1.5996 0.0930 0.0093 1.6006 0.0940 0.0070 1.5996 0.0893 0.0092 1.5935 0.0932 0.0117 1.5959 0.0899 0.0122 1.5931 0.0915 0.0086 1.5962 0.0915 0.0134 1.5960 0.0911 0.0090 1.5952 0.0950 0.0117 1.5937 0.0940 0.0114 1.5974 0.0947 0.0123 1.5930 0.0930 0.0079 1.5973 0.0937 0.0101 1.5972 0.0890 0.0084 1.5994 0.0879 0.0073 1.5982 0.0914 0.0129 1.5988 0.0925 0.0124 1.5996 0.0905 0.0127 1.5967 0.0936 0.0096 1.5989 0.0949 0.0071 1.5999 0.0902 0.0089 1.6003 0.0877 0.0101 1.6001 0.0882 0.0070 1.6003 0.0891 0.0075 1.6003 0.0881 0.0108 1.5977 0.0889 0.0121 1.6022 0.0925 0.0118 1.5998 0.0897 0.0111 1.6000 0.0890 0.0082 1.6003 0.0877 0.0124 1.6006 0.0913 0.0094 1.6016 0.0938 0.0099 1.6023 0.0939 0.0073 1.5997 0.0909 0.0103 1.6028 0.0939 0.0079 1.5995 0.0932 0.0084 1.6003 0.0937 0.0077 1.5993 0.0925 0.0113 1.6027 0.0937 0.0113 1.6031 0.0935 0.0123 1.6016 0.0921 0.0087 1.6007 0.0938" />
                  </IndexedFaceSet>
                </Shape>
                <Shape>
                  <Appearance USE="Teeth" />
                  <IndexedFaceSet coordIndex="8 7 5 -1 17 18 6 -1 7 6 5 -1 6 10 2 -1 2 3 11 -1 11 3 9 -1 10 7 2 -1 7 8 9 -1 6 4 5 -1 25 20 24 -1 26 27 21 -1 28 29 12 -1 30 31 0 -1 30 32 31 -1 35 34 33 -1 36 37 15 -1 3 7 9 -1 3 2 7 -1 7 10 6 -1 33 40 13 -1 2 11 40 -1 40 1 38 -1 2 17 19 -1 2 23 17 -1 42 16 22 -1 8 14 9 -1 11 9 14 -1 13 40 43 -1 42 20 16 -1 24 20 42 -1 24 22 41 -1 42 22 24 -1 21 17 12 -1 2 40 38 -1 23 2 39 -1 19 17 6 -1 21 22 17 -1 17 31 12 -1 38 0 39 -1 0 38 1 -1 15 44 36 -1 13 35 33 -1 1 30 0 -1 45 30 1 -1 12 46 28 -1 46 12 31 -1 47 21 12 -1 47 26 21 -1 25 41 48 -1 25 24 41 -1 20 49 16 -1 27 50 21 -1 12 29 51 -1 31 32 52 -1 53 33 34 -1 53 1 33 -1 15 37 54 -1 38 39 2 -1 22 4 55 -1 1 40 33 -1 2 19 6 -1 39 31 23 -1 31 39 0 -1 17 4 6 -1 17 55 4 -1 22 21 41 -1 16 5 22 -1 16 8 5 -1 11 14 40 -1 43 40 14 -1 16 14 8 -1 14 16 15 -1 6 18 17 -1 17 23 31 -1 5 4 22 -1 43 15 13 -1 43 14 15 -1 22 55 17 -1 56 15 16 -1 56 44 15 -1 54 13 15 -1 45 1 53 -1 52 46 31 -1 51 47 12 -1 21 48 41 -1 50 48 21 -1 49 56 16 -1" creaseAngle="1.571">
                    <Coordinate point="0.0224 1.6019 0.0780 0.0207 1.6020 0.0767 0.0209 1.5960 0.0767 0.0181 1.5945 0.0763 0.0207 1.5941 0.0827 0.0182 1.5963 0.0829 0.0213 1.5937 0.0799 0.0189 1.5952 0.0795 0.0160 1.5957 0.0809 0.0170 1.5938 0.0781 0.0208 1.5949 0.0780 0.0182 1.5958 0.0752 0.0231 1.6019 0.0826 0.0162 1.6018 0.0763 0.0154 1.5959 0.0779 0.0152 1.6018 0.0775 0.0156 1.6001 0.0811 0.0235 1.5976 0.0813 0.0235 1.5951 0.0807 0.0234 1.5946 0.0780 0.0161 1.6021 0.0814 0.0217 1.6012 0.0838 0.0194 1.5980 0.0834 0.0240 1.5978 0.0788 0.0177 1.6018 0.0824 0.0176 1.6028 0.0824 0.0220 1.6029 0.0837 0.0214 1.6029 0.0838 0.0235 1.6029 0.0819 0.0231 1.6029 0.0823 0.0223 1.6023 0.0782 0.0238 1.6016 0.0800 0.0233 1.6026 0.0793 0.0182 1.6023 0.0760 0.0187 1.6031 0.0761 0.0173 1.6031 0.0762 0.0150 1.6030 0.0787 0.0152 1.6031 0.0781 0.0220 1.5992 0.0766 0.0231 1.5990 0.0774 0.0181 1.5986 0.0753 0.0192 1.6019 0.0831 0.0175 1.6000 0.0824 0.0153 1.5991 0.0763 0.0150 1.6028 0.0794 0.0212 1.6026 0.0772 0.0236 1.6029 0.0812 0.0224 1.6029 0.0832 0.0192 1.6029 0.0832 0.0157 1.6025 0.0810 0.0207 1.6029 0.0839 0.0229 1.6029 0.0828 0.0238 1.6028 0.0806 0.0201 1.6029 0.0765 0.0155 1.6031 0.0774 0.0225 1.5960 0.0823 0.0152 1.6025 0.0805" />
                  </IndexedFaceSet>
                </Shape>
                <Shape>
                  <Appearance USE="Teeth" />
                  <IndexedFaceSet coordIndex="10 12 11 -1 13 9 6 -1 4 10 11 -1 1 0 14 -1 9 7 8 -1 17 6 18 -1 9 5 6 -1 4 9 8 -1 22 5 4 -1 15 23 16 -1 18 6 5 -1 5 9 4 -1 10 20 12 -1 3 19 2 -1 1 24 0 -1 6 17 25 -1 26 15 27 -1 2 15 26 -1 29 28 19 -1 17 21 30 -1 10 4 8 -1 31 19 14 -1 4 31 22 -1 22 31 18 -1 2 19 23 -1 23 32 16 -1 13 6 16 -1 9 23 7 -1 9 32 23 -1 23 12 7 -1 12 23 19 -1 11 19 4 -1 1 14 24 -1 3 33 19 -1 14 19 28 -1 26 34 2 -1 15 35 36 -1 15 16 35 -1 16 37 38 -1 37 16 6 -1 25 39 6 -1 40 27 15 -1 21 0 41 -1 42 29 19 -1 16 38 35 -1 18 14 21 -1 18 31 14 -1 18 21 17 -1 2 23 15 -1 7 20 8 -1 32 13 16 -1 13 32 9 -1 7 12 20 -1 31 4 19 -1 20 10 8 -1 11 12 19 -1 18 5 22 -1 0 21 14 -1 2 34 3 -1 42 19 33 -1 21 41 30 -1 36 40 15 -1 39 37 6 -1" creaseAngle="1.571">
                    <Coordinate point="0.0173 1.6027 0.0717 0.0176 1.6026 0.0729 0.0259 1.6025 0.0736 0.0245 1.6023 0.0756 0.0198 1.5967 0.0739 0.0203 1.5954 0.0718 0.0209 1.6009 0.0688 0.0264 1.5967 0.0724 0.0242 1.5954 0.0727 0.0242 1.5974 0.0694 0.0224 1.5960 0.0741 0.0230 1.5976 0.0760 0.0250 1.5986 0.0753 0.0228 1.6005 0.0692 0.0177 1.6012 0.0730 0.0257 1.6029 0.0720 0.0241 1.6021 0.0702 0.0187 1.6025 0.0694 0.0184 1.5993 0.0691 0.0222 1.6012 0.0753 0.0251 1.5959 0.0748 0.0176 1.6020 0.0701 0.0177 1.5964 0.0709 0.0262 1.5995 0.0715 0.0177 1.6030 0.0729 0.0202 1.6030 0.0693 0.0258 1.6034 0.0739 0.0260 1.6037 0.0731 0.0198 1.6024 0.0743 0.0213 1.6023 0.0750 0.0182 1.6029 0.0698 0.0178 1.5995 0.0730 0.0257 1.5993 0.0703 0.0237 1.6025 0.0757 0.0254 1.6031 0.0747 0.0232 1.6039 0.0708 0.0245 1.6040 0.0712 0.0213 1.6031 0.0698 0.0223 1.6035 0.0703 0.0208 1.6030 0.0696 0.0257 1.6038 0.0717 0.0176 1.6029 0.0706 0.0226 1.6023 0.0755" />
                  </IndexedFaceSet>
                </Shape>
                <Shape>
                  <Appearance USE="Teeth" />
                  <IndexedFaceSet coordIndex="14 15 6 -1 10 19 9 -1 12 9 21 -1 22 20 0 -1 5 4 17 -1 23 22 0 -1 22 11 20 -1 24 18 0 -1 26 0 1 -1 26 1 25 -1 2 27 3 -1 0 28 24 -1 9 8 10 -1 11 21 20 -1 15 9 6 -1 23 0 18 -1 4 1 19 -1 20 19 0 -1 13 15 2 -1 29 4 5 -1 2 3 30 -1 18 24 23 -1 29 31 4 -1 32 2 30 -1 6 15 7 -1 11 12 21 -1 9 15 13 -1 2 17 13 -1 4 13 17 -1 10 4 19 -1 13 4 10 -1 23 33 11 -1 17 2 16 -1 11 2 15 -1 11 14 6 -1 11 15 14 -1 13 10 8 -1 19 21 9 -1 13 8 9 -1 7 15 6 -1 31 1 4 -1 31 25 1 -1 28 0 34 -1 35 2 36 -1 16 2 35 -1 1 0 19 -1 37 2 33 -1 37 27 2 -1 0 39 38 -1 32 36 2 -1 20 21 19 -1 12 6 9 -1 12 11 6 -1 33 2 11 -1 16 5 17 -1 11 22 23 -1 37 33 23 -1 39 0 26 -1 0 38 34 -1 40 16 35 -1 5 16 40 -1" creaseAngle="1.571">
                    <Coordinate point="-0.0039 1.5998 0.0893 -0.0059 1.6000 0.0911 -0.0019 1.5999 0.0975 -0.0009 1.6008 0.0969 -0.0069 1.5994 0.0950 -0.0062 1.6016 0.0954 -0.0008 1.5911 0.0968 -0.0023 1.5909 0.0971 -0.0060 1.5911 0.0960 -0.0043 1.5922 0.0949 -0.0069 1.5936 0.0946 -0.0003 1.5950 0.0950 -0.0008 1.5943 0.0941 -0.0050 1.5953 0.0973 -0.0010 1.5927 0.0977 -0.0043 1.5948 0.0975 -0.0048 1.6023 0.0966 -0.0048 1.6002 0.0972 -0.0008 1.5995 0.0917 -0.0055 1.5959 0.0921 -0.0032 1.5971 0.0906 -0.0029 1.5953 0.0929 -0.0012 1.5967 0.0914 -0.0005 1.5980 0.0934 -0.0007 1.5997 0.0921 -0.0059 1.6002 0.0914 -0.0049 1.6018 0.0894 -0.0004 1.5990 0.0962 -0.0015 1.6012 0.0900 -0.0067 1.6003 0.0943 -0.0013 1.6017 0.0971 -0.0065 1.5999 0.0927 -0.0021 1.6026 0.0971 -0.0001 1.5977 0.0963 -0.0018 1.6012 0.0892 -0.0043 1.6034 0.0965 -0.0034 1.6034 0.0970 -0.0002 1.5983 0.0956 -0.0028 1.6012 0.0885 -0.0038 1.6014 0.0885 -0.0052 1.6031 0.0959" />
                  </IndexedFaceSet>
                </Shape>
                <Shape>
                  <Appearance USE="Teeth" />
                  <IndexedFaceSet coordIndex="14 16 2 -1 14 15 17 -1 20 4 19 -1 11 21 3 -1 16 14 17 -1 15 25 26 -1 27 18 22 -1 25 15 14 -1 14 29 25 -1 28 30 14 -1 22 31 27 -1 21 2 3 -1 3 2 1 -1 18 11 4 -1 8 7 0 -1 4 11 3 -1 18 12 11 -1 2 21 11 -1 7 6 0 -1 6 7 5 -1 13 33 34 -1 14 35 29 -1 12 18 27 -1 32 36 37 -1 15 38 17 -1 15 26 38 -1 32 39 22 -1 39 32 40 -1 41 17 38 -1 3 19 4 -1 5 23 32 -1 10 17 24 -1 1 8 0 -1 7 23 5 -1 32 43 5 -1 32 18 43 -1 43 18 20 -1 6 5 42 -1 7 10 23 -1 11 12 13 -1 1 10 8 -1 2 16 17 -1 24 44 45 -1 32 46 36 -1 39 31 22 -1 14 34 28 -1 34 14 13 -1 32 47 48 -1 41 24 17 -1 24 41 44 -1 24 32 23 -1 10 1 17 -1 3 9 0 -1 3 1 9 -1 2 13 14 -1 13 2 11 -1 24 23 10 -1 0 6 42 -1 4 20 18 -1 22 18 32 -1 20 42 5 -1 5 43 20 -1 42 3 0 -1 42 19 3 -1 20 19 42 -1 10 7 8 -1 1 0 9 -1 17 1 2 -1 37 47 32 -1 12 33 13 -1 45 32 24 -1 32 45 46 -1 40 32 48 -1 14 30 35 -1" creaseAngle="1.571">
                    <Coordinate point="-0.0111 1.5920 0.0932 -0.0080 1.5959 0.0920 -0.0102 1.5971 0.0892 -0.0114 1.5944 0.0909 -0.0135 1.5955 0.0919 -0.0104 1.5972 0.0949 -0.0105 1.5943 0.0947 -0.0090 1.5952 0.0949 -0.0082 1.5941 0.0942 -0.0108 1.5921 0.0931 -0.0079 1.5973 0.0936 -0.0134 1.5965 0.0903 -0.0124 1.5996 0.0903 -0.0111 1.5989 0.0887 -0.0094 1.5988 0.0881 -0.0070 1.5996 0.0892 -0.0095 1.5975 0.0892 -0.0077 1.5969 0.0916 -0.0126 1.5994 0.0927 -0.0129 1.5947 0.0931 -0.0124 1.5968 0.0939 -0.0127 1.5941 0.0902 -0.0125 1.5999 0.0927 -0.0095 1.5991 0.0946 -0.0082 1.5994 0.0936 -0.0070 1.6003 0.0890 -0.0071 1.5999 0.0901 -0.0124 1.6006 0.0911 -0.0101 1.6001 0.0881 -0.0075 1.6003 0.0880 -0.0089 1.6003 0.0876 -0.0123 1.6016 0.0919 -0.0104 1.6016 0.0938 -0.0118 1.5998 0.0895 -0.0111 1.6000 0.0888 -0.0082 1.6003 0.0876 -0.0094 1.6016 0.0937 -0.0099 1.6023 0.0937 -0.0073 1.5997 0.0908 -0.0121 1.6022 0.0922 -0.0117 1.6029 0.0928 -0.0077 1.5993 0.0923 -0.0117 1.5945 0.0942 -0.0117 1.5983 0.0943 -0.0079 1.5995 0.0930 -0.0084 1.6003 0.0935 -0.0087 1.6007 0.0936 -0.0103 1.6028 0.0937 -0.0113 1.6031 0.0933" />
                  </IndexedFaceSet>
                </Shape>
              </Transform>
            </HAnimSegment>
            <HAnimJoint DEF="Joe_skullbase" center="0 1.63 -0.01" name="skullbase">
              <HAnimSegment DEF="Joe_skull" name="skull">
                <Transform DEF="MandibleSkeletonParts">
                  <Shape DEF="mand">
                    <Appearance USE="ReplacementAppearance" />
                    <InlineGeometry url="&quot;BonesMandible.x3d#mand_Geo&quot;" />
                    
                  </Shape>
                </Transform>
                <Transform DEF="TeethCBottomSkeletonParts">
                  <Shape>
                    <Appearance USE="Teeth" />
                    <IndexedFaceSet coordIndex="2 0 3 -1 4 5 6 -1 7 8 9 -1 8 5 4 -1 0 15 13 -1 0 11 3 -1 3 11 2 -1 17 4 2 -1 10 19 8 -1 15 19 18 -1 21 22 0 -1 9 8 15 -1 6 2 4 -1 25 15 26 -1 24 21 2 -1 23 0 27 -1 15 25 9 -1 21 0 2 -1 15 8 19 -1 10 18 19 -1 4 10 8 -1 18 28 15 -1 17 10 4 -1 0 13 29 -1 8 30 5 -1 31 0 1 -1 32 33 0 -1 8 7 30 -1 32 0 31 -1 12 14 28 -1 16 10 17 -1 10 11 12 -1 18 10 12 -1 17 11 16 -1 29 11 0 -1 13 12 29 -1 13 14 12 -1 13 28 14 -1 18 12 20 -1 23 34 0 -1 0 35 15 -1 33 35 0 -1 16 11 10 -1 13 15 28 -1 11 29 12 -1 18 12 28 -1 20 12 18 -1 11 17 2 -1 6 24 2 -1 1 0 34 -1 0 22 27 -1 26 15 35 -1" creaseAngle="1.571">
                      <Coordinate point="0.0090 1.5874 0.0915 0.0084 1.5849 0.0914 0.0056 1.5881 0.0905 0.0061 1.5878 0.0921 0.0062 1.5887 0.0879 0.0060 1.5876 0.0873 0.0057 1.5882 0.0886 0.0076 1.5874 0.0856 0.0076 1.5880 0.0862 0.0085 1.5876 0.0865 0.0069 1.5911 0.0899 0.0065 1.5916 0.0927 0.0081 1.5929 0.0913 0.0103 1.5909 0.0906 0.0093 1.5937 0.0920 0.0095 1.5885 0.0886 0.0054 1.5921 0.0915 0.0053 1.5898 0.0909 0.0084 1.5924 0.0905 0.0074 1.5903 0.0891 0.0099 1.5940 0.0909 0.0057 1.5874 0.0909 0.0061 1.5861 0.0914 0.0072 1.5850 0.0919 0.0055 1.5879 0.0900 0.0091 1.5877 0.0877 0.0095 1.5878 0.0885 0.0067 1.5851 0.0917 0.0101 1.5910 0.0900 0.0094 1.5902 0.0921 0.0066 1.5874 0.0859 0.0093 1.5863 0.0910 0.0096 1.5872 0.0905 0.0097 1.5875 0.0903 0.0078 1.5849 0.0918 0.0097 1.5879 0.0891" />
                    </IndexedFaceSet>
                  </Shape>
                  <Shape>
                    <Appearance USE="Teeth" />
                    <IndexedFaceSet coordIndex="13 1 3 -1 18 19 6 -1 6 15 8 -1 23 0 24 -1 25 26 3 -1 25 3 1 -1 8 20 9 -1 20 8 21 -1 6 5 15 -1 11 17 27 -1 5 19 11 -1 11 14 5 -1 15 14 3 -1 14 17 13 -1 8 9 10 -1 3 0 15 -1 4 12 10 -1 2 25 1 -1 12 4 28 -1 29 30 20 -1 21 31 32 -1 31 21 16 -1 33 20 30 -1 20 33 4 -1 12 1 7 -1 19 18 11 -1 20 10 9 -1 0 16 15 -1 5 14 15 -1 21 34 16 -1 8 34 21 -1 6 19 5 -1 18 22 11 -1 14 27 17 -1 14 11 27 -1 7 6 10 -1 7 18 6 -1 4 10 20 -1 10 12 7 -1 24 0 35 -1 0 31 16 -1 23 31 0 -1 20 36 29 -1 37 28 4 -1 1 12 2 -1 4 33 38 -1 32 39 21 -1 26 40 3 -1 22 7 11 -1 17 7 1 -1 13 3 14 -1 15 16 34 -1 11 7 17 -1 18 7 22 -1 10 6 8 -1 15 34 8 -1 17 1 13 -1 41 3 42 -1 35 3 41 -1 35 0 3 -1 21 36 20 -1 39 36 21 -1 37 4 38 -1 40 42 3 -1" creaseAngle="1.571">
                      <Coordinate point="0.0143 1.5837 0.0860 0.0108 1.5855 0.0892 0.0103 1.5857 0.0886 0.0118 1.5841 0.0891 0.0094 1.5874 0.0844 0.0152 1.5913 0.0867 0.0131 1.5898 0.0838 0.0100 1.5904 0.0880 0.0135 1.5892 0.0836 0.0115 1.5879 0.0822 0.0095 1.5881 0.0855 0.0123 1.5939 0.0889 0.0097 1.5872 0.0873 0.0123 1.5858 0.0900 0.0141 1.5899 0.0891 0.0146 1.5857 0.0875 0.0139 1.5849 0.0842 0.0109 1.5889 0.0902 0.0129 1.5922 0.0856 0.0152 1.5925 0.0852 0.0099 1.5859 0.0818 0.0122 1.5851 0.0823 0.0110 1.5933 0.0882 0.0139 1.5837 0.0849 0.0143 1.5830 0.0860 0.0104 1.5852 0.0887 0.0113 1.5832 0.0889 0.0117 1.5924 0.0904 0.0093 1.5862 0.0852 0.0094 1.5851 0.0819 0.0090 1.5851 0.0825 0.0135 1.5840 0.0837 0.0123 1.5842 0.0825 0.0089 1.5854 0.0834 0.0142 1.5866 0.0839 0.0142 1.5825 0.0867 0.0103 1.5849 0.0813 0.0092 1.5862 0.0851 0.0090 1.5857 0.0842 0.0111 1.5845 0.0815 0.0121 1.5824 0.0889 0.0137 1.5822 0.0876 0.0131 1.5822 0.0883" />
                    </IndexedFaceSet>
                  </Shape>
                  <Shape>
                    <Appearance USE="Teeth" />
                    <IndexedFaceSet coordIndex="2 3 4 -1 5 6 7 -1 10 8 9 -1 7 6 1 -1 13 12 11 -1 15 13 16 -1 18 8 12 -1 1 11 7 -1 20 8 21 -1 5 24 6 -1 25 0 26 -1 8 16 2 -1 1 0 4 -1 19 16 13 -1 8 20 9 -1 7 27 5 -1 4 0 2 -1 10 28 8 -1 29 1 30 -1 23 32 31 -1 1 26 0 -1 1 29 26 -1 11 12 17 -1 12 33 23 -1 19 4 3 -1 1 4 11 -1 16 8 18 -1 12 13 18 -1 1 24 30 -1 1 6 24 -1 2 34 35 -1 22 27 7 -1 36 27 22 -1 2 16 3 -1 8 32 23 -1 28 32 8 -1 0 34 2 -1 25 34 0 -1 37 23 31 -1 22 11 17 -1 17 12 23 -1 8 23 33 -1 14 18 13 -1 3 16 19 -1 13 4 19 -1 11 4 13 -1 11 22 7 -1 13 18 14 -1 15 18 13 -1 33 12 8 -1 16 18 15 -1 17 36 22 -1 36 17 38 -1 35 8 2 -1 8 35 21 -1 23 38 17 -1 37 38 23 -1" creaseAngle="1.571">
                      <Coordinate point="0.0013 1.5877 0.0893 0.0032 1.5880 0.0884 0.0008 1.5870 0.0921 0.0003 1.5888 0.0916 0.0011 1.5910 0.0916 0.0044 1.5862 0.0880 0.0043 1.5863 0.0877 0.0049 1.5873 0.0894 0.0018 1.5859 0.0933 0.0018 1.5842 0.0928 0.0023 1.5840 0.0931 0.0045 1.5911 0.0919 0.0048 1.5909 0.0929 0.0017 1.5938 0.0932 0.0019 1.5939 0.0933 0.0009 1.5919 0.0938 0.0005 1.5893 0.0931 0.0049 1.5873 0.0926 0.0030 1.5908 0.0939 0.0001 1.5913 0.0925 0.0012 1.5848 0.0921 0.0011 1.5855 0.0920 0.0050 1.5870 0.0907 0.0043 1.5860 0.0929 0.0043 1.5860 0.0876 0.0012 1.5864 0.0893 0.0017 1.5859 0.0878 0.0048 1.5869 0.0893 0.0030 1.5840 0.0932 0.0026 1.5856 0.0866 0.0037 1.5856 0.0865 0.0043 1.5844 0.0927 0.0037 1.5841 0.0930 0.0030 1.5874 0.0939 0.0008 1.5868 0.0908 0.0009 1.5863 0.0916 0.0050 1.5866 0.0906 0.0046 1.5851 0.0920 0.0048 1.5858 0.0915" />
                    </IndexedFaceSet>
                  </Shape>
                  <Shape>
                    <Appearance USE="Teeth" />
                    <IndexedFaceSet coordIndex="7 8 3 -1 11 12 13 -1 14 10 3 -1 17 18 21 -1 23 24 25 -1 26 24 23 -1 29 27 30 -1 32 33 34 -1 34 35 32 -1 36 16 37 -1 38 39 40 -1 41 42 43 -1 28 41 44 -1 3 4 14 -1 41 12 11 -1 23 51 27 -1 52 53 54 -1 27 51 28 -1 28 55 56 -1 18 3 57 -1 58 19 21 -1 50 62 61 -1 24 10 25 -1 10 3 8 -1 18 57 21 -1 5 3 21 -1 15 14 4 -1 51 63 28 -1 52 64 53 -1 52 54 33 -1 23 27 26 -1 49 58 21 -1 37 17 48 -1 11 66 41 -1 10 67 6 -1 3 5 21 -1 3 17 46 -1 17 3 18 -1 41 68 44 -1 41 66 42 -1 38 40 69 -1 37 48 36 -1 29 30 64 -1 27 28 30 -1 10 24 67 -1 16 17 37 -1 6 24 2 -1 6 2 22 -1 13 10 70 -1 13 70 11 -1 7 10 8 -1 71 59 60 -1 40 72 69 -1 73 72 40 -1 74 75 76 -1 74 77 75 -1 50 78 62 -1 78 50 33 -1 79 80 53 -1 81 80 79 -1 82 44 83 -1 82 84 44 -1 20 19 85 -1 25 10 9 -1 24 26 31 -1 24 31 2 -1 86 64 52 -1 86 29 64 -1 32 52 33 -1 22 2 49 -1 58 87 19 -1 58 49 87 -1 19 20 48 -1 36 20 88 -1 69 89 38 -1 89 69 90 -1 91 89 92 -1 93 65 15 -1 93 91 65 -1 47 76 75 -1 10 15 70 -1 7 3 10 -1 55 28 84 -1 84 28 44 -1 41 28 45 -1 41 43 68 -1 47 42 66 -1 47 75 42 -1 91 47 65 -1 91 92 47 -1 91 16 88 -1 16 36 88 -1 20 36 48 -1 17 19 48 -1 85 19 87 -1 32 35 49 -1 87 35 85 -1 87 49 35 -1 86 32 29 -1 32 86 52 -1 79 64 30 -1 64 79 53 -1 67 24 6 -1 22 3 6 -1 21 3 22 -1 3 21 57 -1 21 19 17 -1 16 4 3 -1 16 94 4 -1 85 59 20 -1 68 83 44 -1 95 83 68 -1 96 79 56 -1 96 81 79 -1 97 78 33 -1 98 76 99 -1 98 74 76 -1 100 40 101 -1 100 73 40 -1 1 71 0 -1 71 1 59 -1 69 102 90 -1 72 102 69 -1 75 103 42 -1 77 103 75 -1 80 54 53 -1 80 104 54 -1 105 84 82 -1 105 55 84 -1 42 106 43 -1 103 106 42 -1 3 10 6 -1 23 63 51 -1 23 25 63 -1 56 30 28 -1 30 56 79 -1 31 32 2 -1 27 31 26 -1 31 27 29 -1 2 32 49 -1 33 50 34 -1 20 59 1 -1 21 22 49 -1 1 107 20 -1 107 1 101 -1 88 107 39 -1 88 20 107 -1 38 88 39 -1 38 91 88 -1 91 38 89 -1 89 99 92 -1 89 90 99 -1 16 93 15 -1 16 91 93 -1 70 47 11 -1 70 15 47 -1 13 9 10 -1 13 12 9 -1 25 12 45 -1 9 12 25 -1 108 45 28 -1 108 28 63 -1 3 17 16 -1 3 46 17 -1 25 108 63 -1 45 108 25 -1 12 41 45 -1 11 47 66 -1 15 65 47 -1 92 76 47 -1 92 99 76 -1 101 39 107 -1 39 101 40 -1 85 50 59 -1 34 85 35 -1 85 34 50 -1 29 32 31 -1 15 94 16 -1 15 4 94 -1 15 10 14 -1 43 95 68 -1 106 95 43 -1 105 56 55 -1 105 96 56 -1 104 33 54 -1 104 97 33 -1 61 59 50 -1 61 60 59 -1 90 98 99 -1 102 98 90 -1 1 100 101 -1 0 100 1 -1" creaseAngle="1.571">
                      <Coordinate point="0.0189 1.5867 0.0644 0.0186 1.5877 0.0643 0.0221 1.5949 0.0601 0.0212 1.5945 0.0645 0.0219 1.5942 0.0682 0.0212 1.5940 0.0635 0.0224 1.5942 0.0627 0.0245 1.5952 0.0653 0.0223 1.5940 0.0650 0.0257 1.5951 0.0663 0.0247 1.5953 0.0661 0.0271 1.5922 0.0686 0.0271 1.5928 0.0666 0.0266 1.5944 0.0682 0.0232 1.5953 0.0683 0.0239 1.5953 0.0696 0.0199 1.5947 0.0687 0.0198 1.5952 0.0674 0.0195 1.5957 0.0656 0.0182 1.5919 0.0632 0.0182 1.5908 0.0648 0.0195 1.5955 0.0626 0.0203 1.5955 0.0613 0.0262 1.5953 0.0621 0.0240 1.5950 0.0619 0.0262 1.5956 0.0637 0.0249 1.5954 0.0596 0.0265 1.5933 0.0596 0.0281 1.5915 0.0623 0.0249 1.5924 0.0588 0.0262 1.5910 0.0595 0.0242 1.5953 0.0594 0.0223 1.5920 0.0587 0.0225 1.5885 0.0593 0.0204 1.5894 0.0594 0.0199 1.5916 0.0592 0.0184 1.5932 0.0678 0.0185 1.5956 0.0671 0.0196 1.5895 0.0683 0.0187 1.5890 0.0673 0.0191 1.5872 0.0666 0.0276 1.5911 0.0663 0.0269 1.5882 0.0677 0.0277 1.5882 0.0667 0.0282 1.5882 0.0645 0.0276 1.5935 0.0648 0.0216 1.5942 0.0647 0.0254 1.5907 0.0694 0.0181 1.5940 0.0662 0.0195 1.5945 0.0595 0.0199 1.5881 0.0601 0.0274 1.5937 0.0610 0.0237 1.5905 0.0589 0.0259 1.5885 0.0598 0.0248 1.5883 0.0596 0.0283 1.5885 0.0621 0.0278 1.5885 0.0610 0.0200 1.5950 0.0638 0.0185 1.5945 0.0612 0.0188 1.5879 0.0624 0.0192 1.5869 0.0619 0.0199 1.5873 0.0606 0.0207 1.5874 0.0597 0.0276 1.5940 0.0624 0.0254 1.5914 0.0591 0.0233 1.5922 0.0701 0.0271 1.5902 0.0682 0.0247 1.5956 0.0627 0.0279 1.5882 0.0656 0.0200 1.5875 0.0672 0.0262 1.5947 0.0690 0.0189 1.5869 0.0632 0.0201 1.5872 0.0671 0.0192 1.5869 0.0666 0.0244 1.5879 0.0685 0.0259 1.5881 0.0684 0.0244 1.5882 0.0686 0.0259 1.5878 0.0683 0.0222 1.5878 0.0594 0.0269 1.5885 0.0602 0.0259 1.5883 0.0598 0.0269 1.5882 0.0603 0.0284 1.5881 0.0631 0.0281 1.5880 0.0645 0.0284 1.5883 0.0631 0.0185 1.5916 0.0614 0.0241 1.5911 0.0588 0.0187 1.5934 0.0603 0.0190 1.5916 0.0686 0.0214 1.5897 0.0689 0.0217 1.5880 0.0680 0.0216 1.5919 0.0697 0.0228 1.5899 0.0693 0.0221 1.5925 0.0699 0.0209 1.5943 0.0697 0.0278 1.5879 0.0655 0.0278 1.5882 0.0611 0.0236 1.5879 0.0594 0.0229 1.5879 0.0685 0.0229 1.5882 0.0686 0.0190 1.5869 0.0657 0.0189 1.5871 0.0658 0.0217 1.5877 0.0679 0.0269 1.5880 0.0677 0.0248 1.5880 0.0597 0.0283 1.5882 0.0621 0.0276 1.5879 0.0666 0.0184 1.5890 0.0663 0.0277 1.5941 0.0636" />
                    </IndexedFaceSet>
                  </Shape>
                  <Shape>
                    <Appearance USE="Teeth" />
                    <IndexedFaceSet coordIndex="0 10 9 -1 3 11 12 -1 17 18 19 -1 23 24 25 -1 26 27 28 -1 29 30 26 -1 32 29 33 -1 6 22 34 -1 3 35 36 -1 12 11 13 -1 39 20 30 -1 27 25 42 -1 43 25 24 -1 44 45 46 -1 16 13 47 -1 48 49 50 -1 10 0 13 -1 0 15 4 -1 13 11 10 -1 48 50 35 -1 47 13 20 -1 46 40 44 -1 24 40 43 -1 42 28 27 -1 23 51 24 -1 39 30 29 -1 11 9 10 -1 9 11 3 -1 3 48 35 -1 32 39 29 -1 31 40 24 -1 27 23 25 -1 7 0 9 -1 53 52 41 -1 54 56 55 -1 57 42 58 -1 57 28 42 -1 59 60 61 -1 62 60 59 -1 63 64 65 -1 64 63 66 -1 67 68 69 -1 67 70 68 -1 6 72 73 -1 3 8 9 -1 2 14 20 -1 6 31 38 -1 45 75 73 -1 44 75 45 -1 40 46 43 -1 76 55 26 -1 68 48 71 -1 68 77 48 -1 78 79 66 -1 78 49 79 -1 6 73 75 -1 44 6 75 -1 80 6 44 -1 80 40 31 -1 40 80 44 -1 30 51 23 -1 20 51 30 -1 81 37 19 -1 22 50 34 -1 3 36 8 -1 16 47 32 -1 15 6 4 -1 5 7 8 -1 14 4 21 -1 5 0 7 -1 6 5 22 -1 21 6 38 -1 36 22 8 -1 35 22 36 -1 35 50 22 -1 19 37 17 -1 51 31 24 -1 51 14 31 -1 14 51 20 -1 72 63 82 -1 72 78 63 -1 6 78 72 -1 74 18 41 -1 83 46 84 -1 43 46 83 -1 37 13 16 -1 2 13 1 -1 0 1 13 -1 74 71 81 -1 3 71 48 -1 3 85 71 -1 2 1 0 -1 70 77 68 -1 70 86 77 -1 65 82 63 -1 65 87 82 -1 61 88 84 -1 60 88 61 -1 89 28 57 -1 89 26 28 -1 90 55 56 -1 91 52 92 -1 52 91 41 -1 17 53 41 -1 93 53 17 -1 94 55 76 -1 94 54 55 -1 83 58 42 -1 95 58 83 -1 96 59 97 -1 96 62 59 -1 98 66 79 -1 98 64 66 -1 69 92 67 -1 92 69 91 -1 82 73 72 -1 97 73 82 -1 6 15 0 -1 8 7 9 -1 71 41 91 -1 71 74 41 -1 17 16 32 -1 81 18 74 -1 18 81 19 -1 78 6 34 -1 5 6 0 -1 73 61 45 -1 73 59 61 -1 23 26 30 -1 23 27 26 -1 55 29 26 -1 33 29 55 -1 71 91 69 -1 49 77 79 -1 49 48 77 -1 78 66 63 -1 97 59 73 -1 21 38 31 -1 17 32 33 -1 21 31 14 -1 13 37 12 -1 2 20 13 -1 4 2 0 -1 47 20 32 -1 3 81 85 -1 12 81 3 -1 71 85 81 -1 12 37 81 -1 32 20 39 -1 16 17 37 -1 31 6 80 -1 18 17 41 -1 55 17 33 -1 43 42 25 -1 43 83 42 -1 84 45 61 -1 84 46 45 -1 22 5 8 -1 21 4 6 -1 49 34 50 -1 49 78 34 -1 14 2 4 -1 68 71 69 -1 86 79 77 -1 86 98 79 -1 97 87 96 -1 87 97 82 -1 95 84 88 -1 95 83 84 -1 76 89 94 -1 89 76 26 -1 55 93 17 -1 90 93 55 -1" creaseAngle="1.571">
                      <Coordinate point="0.0255 1.5947 0.0553 0.0257 1.5940 0.0531 0.0273 1.5956 0.0535 0.0212 1.5945 0.0546 0.0268 1.5958 0.0562 0.0241 1.5949 0.0578 0.0273 1.5936 0.0590 0.0230 1.5957 0.0558 0.0219 1.5956 0.0556 0.0230 1.5952 0.0535 0.0249 1.5943 0.0535 0.0242 1.5955 0.0520 0.0221 1.5960 0.0521 0.0260 1.5951 0.0512 0.0287 1.5955 0.0547 0.0252 1.5947 0.0568 0.0250 1.5956 0.0492 0.0255 1.5921 0.0486 0.0225 1.5923 0.0492 0.0229 1.5940 0.0492 0.0292 1.5963 0.0523 0.0283 1.5960 0.0558 0.0231 1.5941 0.0585 0.0312 1.5932 0.0532 0.0306 1.5930 0.0549 0.0315 1.5915 0.0546 0.0309 1.5911 0.0505 0.0317 1.5915 0.0529 0.0318 1.5899 0.0524 0.0300 1.5933 0.0498 0.0309 1.5936 0.0512 0.0295 1.5944 0.0569 0.0269 1.5956 0.0494 0.0285 1.5933 0.0490 0.0245 1.5929 0.0588 0.0213 1.5924 0.0566 0.0214 1.5941 0.0570 0.0232 1.5949 0.0492 0.0284 1.5959 0.0567 0.0296 1.5953 0.0503 0.0302 1.5932 0.0569 0.0229 1.5904 0.0497 0.0319 1.5895 0.0542 0.0313 1.5912 0.0558 0.0281 1.5928 0.0589 0.0298 1.5908 0.0580 0.0308 1.5911 0.0568 0.0264 1.5958 0.0494 0.0214 1.5915 0.0546 0.0225 1.5907 0.0569 0.0224 1.5924 0.0579 0.0304 1.5952 0.0534 0.0226 1.5896 0.0506 0.0233 1.5898 0.0493 0.0283 1.5898 0.0490 0.0279 1.5907 0.0488 0.0273 1.5898 0.0488 0.0317 1.5896 0.0523 0.0318 1.5893 0.0541 0.0290 1.5885 0.0578 0.0300 1.5885 0.0571 0.0300 1.5887 0.0572 0.0290 1.5882 0.0577 0.0251 1.5883 0.0570 0.0238 1.5880 0.0565 0.0252 1.5880 0.0570 0.0238 1.5883 0.0567 0.0223 1.5892 0.0523 0.0221 1.5893 0.0531 0.0222 1.5895 0.0523 0.0222 1.5890 0.0530 0.0214 1.5916 0.0535 0.0269 1.5913 0.0587 0.0283 1.5909 0.0586 0.0217 1.5914 0.0515 0.0282 1.5924 0.0589 0.0300 1.5900 0.0498 0.0220 1.5890 0.0539 0.0241 1.5905 0.0578 0.0224 1.5886 0.0557 0.0278 1.5932 0.0590 0.0213 1.5939 0.0515 0.0267 1.5883 0.0574 0.0316 1.5893 0.0552 0.0311 1.5890 0.0563 0.0212 1.5940 0.0532 0.0221 1.5888 0.0538 0.0267 1.5881 0.0573 0.0311 1.5887 0.0561 0.0311 1.5897 0.0509 0.0262 1.5898 0.0486 0.0223 1.5897 0.0515 0.0224 1.5894 0.0514 0.0248 1.5899 0.0487 0.0300 1.5897 0.0498 0.0316 1.5890 0.0551 0.0279 1.5882 0.0575 0.0278 1.5884 0.0576 0.0225 1.5883 0.0556" />
                    </IndexedFaceSet>
                  </Shape>
                  <Shape>
                    <Appearance USE="Teeth" />
                    <IndexedFaceSet coordIndex="11 7 12 -1 12 13 11 -1 15 16 17 -1 19 20 2 -1 0 1 25 -1 19 2 24 -1 7 11 0 -1 20 19 26 -1 30 31 32 -1 15 10 33 -1 15 34 10 -1 39 40 41 -1 42 4 5 -1 43 44 45 -1 8 3 7 -1 46 47 36 -1 23 49 46 -1 4 50 10 -1 51 18 14 -1 20 26 0 -1 0 17 1 -1 9 12 7 -1 7 0 53 -1 15 54 11 -1 9 13 12 -1 0 24 2 -1 19 14 26 -1 17 0 11 -1 46 48 47 -1 8 7 55 -1 43 56 44 -1 42 5 43 -1 41 57 39 -1 36 47 37 -1 10 50 33 -1 15 30 16 -1 1 24 25 -1 24 0 25 -1 0 14 18 -1 4 9 5 -1 2 20 0 -1 58 59 35 -1 58 60 59 -1 61 35 62 -1 61 63 35 -1 64 65 32 -1 66 4 67 -1 69 68 43 -1 70 71 72 -1 71 70 57 -1 73 48 46 -1 73 74 48 -1 30 15 31 -1 42 75 4 -1 75 42 43 -1 0 18 53 -1 8 53 18 -1 53 8 55 -1 19 52 28 -1 17 77 11 -1 14 27 51 -1 78 35 29 -1 30 1 79 -1 79 17 16 -1 13 34 11 -1 13 9 34 -1 49 35 59 -1 59 46 49 -1 21 81 36 -1 40 48 41 -1 40 47 48 -1 47 8 37 -1 76 8 47 -1 39 83 82 -1 43 45 84 -1 85 57 41 -1 76 40 39 -1 47 40 76 -1 8 39 82 -1 3 8 38 -1 9 7 6 -1 41 48 85 -1 21 23 81 -1 21 22 23 -1 22 29 23 -1 22 28 29 -1 10 34 9 -1 11 34 15 -1 15 32 31 -1 33 32 15 -1 54 17 11 -1 32 80 30 -1 30 62 78 -1 30 80 62 -1 29 24 78 -1 14 0 26 -1 17 54 15 -1 3 38 7 -1 27 8 51 -1 55 7 53 -1 8 76 39 -1 5 6 7 -1 9 6 5 -1 74 86 48 -1 72 87 70 -1 68 88 43 -1 89 4 66 -1 89 50 4 -1 65 80 32 -1 65 90 80 -1 63 91 35 -1 58 35 92 -1 93 62 80 -1 93 61 62 -1 94 32 33 -1 94 64 32 -1 67 75 95 -1 67 4 75 -1 84 69 43 -1 96 69 84 -1 57 97 71 -1 97 57 85 -1 46 98 73 -1 5 99 56 -1 4 10 9 -1 29 28 52 -1 52 24 29 -1 52 19 24 -1 17 11 77 -1 78 62 35 -1 1 78 24 -1 30 79 16 -1 35 23 29 -1 23 35 49 -1 46 36 23 -1 36 37 21 -1 37 8 21 -1 38 83 44 -1 82 83 38 -1 57 83 39 -1 70 83 57 -1 70 84 45 -1 83 45 44 -1 45 83 70 -1 38 56 99 -1 38 44 56 -1 82 38 8 -1 14 22 27 -1 81 23 36 -1 14 19 22 -1 28 22 19 -1 78 1 30 -1 21 27 22 -1 27 21 8 -1 1 17 79 -1 7 99 5 -1 7 38 99 -1 8 18 51 -1 43 5 56 -1 98 59 60 -1 98 46 59 -1 86 85 48 -1 86 97 85 -1 87 84 70 -1 87 96 84 -1 95 43 88 -1 95 75 43 -1 50 94 33 -1 89 94 50 -1 80 90 93 -1 91 92 35 -1" creaseAngle="1.571">
                      <Coordinate point="0.0279 1.5972 0.0436 0.0272 1.5968 0.0407 0.0251 1.5980 0.0412 0.0296 1.5972 0.0495 0.0329 1.5936 0.0450 0.0320 1.5955 0.0476 0.0308 1.5974 0.0470 0.0307 1.5974 0.0475 0.0264 1.5965 0.0485 0.0322 1.5957 0.0456 0.0327 1.5951 0.0437 0.0304 1.5982 0.0443 0.0310 1.5975 0.0460 0.0304 1.5980 0.0450 0.0254 1.5962 0.0449 0.0317 1.5959 0.0420 0.0305 1.5967 0.0413 0.0284 1.5978 0.0425 0.0269 1.5963 0.0466 0.0242 1.5977 0.0431 0.0258 1.5978 0.0421 0.0237 1.5970 0.0472 0.0238 1.5977 0.0434 0.0233 1.5952 0.0431 0.0252 1.5977 0.0408 0.0260 1.5978 0.0411 0.0258 1.5970 0.0432 0.0249 1.5967 0.0458 0.0236 1.5976 0.0426 0.0241 1.5960 0.0407 0.0293 1.5951 0.0404 0.0310 1.5950 0.0412 0.0302 1.5940 0.0406 0.0323 1.5937 0.0418 0.0320 1.5970 0.0442 0.0243 1.5932 0.0412 0.0231 1.5944 0.0467 0.0243 1.5953 0.0484 0.0300 1.5963 0.0495 0.0273 1.5940 0.0484 0.0250 1.5938 0.0480 0.0264 1.5922 0.0472 0.0328 1.5937 0.0453 0.0322 1.5926 0.0465 0.0307 1.5941 0.0489 0.0307 1.5928 0.0480 0.0235 1.5926 0.0446 0.0245 1.5941 0.0480 0.0245 1.5920 0.0463 0.0235 1.5934 0.0431 0.0326 1.5934 0.0427 0.0264 1.5957 0.0452 0.0247 1.5979 0.0410 0.0281 1.5972 0.0466 0.0302 1.5983 0.0428 0.0280 1.5974 0.0475 0.0316 1.5944 0.0483 0.0275 1.5921 0.0474 0.0242 1.5920 0.0419 0.0236 1.5924 0.0436 0.0240 1.5919 0.0427 0.0261 1.5925 0.0402 0.0258 1.5931 0.0401 0.0254 1.5923 0.0403 0.0310 1.5933 0.0409 0.0298 1.5932 0.0405 0.0327 1.5925 0.0437 0.0327 1.5922 0.0445 0.0320 1.5918 0.0462 0.0316 1.5916 0.0469 0.0289 1.5920 0.0476 0.0274 1.5912 0.0467 0.0284 1.5913 0.0470 0.0238 1.5917 0.0450 0.0244 1.5915 0.0456 0.0328 1.5934 0.0451 0.0269 1.5944 0.0485 0.0296 1.5985 0.0430 0.0255 1.5954 0.0401 0.0277 1.5965 0.0404 0.0277 1.5933 0.0401 0.0228 1.5953 0.0464 0.0288 1.5949 0.0492 0.0290 1.5938 0.0487 0.0306 1.5916 0.0474 0.0269 1.5918 0.0470 0.0250 1.5915 0.0460 0.0293 1.5914 0.0472 0.0325 1.5920 0.0456 0.0325 1.5931 0.0427 0.0286 1.5929 0.0403 0.0249 1.5922 0.0405 0.0247 1.5922 0.0409 0.0273 1.5926 0.0400 0.0322 1.5934 0.0418 0.0326 1.5920 0.0450 0.0306 1.5914 0.0472 0.0263 1.5913 0.0464 0.0237 1.5918 0.0439 0.0312 1.5958 0.0488" />
                    </IndexedFaceSet>
                  </Shape>
                  <Shape>
                    <Appearance USE="Teeth" />
                    <IndexedFaceSet coordIndex="0 1 2 -1 3 2 1 -1 4 5 6 -1 8 7 9 -1 0 15 16 -1 17 10 8 -1 10 19 11 -1 8 10 12 -1 10 20 19 -1 0 23 24 -1 24 15 0 -1 1 0 16 -1 10 11 12 -1 19 20 11 -1 4 6 27 -1 0 2 23 -1 22 15 24 -1 28 29 7 -1 30 6 9 -1 6 30 31 -1 5 4 32 -1 7 26 22 -1 16 15 20 -1 17 5 34 -1 14 13 7 -1 18 12 11 -1 13 21 20 -1 13 11 21 -1 13 25 11 -1 14 18 11 -1 34 5 16 -1 17 6 5 -1 7 33 9 -1 26 15 22 -1 33 29 35 -1 7 29 33 -1 36 6 31 -1 33 35 37 -1 7 22 38 -1 1 39 3 -1 7 40 28 -1 9 41 30 -1 1 32 42 -1 1 5 32 -1 1 42 39 -1 17 34 10 -1 25 13 14 -1 20 26 13 -1 15 26 20 -1 9 6 8 -1 17 8 6 -1 12 18 7 -1 11 20 21 -1 14 11 25 -1 7 18 14 -1 12 7 8 -1 10 16 20 -1 34 16 10 -1 1 16 5 -1 26 7 13 -1 6 36 27 -1 33 41 9 -1 37 41 33 -1 7 38 40 -1" creaseAngle="1.571">
                      <Coordinate point="-0.0108 1.5855 0.0892 -0.0131 1.5830 0.0886 -0.0113 1.5832 0.0889 -0.0121 1.5824 0.0889 -0.0143 1.5830 0.0860 -0.0147 1.5849 0.0868 -0.0126 1.5867 0.0829 -0.0097 1.5882 0.0846 -0.0134 1.5889 0.0834 -0.0107 1.5855 0.0814 -0.0153 1.5908 0.0862 -0.0128 1.5934 0.0868 -0.0126 1.5902 0.0842 -0.0101 1.5911 0.0878 -0.0105 1.5914 0.0873 -0.0106 1.5879 0.0897 -0.0134 1.5869 0.0896 -0.0144 1.5853 0.0849 -0.0115 1.5911 0.0856 -0.0138 1.5913 0.0894 -0.0133 1.5912 0.0897 -0.0119 1.5943 0.0896 -0.0097 1.5872 0.0873 -0.0104 1.5852 0.0887 -0.0103 1.5857 0.0886 -0.0108 1.5934 0.0886 -0.0098 1.5892 0.0887 -0.0139 1.5837 0.0849 -0.0090 1.5857 0.0842 -0.0089 1.5854 0.0834 -0.0111 1.5845 0.0815 -0.0123 1.5842 0.0825 -0.0142 1.5825 0.0867 -0.0093 1.5858 0.0822 -0.0153 1.5877 0.0868 -0.0090 1.5851 0.0825 -0.0135 1.5840 0.0837 -0.0094 1.5851 0.0819 -0.0093 1.5862 0.0852 -0.0131 1.5822 0.0883 -0.0092 1.5862 0.0851 -0.0103 1.5849 0.0813 -0.0137 1.5822 0.0876" />
                    </IndexedFaceSet>
                  </Shape>
                  <Shape>
                    <Appearance USE="Teeth" />
                    <IndexedFaceSet coordIndex="16 2 3 -1 8 10 9 -1 21 22 23 -1 26 27 28 -1 25 24 4 -1 13 15 17 -1 32 33 34 -1 35 36 37 -1 16 0 1 -1 39 40 23 -1 39 41 40 -1 40 35 38 -1 43 36 35 -1 14 18 31 -1 30 46 47 -1 11 2 50 -1 51 7 42 -1 37 51 42 -1 7 5 52 -1 6 5 7 -1 42 38 37 -1 50 9 11 -1 13 2 14 -1 25 56 23 -1 28 56 25 -1 30 57 46 -1 44 45 58 -1 43 59 36 -1 16 3 13 -1 5 2 1 -1 5 1 4 -1 9 10 11 -1 35 37 38 -1 29 25 4 -1 57 26 61 -1 26 28 61 -1 23 24 25 -1 23 62 24 -1 20 5 4 -1 10 55 11 -1 6 2 5 -1 45 67 66 -1 32 68 69 -1 32 70 68 -1 30 71 72 -1 26 73 27 -1 26 74 73 -1 75 76 77 -1 75 22 76 -1 78 59 43 -1 59 78 79 -1 7 8 50 -1 18 11 12 -1 31 13 14 -1 49 13 31 -1 29 1 0 -1 12 10 19 -1 10 8 7 -1 1 29 4 -1 28 82 56 -1 27 82 28 -1 48 28 25 -1 61 28 48 -1 48 46 61 -1 47 15 83 -1 47 17 15 -1 47 48 17 -1 47 46 48 -1 84 83 15 -1 85 80 31 -1 86 53 80 -1 45 53 86 -1 86 87 45 -1 86 88 87 -1 87 58 45 -1 89 58 87 -1 90 58 89 -1 69 91 90 -1 92 12 10 -1 92 89 12 -1 34 51 37 -1 34 10 51 -1 52 42 7 -1 52 38 42 -1 23 38 20 -1 23 40 38 -1 23 75 39 -1 23 22 75 -1 18 2 11 -1 93 4 62 -1 4 93 20 -1 34 36 32 -1 36 34 37 -1 34 33 10 -1 32 69 90 -1 63 31 18 -1 12 31 63 -1 88 80 85 -1 86 80 88 -1 84 60 83 -1 64 60 84 -1 61 46 57 -1 2 18 14 -1 12 19 10 -1 10 11 55 -1 10 12 11 -1 95 43 41 -1 43 95 78 -1 21 76 22 -1 21 96 76 -1 57 74 26 -1 57 97 74 -1 64 71 30 -1 64 65 71 -1 68 91 69 -1 91 68 98 -1 66 53 45 -1 53 66 54 -1 64 99 65 -1 100 45 44 -1 45 100 67 -1 101 70 32 -1 101 102 70 -1 103 30 72 -1 57 30 103 -1 73 82 27 -1 82 73 104 -1 39 77 105 -1 39 75 77 -1 15 94 84 -1 50 8 9 -1 2 13 3 -1 63 18 12 -1 83 30 47 -1 60 30 83 -1 49 94 15 -1 13 49 15 -1 87 88 31 -1 90 44 58 -1 91 44 90 -1 33 92 10 -1 33 89 92 -1 10 7 51 -1 16 13 0 -1 6 7 2 -1 62 23 93 -1 20 93 23 -1 38 5 20 -1 41 35 40 -1 41 43 35 -1 59 32 36 -1 59 101 32 -1 32 89 33 -1 32 90 89 -1 12 89 87 -1 31 12 87 -1 88 85 31 -1 53 94 80 -1 53 64 94 -1 30 60 64 -1 17 48 0 -1 48 25 29 -1 48 29 0 -1 56 21 23 -1 82 21 56 -1 13 17 0 -1 62 4 24 -1 2 16 1 -1 13 2 81 -1 13 81 2 -1 80 49 31 -1 94 49 80 -1 2 7 50 -1 52 5 38 -1 64 84 94 -1 105 41 39 -1 41 105 95 -1 82 96 21 -1 82 104 96 -1 57 103 97 -1 79 101 59 -1 101 79 102 -1 98 44 91 -1 44 98 100 -1 99 53 54 -1 64 53 99 -1" creaseAngle="1.571">
                      <Coordinate point="-0.0211 1.5949 0.0597 -0.0235 1.5949 0.0617 -0.0206 1.5949 0.0649 -0.0213 1.5939 0.0635 -0.0258 1.5956 0.0636 -0.0250 1.5955 0.0641 -0.0222 1.5940 0.0651 -0.0250 1.5953 0.0656 -0.0245 1.5959 0.0680 -0.0229 1.5949 0.0675 -0.0237 1.5952 0.0698 -0.0218 1.5940 0.0669 -0.0206 1.5943 0.0692 -0.0192 1.5955 0.0625 -0.0183 1.5938 0.0669 -0.0185 1.5937 0.0612 -0.0199 1.5954 0.0624 -0.0196 1.5948 0.0597 -0.0200 1.5954 0.0669 -0.0227 1.5949 0.0698 -0.0276 1.5935 0.0648 -0.0278 1.5885 0.0610 -0.0283 1.5885 0.0621 -0.0281 1.5915 0.0623 -0.0274 1.5937 0.0610 -0.0265 1.5933 0.0596 -0.0248 1.5883 0.0596 -0.0259 1.5885 0.0598 -0.0254 1.5914 0.0591 -0.0245 1.5955 0.0597 -0.0203 1.5882 0.0598 -0.0183 1.5937 0.0670 -0.0250 1.5893 0.0691 -0.0233 1.5922 0.0701 -0.0257 1.5921 0.0696 -0.0277 1.5904 0.0670 -0.0271 1.5902 0.0682 -0.0271 1.5922 0.0686 -0.0271 1.5928 0.0666 -0.0282 1.5882 0.0645 -0.0275 1.5918 0.0664 -0.0279 1.5882 0.0656 -0.0266 1.5944 0.0682 -0.0277 1.5882 0.0667 -0.0193 1.5879 0.0670 -0.0189 1.5878 0.0666 -0.0215 1.5913 0.0587 -0.0199 1.5916 0.0592 -0.0235 1.5939 0.0587 -0.0182 1.5931 0.0630 -0.0237 1.5949 0.0664 -0.0262 1.5947 0.0690 -0.0253 1.5954 0.0648 -0.0186 1.5877 0.0643 -0.0189 1.5867 0.0644 -0.0227 1.5950 0.0694 -0.0266 1.5911 0.0598 -0.0225 1.5885 0.0593 -0.0196 1.5895 0.0683 -0.0269 1.5882 0.0677 -0.0193 1.5891 0.0602 -0.0237 1.5905 0.0589 -0.0276 1.5940 0.0624 -0.0197 1.5947 0.0690 -0.0188 1.5879 0.0624 -0.0192 1.5869 0.0619 -0.0190 1.5869 0.0657 -0.0192 1.5869 0.0666 -0.0229 1.5879 0.0685 -0.0229 1.5882 0.0686 -0.0244 1.5879 0.0685 -0.0199 1.5873 0.0606 -0.0207 1.5874 0.0597 -0.0259 1.5883 0.0598 -0.0248 1.5880 0.0597 -0.0284 1.5883 0.0631 -0.0283 1.5882 0.0621 -0.0284 1.5881 0.0631 -0.0276 1.5879 0.0666 -0.0269 1.5880 0.0677 -0.0182 1.5898 0.0644 -0.0200 1.5950 0.0638 -0.0269 1.5885 0.0602 -0.0189 1.5912 0.0602 -0.0184 1.5909 0.0615 -0.0180 1.5911 0.0652 -0.0184 1.5890 0.0663 -0.0190 1.5916 0.0686 -0.0181 1.5909 0.0668 -0.0216 1.5919 0.0697 -0.0218 1.5903 0.0693 -0.0217 1.5880 0.0680 -0.0221 1.5925 0.0699 -0.0277 1.5941 0.0636 -0.0183 1.5902 0.0629 -0.0278 1.5879 0.0655 -0.0278 1.5882 0.0611 -0.0236 1.5879 0.0594 -0.0217 1.5877 0.0679 -0.0189 1.5869 0.0632 -0.0201 1.5872 0.0671 -0.0259 1.5881 0.0684 -0.0259 1.5878 0.0683 -0.0222 1.5878 0.0594 -0.0269 1.5882 0.0603 -0.0281 1.5880 0.0645" />
                    </IndexedFaceSet>
                  </Shape>
                  <Shape>
                    <Appearance USE="Teeth" />
                    <IndexedFaceSet coordIndex="12 5 3 -1 13 14 15 -1 21 22 23 -1 25 26 27 -1 22 28 29 -1 30 31 32 -1 2 3 15 -1 28 17 16 -1 3 2 12 -1 14 33 34 -1 4 15 3 -1 22 21 28 -1 23 36 24 -1 37 19 21 -1 2 9 0 -1 8 9 2 -1 23 22 36 -1 43 14 34 -1 9 10 11 -1 0 6 5 -1 15 43 2 -1 32 44 30 -1 29 36 22 -1 23 37 21 -1 19 20 21 -1 5 7 3 -1 9 1 0 -1 2 0 5 -1 45 27 26 -1 27 45 46 -1 47 48 49 -1 47 50 48 -1 51 52 24 -1 52 51 53 -1 54 55 56 -1 54 57 55 -1 58 59 60 -1 58 61 59 -1 62 63 64 -1 65 63 62 -1 5 3 7 -1 66 4 20 -1 6 3 5 -1 33 67 68 -1 38 68 67 -1 4 69 70 -1 4 66 69 -1 19 52 71 -1 52 19 37 -1 38 67 25 -1 69 66 73 -1 74 73 75 -1 74 69 73 -1 20 4 76 -1 29 28 16 -1 77 38 39 -1 38 77 78 -1 15 14 43 -1 2 34 33 -1 3 17 40 -1 6 1 17 -1 1 9 11 -1 16 41 1 -1 16 1 41 -1 1 16 18 -1 11 10 79 -1 2 43 34 -1 77 80 10 -1 38 78 68 -1 32 81 44 -1 81 32 79 -1 16 31 29 -1 4 21 76 -1 21 4 28 -1 38 27 39 -1 25 27 38 -1 80 72 81 -1 47 72 80 -1 44 35 30 -1 20 71 82 -1 20 19 71 -1 33 14 13 -1 28 40 17 -1 40 28 4 -1 80 27 47 -1 5 6 42 -1 63 33 83 -1 60 84 85 -1 60 59 84 -1 86 56 55 -1 75 56 86 -1 71 53 87 -1 71 52 53 -1 88 49 48 -1 35 49 88 -1 46 47 27 -1 47 46 89 -1 90 26 67 -1 26 90 45 -1 47 91 50 -1 24 92 51 -1 93 54 82 -1 54 93 57 -1 61 74 94 -1 58 74 61 -1 83 64 63 -1 83 95 64 -1 73 66 20 -1 16 1 18 -1 10 80 79 -1 70 13 15 -1 70 69 13 -1 3 6 17 -1 24 37 23 -1 24 52 37 -1 72 49 35 -1 47 49 72 -1 67 26 25 -1 33 85 83 -1 60 69 58 -1 60 13 69 -1 20 76 21 -1 29 30 36 -1 30 29 31 -1 39 80 77 -1 16 79 32 -1 78 8 68 -1 78 10 8 -1 68 2 33 -1 2 68 8 -1 79 16 11 -1 40 4 3 -1 12 2 5 -1 1 6 0 -1 10 9 8 -1 4 70 15 -1 10 78 77 -1 32 31 16 -1 79 80 81 -1 20 54 56 -1 74 58 69 -1 85 13 60 -1 85 33 13 -1 65 33 63 -1 33 65 67 -1 27 80 39 -1 44 72 35 -1 72 44 81 -1 35 36 30 -1 35 24 36 -1 82 54 20 -1 17 1 16 -1 1 11 16 -1 6 5 42 -1 20 75 73 -1 75 20 56 -1 85 95 83 -1 85 84 95 -1 75 94 74 -1 75 86 94 -1 87 82 71 -1 82 87 93 -1 24 88 92 -1 24 35 88 -1 47 89 91 -1 90 65 62 -1 67 65 90 -1" creaseAngle="1.571">
                      <Coordinate point="-0.0247 1.5944 0.0539 -0.0268 1.5951 0.0538 -0.0223 1.5957 0.0554 -0.0243 1.5951 0.0582 -0.0274 1.5929 0.0590 -0.0252 1.5944 0.0547 -0.0270 1.5959 0.0561 -0.0249 1.5950 0.0578 -0.0222 1.5959 0.0519 -0.0250 1.5952 0.0515 -0.0250 1.5957 0.0494 -0.0277 1.5965 0.0508 -0.0248 1.5950 0.0564 -0.0220 1.5911 0.0567 -0.0218 1.5921 0.0570 -0.0229 1.5932 0.0584 -0.0289 1.5965 0.0531 -0.0284 1.5959 0.0567 -0.0287 1.5966 0.0530 -0.0308 1.5911 0.0568 -0.0288 1.5912 0.0586 -0.0302 1.5932 0.0569 -0.0300 1.5939 0.0549 -0.0315 1.5915 0.0546 -0.0318 1.5903 0.0532 -0.0229 1.5912 0.0492 -0.0233 1.5901 0.0493 -0.0252 1.5912 0.0486 -0.0295 1.5946 0.0557 -0.0304 1.5952 0.0534 -0.0309 1.5936 0.0512 -0.0301 1.5954 0.0517 -0.0296 1.5953 0.0503 -0.0212 1.5929 0.0536 -0.0210 1.5941 0.0551 -0.0309 1.5911 0.0505 -0.0312 1.5932 0.0532 -0.0313 1.5912 0.0558 -0.0221 1.5927 0.0499 -0.0230 1.5928 0.0491 -0.0271 1.5936 0.0590 -0.0270 1.5956 0.0528 -0.0269 1.5958 0.0559 -0.0214 1.5941 0.0570 -0.0300 1.5933 0.0498 -0.0233 1.5898 0.0493 -0.0248 1.5899 0.0487 -0.0269 1.5909 0.0487 -0.0300 1.5897 0.0498 -0.0305 1.5905 0.0501 -0.0283 1.5898 0.0490 -0.0318 1.5893 0.0541 -0.0316 1.5893 0.0552 -0.0316 1.5890 0.0551 -0.0290 1.5885 0.0578 -0.0279 1.5882 0.0575 -0.0278 1.5884 0.0576 -0.0290 1.5882 0.0577 -0.0238 1.5883 0.0567 -0.0225 1.5883 0.0556 -0.0224 1.5886 0.0557 -0.0238 1.5880 0.0565 -0.0224 1.5894 0.0514 -0.0222 1.5895 0.0523 -0.0223 1.5892 0.0523 -0.0223 1.5897 0.0515 -0.0270 1.5927 0.0590 -0.0220 1.5909 0.0510 -0.0213 1.5939 0.0515 -0.0241 1.5905 0.0578 -0.0243 1.5920 0.0586 -0.0311 1.5890 0.0563 -0.0285 1.5916 0.0489 -0.0262 1.5904 0.0583 -0.0251 1.5883 0.0570 -0.0267 1.5883 0.0574 -0.0283 1.5929 0.0589 -0.0240 1.5944 0.0488 -0.0223 1.5945 0.0494 -0.0276 1.5952 0.0493 -0.0262 1.5936 0.0486 -0.0285 1.5933 0.0490 -0.0300 1.5887 0.0572 -0.0221 1.5893 0.0531 -0.0221 1.5888 0.0538 -0.0220 1.5890 0.0539 -0.0267 1.5881 0.0573 -0.0311 1.5887 0.0561 -0.0311 1.5897 0.0509 -0.0262 1.5898 0.0486 -0.0226 1.5896 0.0506 -0.0273 1.5898 0.0488 -0.0317 1.5896 0.0523 -0.0300 1.5885 0.0571 -0.0252 1.5880 0.0570 -0.0222 1.5890 0.0530" />
                    </IndexedFaceSet>
                  </Shape>
                  <Shape>
                    <Appearance USE="Teeth" />
                    <IndexedFaceSet coordIndex="19 9 20 -1 8 23 11 -1 16 21 19 -1 25 15 9 -1 4 27 1 -1 28 29 2 -1 3 6 32 -1 33 34 35 -1 27 10 8 -1 40 41 42 -1 43 44 42 -1 12 13 19 -1 39 19 15 -1 10 18 19 -1 5 4 1 -1 10 13 12 -1 6 7 36 -1 5 1 48 -1 7 42 36 -1 40 11 49 -1 4 9 10 -1 14 4 50 -1 47 40 46 -1 45 40 49 -1 43 42 41 -1 42 51 40 -1 7 27 8 -1 35 5 33 -1 6 36 32 -1 28 30 31 -1 29 6 2 -1 9 4 25 -1 18 9 19 -1 16 19 39 -1 45 46 40 -1 19 13 10 -1 17 19 21 -1 4 10 27 -1 52 11 40 -1 53 56 57 -1 53 24 56 -1 53 58 59 -1 53 60 58 -1 47 61 43 -1 47 62 61 -1 32 63 64 -1 32 36 63 -1 65 30 2 -1 30 65 66 -1 67 33 68 -1 69 33 67 -1 70 26 71 -1 4 5 0 -1 49 11 45 -1 44 36 42 -1 16 39 15 -1 16 15 73 -1 14 38 37 -1 54 34 69 -1 4 14 50 -1 72 1 27 -1 74 1 6 -1 74 75 1 -1 76 74 29 -1 74 76 77 -1 76 33 5 -1 33 76 31 -1 33 69 34 -1 28 2 30 -1 77 76 5 -1 6 72 27 -1 38 0 5 -1 54 35 34 -1 54 38 35 -1 73 14 37 -1 73 15 14 -1 55 78 16 -1 26 78 55 -1 24 16 78 -1 51 7 8 -1 23 8 10 -1 23 10 11 -1 12 22 46 -1 15 20 9 -1 20 15 19 -1 0 14 4 -1 11 10 12 -1 11 12 45 -1 78 70 79 -1 78 26 70 -1 69 80 54 -1 69 67 80 -1 30 81 31 -1 30 66 81 -1 32 64 82 -1 61 44 43 -1 44 61 83 -1 84 59 58 -1 53 57 85 -1 78 56 24 -1 78 79 56 -1 53 86 60 -1 46 62 47 -1 46 87 62 -1 36 88 63 -1 2 89 65 -1 68 31 90 -1 33 31 68 -1 54 71 26 -1 54 91 71 -1 6 3 2 -1 6 1 72 -1 17 12 19 -1 24 22 21 -1 24 53 22 -1 12 46 45 -1 16 73 37 -1 38 14 0 -1 75 77 92 -1 77 75 74 -1 6 29 74 -1 28 76 29 -1 31 76 28 -1 32 2 3 -1 5 35 38 -1 5 92 77 -1 92 1 75 -1 92 5 1 -1 4 14 25 -1 38 26 37 -1 38 54 26 -1 37 55 16 -1 26 55 37 -1 16 24 21 -1 7 51 42 -1 40 8 52 -1 40 51 8 -1 47 41 40 -1 41 47 43 -1 8 11 52 -1 53 46 22 -1 53 59 46 -1 25 14 15 -1 22 17 21 -1 22 12 17 -1 18 10 9 -1 1 5 48 -1 7 6 27 -1 54 80 91 -1 31 81 90 -1 82 2 32 -1 2 82 89 -1 36 83 88 -1 36 44 83 -1 59 87 46 -1 59 84 87 -1 53 85 86 -1" creaseAngle="1.571">
                      <Coordinate point="-0.0266 1.5965 0.0481 -0.0295 1.5976 0.0493 -0.0318 1.5923 0.0469 -0.0323 1.5932 0.0470 -0.0260 1.5967 0.0474 -0.0270 1.5950 0.0483 -0.0316 1.5952 0.0482 -0.0311 1.5972 0.0466 -0.0308 1.5976 0.0463 -0.0260 1.5960 0.0456 -0.0275 1.5968 0.0435 -0.0288 1.5981 0.0415 -0.0266 1.5975 0.0411 -0.0250 1.5981 0.0412 -0.0240 1.5964 0.0482 -0.0237 1.5971 0.0457 -0.0233 1.5950 0.0433 -0.0245 1.5980 0.0410 -0.0264 1.5956 0.0445 -0.0247 1.5974 0.0432 -0.0251 1.5963 0.0445 -0.0236 1.5960 0.0412 -0.0254 1.5955 0.0402 -0.0283 1.5978 0.0441 -0.0241 1.5931 0.0416 -0.0240 1.5975 0.0467 -0.0237 1.5922 0.0451 -0.0304 1.5976 0.0471 -0.0307 1.5928 0.0480 -0.0307 1.5941 0.0489 -0.0306 1.5916 0.0474 -0.0289 1.5920 0.0476 -0.0328 1.5936 0.0453 -0.0275 1.5921 0.0474 -0.0264 1.5922 0.0472 -0.0250 1.5938 0.0480 -0.0328 1.5939 0.0453 -0.0231 1.5944 0.0467 -0.0245 1.5941 0.0480 -0.0236 1.5969 0.0437 -0.0313 1.5969 0.0423 -0.0325 1.5954 0.0427 -0.0327 1.5951 0.0437 -0.0323 1.5937 0.0418 -0.0326 1.5934 0.0427 -0.0295 1.5963 0.0405 -0.0293 1.5944 0.0404 -0.0302 1.5940 0.0406 -0.0288 1.5978 0.0493 -0.0306 1.5966 0.0413 -0.0261 1.5964 0.0482 -0.0320 1.5970 0.0442 -0.0308 1.5982 0.0434 -0.0251 1.5930 0.0404 -0.0245 1.5920 0.0463 -0.0233 1.5943 0.0436 -0.0242 1.5920 0.0419 -0.0247 1.5922 0.0409 -0.0273 1.5926 0.0400 -0.0277 1.5933 0.0401 -0.0261 1.5925 0.0402 -0.0322 1.5934 0.0418 -0.0310 1.5933 0.0409 -0.0327 1.5922 0.0445 -0.0326 1.5920 0.0450 -0.0316 1.5916 0.0469 -0.0306 1.5914 0.0472 -0.0263 1.5913 0.0464 -0.0274 1.5912 0.0467 -0.0269 1.5918 0.0470 -0.0237 1.5918 0.0439 -0.0238 1.5917 0.0450 -0.0308 1.5974 0.0485 -0.0228 1.5953 0.0464 -0.0303 1.5953 0.0494 -0.0295 1.5965 0.0498 -0.0290 1.5938 0.0487 -0.0288 1.5949 0.0492 -0.0239 1.5921 0.0427 -0.0240 1.5919 0.0427 -0.0250 1.5915 0.0460 -0.0293 1.5914 0.0472 -0.0325 1.5920 0.0456 -0.0325 1.5931 0.0427 -0.0286 1.5929 0.0403 -0.0249 1.5922 0.0405 -0.0254 1.5923 0.0403 -0.0298 1.5932 0.0405 -0.0327 1.5925 0.0437 -0.0320 1.5918 0.0462 -0.0284 1.5913 0.0470 -0.0244 1.5915 0.0456 -0.0280 1.5961 0.0498" />
                    </IndexedFaceSet>
                  </Shape>
                  <Shape>
                    <Appearance USE="Teeth" />
                    <IndexedFaceSet coordIndex="0 1 2 -1 0 3 4 -1 15 10 13 -1 13 5 15 -1 20 22 21 -1 23 21 24 -1 9 26 25 -1 0 16 12 -1 28 5 29 -1 17 31 32 -1 33 34 20 -1 0 2 3 -1 32 35 17 -1 7 9 10 -1 5 6 15 -1 11 7 8 -1 9 25 12 -1 13 10 18 -1 8 10 15 -1 27 18 10 -1 12 27 10 -1 23 24 14 -1 23 14 6 -1 14 11 8 -1 10 9 12 -1 4 16 0 -1 20 34 36 -1 37 22 38 -1 0 22 37 -1 35 39 40 -1 35 32 39 -1 28 41 42 -1 43 28 29 -1 25 0 12 -1 22 0 44 -1 24 25 26 -1 24 21 25 -1 21 6 20 -1 30 40 13 -1 30 19 40 -1 29 13 40 -1 29 5 13 -1 18 19 30 -1 16 19 18 -1 14 8 6 -1 7 10 8 -1 42 20 28 -1 20 42 33 -1 40 39 45 -1 0 37 1 -1 36 46 20 -1 22 47 38 -1 16 4 48 -1 43 41 28 -1 43 49 41 -1 6 8 15 -1 28 6 5 -1 20 6 28 -1 16 35 19 -1 17 35 16 -1 29 40 43 -1 35 40 19 -1 44 21 22 -1 44 25 21 -1 12 16 27 -1 18 27 16 -1 24 9 14 -1 24 26 9 -1 7 11 9 -1 0 25 44 -1 23 6 21 -1 18 30 13 -1 9 11 14 -1 45 43 40 -1 43 45 49 -1 48 17 16 -1 17 48 31 -1 20 47 22 -1 46 47 20 -1" creaseAngle="1.571">
                      <Coordinate point="-0.0137 1.5881 0.0791 -0.0137 1.5867 0.0797 -0.0135 1.5870 0.0786 -0.0137 1.5875 0.0777 -0.0146 1.5877 0.0769 -0.0202 1.5916 0.0824 -0.0185 1.5913 0.0839 -0.0155 1.5926 0.0821 -0.0177 1.5940 0.0819 -0.0145 1.5930 0.0804 -0.0167 1.5936 0.0781 -0.0168 1.5933 0.0833 -0.0139 1.5917 0.0793 -0.0190 1.5931 0.0777 -0.0166 1.5927 0.0849 -0.0194 1.5942 0.0815 -0.0145 1.5894 0.0771 -0.0160 1.5884 0.0766 -0.0159 1.5925 0.0768 -0.0173 1.5902 0.0769 -0.0187 1.5870 0.0835 -0.0160 1.5894 0.0840 -0.0156 1.5870 0.0824 -0.0170 1.5907 0.0847 -0.0153 1.5916 0.0847 -0.0143 1.5900 0.0824 -0.0146 1.5917 0.0838 -0.0145 1.5921 0.0773 -0.0208 1.5880 0.0818 -0.0205 1.5900 0.0796 -0.0184 1.5919 0.0773 -0.0162 1.5876 0.0766 -0.0174 1.5874 0.0772 -0.0199 1.5863 0.0829 -0.0191 1.5859 0.0833 -0.0174 1.5879 0.0772 -0.0182 1.5858 0.0832 -0.0142 1.5864 0.0806 -0.0150 1.5863 0.0816 -0.0186 1.5873 0.0779 -0.0193 1.5890 0.0782 -0.0207 1.5869 0.0811 -0.0205 1.5866 0.0821 -0.0208 1.5878 0.0808 -0.0148 1.5876 0.0820 -0.0194 1.5872 0.0787 -0.0171 1.5863 0.0831 -0.0160 1.5864 0.0824 -0.0155 1.5877 0.0766 -0.0204 1.5869 0.0797" />
                    </IndexedFaceSet>
                  </Shape>
                  <Shape>
                    <Appearance USE="Teeth" />
                    <IndexedFaceSet coordIndex="0 1 2 -1 10 11 7 -1 19 20 21 -1 19 22 20 -1 23 24 22 -1 23 25 26 -1 13 23 8 -1 27 28 29 -1 9 16 15 -1 31 32 4 -1 5 7 10 -1 13 5 10 -1 8 12 9 -1 0 34 31 -1 7 6 5 -1 5 3 7 -1 34 32 31 -1 28 27 14 -1 22 19 30 -1 17 8 23 -1 27 29 35 -1 10 23 13 -1 23 26 24 -1 10 28 14 -1 17 23 22 -1 19 37 38 -1 19 39 37 -1 41 40 18 -1 43 42 33 -1 44 45 20 -1 47 46 27 -1 34 33 48 -1 33 34 0 -1 30 16 8 -1 12 8 16 -1 36 10 7 -1 36 48 29 -1 51 48 33 -1 51 27 35 -1 51 33 27 -1 14 27 52 -1 7 48 36 -1 5 13 8 -1 30 49 16 -1 30 19 49 -1 18 16 49 -1 18 4 15 -1 0 31 18 -1 15 4 9 -1 9 3 8 -1 48 7 34 -1 4 34 7 -1 46 50 27 -1 46 53 50 -1 54 47 27 -1 2 33 0 -1 2 43 33 -1 18 55 0 -1 18 40 55 -1 56 38 37 -1 49 38 56 -1 21 39 19 -1 21 57 39 -1 18 58 41 -1 0 59 1 -1 60 54 27 -1 61 20 50 -1 61 44 20 -1 20 57 21 -1 45 57 20 -1 3 4 7 -1 4 3 9 -1 16 9 12 -1 7 11 10 -1 50 22 24 -1 20 22 50 -1 31 4 18 -1 52 26 25 -1 26 52 27 -1 26 50 24 -1 10 29 28 -1 29 10 36 -1 35 48 51 -1 35 29 48 -1 52 10 14 -1 8 3 5 -1 25 10 52 -1 25 23 10 -1 26 27 50 -1 22 8 17 -1 8 22 30 -1 38 49 19 -1 16 18 15 -1 34 4 32 -1 6 7 5 -1 53 61 50 -1 60 33 42 -1 60 27 33 -1 0 55 59 -1 58 49 56 -1 58 18 49 -1" creaseAngle="1.571">
                      <Coordinate point="-0.0183 1.5901 0.0699 -0.0183 1.5887 0.0698 -0.0191 1.5887 0.0699 -0.0186 1.5940 0.0737 -0.0175 1.5933 0.0717 -0.0220 1.5953 0.0757 -0.0206 1.5937 0.0726 -0.0203 1.5935 0.0717 -0.0196 1.5937 0.0768 -0.0177 1.5942 0.0750 -0.0233 1.5945 0.0735 -0.0218 1.5943 0.0710 -0.0191 1.5936 0.0772 -0.0223 1.5952 0.0759 -0.0242 1.5917 0.0726 -0.0165 1.5931 0.0746 -0.0171 1.5917 0.0755 -0.0215 1.5941 0.0776 -0.0164 1.5906 0.0722 -0.0195 1.5892 0.0765 -0.0220 1.5879 0.0765 -0.0204 1.5881 0.0766 -0.0220 1.5907 0.0773 -0.0230 1.5946 0.0761 -0.0228 1.5913 0.0770 -0.0238 1.5929 0.0755 -0.0240 1.5905 0.0754 -0.0226 1.5890 0.0719 -0.0238 1.5916 0.0718 -0.0230 1.5916 0.0708 -0.0194 1.5914 0.0774 -0.0174 1.5908 0.0704 -0.0177 1.5924 0.0702 -0.0203 1.5898 0.0702 -0.0188 1.5927 0.0696 -0.0227 1.5902 0.0714 -0.0223 1.5929 0.0702 -0.0181 1.5882 0.0749 -0.0180 1.5886 0.0750 -0.0193 1.5881 0.0758 -0.0167 1.5887 0.0710 -0.0165 1.5886 0.0719 -0.0206 1.5885 0.0706 -0.0198 1.5885 0.0701 -0.0223 1.5874 0.0760 -0.0216 1.5875 0.0764 -0.0237 1.5880 0.0736 -0.0234 1.5880 0.0728 -0.0210 1.5925 0.0698 -0.0174 1.5893 0.0747 -0.0234 1.5884 0.0755 -0.0213 1.5905 0.0704 -0.0243 1.5919 0.0735 -0.0235 1.5876 0.0749 -0.0229 1.5881 0.0722 -0.0172 1.5887 0.0704 -0.0172 1.5884 0.0740 -0.0205 1.5877 0.0764 -0.0166 1.5885 0.0730 -0.0178 1.5887 0.0700 -0.0218 1.5882 0.0716 -0.0228 1.5874 0.0756" />
                    </IndexedFaceSet>
                  </Shape>
                  <Shape>
                    <Appearance USE="Teeth" />
                    <IndexedFaceSet coordIndex="2 3 4 -1 5 6 7 -1 14 15 12 -1 8 11 10 -1 11 8 13 -1 24 21 25 -1 17 27 12 -1 17 14 13 -1 20 31 26 -1 9 16 26 -1 31 32 1 -1 8 21 18 -1 1 23 9 -1 18 33 34 -1 4 3 35 -1 12 20 10 -1 13 14 11 -1 18 24 33 -1 16 20 26 -1 30 31 20 -1 29 6 4 -1 27 17 29 -1 17 22 29 -1 13 8 18 -1 28 10 16 -1 15 19 12 -1 9 10 16 -1 12 30 20 -1 25 33 24 -1 10 23 21 -1 17 12 19 -1 7 36 5 -1 1 37 0 -1 38 40 39 -1 42 41 6 -1 43 44 25 -1 23 1 21 -1 22 7 6 -1 45 22 46 -1 47 33 25 -1 34 33 47 -1 31 48 39 -1 30 4 48 -1 13 18 22 -1 4 30 29 -1 48 31 30 -1 31 39 32 -1 47 45 49 -1 47 7 45 -1 34 49 18 -1 34 47 49 -1 22 45 7 -1 15 17 19 -1 15 14 17 -1 1 43 25 -1 50 43 1 -1 51 7 47 -1 51 36 7 -1 41 4 6 -1 41 2 4 -1 40 32 39 -1 32 40 52 -1 37 32 53 -1 37 1 32 -1 39 54 38 -1 54 39 48 -1 5 42 6 -1 25 55 47 -1 44 55 25 -1 12 10 11 -1 46 22 18 -1 25 21 1 -1 9 26 31 -1 17 13 22 -1 16 10 20 -1 29 22 6 -1 12 27 29 -1 12 29 30 -1 9 23 10 -1 9 31 1 -1 10 21 8 -1 49 46 18 -1 49 45 46 -1 18 21 24 -1 28 16 10 -1 14 12 11 -1 0 50 1 -1 55 51 47 -1 35 48 4 -1 35 54 48 -1 32 52 53 -1" creaseAngle="1.571">
                      <Coordinate point="0.0199 1.5863 0.0829 0.0198 1.5873 0.0832 0.0137 1.5875 0.0777 0.0135 1.5870 0.0786 0.0136 1.5881 0.0788 0.0162 1.5876 0.0766 0.0145 1.5893 0.0771 0.0171 1.5888 0.0769 0.0194 1.5943 0.0814 0.0188 1.5917 0.0838 0.0169 1.5934 0.0822 0.0186 1.5942 0.0805 0.0145 1.5926 0.0809 0.0188 1.5931 0.0784 0.0171 1.5929 0.0791 0.0164 1.5929 0.0796 0.0161 1.5924 0.0847 0.0152 1.5937 0.0779 0.0196 1.5925 0.0784 0.0153 1.5939 0.0789 0.0148 1.5919 0.0839 0.0202 1.5918 0.0823 0.0162 1.5917 0.0766 0.0194 1.5912 0.0835 0.0208 1.5894 0.0804 0.0208 1.5878 0.0808 0.0170 1.5907 0.0847 0.0144 1.5932 0.0800 0.0183 1.5942 0.0833 0.0139 1.5915 0.0784 0.0139 1.5900 0.0813 0.0159 1.5893 0.0837 0.0175 1.5867 0.0833 0.0207 1.5884 0.0804 0.0198 1.5889 0.0788 0.0137 1.5867 0.0797 0.0174 1.5874 0.0772 0.0191 1.5859 0.0833 0.0150 1.5863 0.0816 0.0156 1.5870 0.0824 0.0160 1.5864 0.0824 0.0146 1.5877 0.0769 0.0155 1.5877 0.0766 0.0207 1.5869 0.0811 0.0204 1.5869 0.0797 0.0179 1.5906 0.0771 0.0184 1.5919 0.0773 0.0191 1.5881 0.0782 0.0144 1.5875 0.0813 0.0193 1.5904 0.0780 0.0205 1.5866 0.0821 0.0186 1.5873 0.0779 0.0171 1.5863 0.0831 0.0182 1.5858 0.0832 0.0142 1.5864 0.0806 0.0194 1.5872 0.0787" />
                    </IndexedFaceSet>
                  </Shape>
                  <Shape>
                    <Appearance USE="Teeth" />
                    <IndexedFaceSet coordIndex="13 14 15 -1 16 17 18 -1 1 8 2 -1 21 15 14 -1 21 0 15 -1 3 7 17 -1 16 18 10 -1 6 24 25 -1 1 28 9 -1 0 1 19 -1 13 12 11 -1 4 19 5 -1 30 6 11 -1 11 31 30 -1 26 27 11 -1 0 32 15 -1 1 0 8 -1 3 17 4 -1 16 23 17 -1 1 9 7 -1 20 13 15 -1 9 10 7 -1 6 2 26 -1 5 19 1 -1 33 34 35 -1 34 33 36 -1 37 38 6 -1 37 39 38 -1 11 40 31 -1 13 41 42 -1 43 44 13 -1 43 45 44 -1 2 29 1 -1 23 43 22 -1 25 2 6 -1 6 46 24 -1 38 46 6 -1 47 20 4 -1 26 2 27 -1 13 48 14 -1 13 11 48 -1 48 27 21 -1 11 27 48 -1 2 8 27 -1 3 1 7 -1 32 4 20 -1 4 22 47 -1 4 17 22 -1 16 36 33 -1 25 9 49 -1 9 25 24 -1 28 1 2 -1 49 9 28 -1 43 50 45 -1 12 51 52 -1 12 13 51 -1 37 6 53 -1 36 54 34 -1 36 46 54 -1 35 16 33 -1 35 55 16 -1 39 46 38 -1 46 39 56 -1 52 11 12 -1 11 52 40 -1 23 58 57 -1 13 44 41 -1 5 1 3 -1 0 19 4 -1 1 29 2 -1 18 17 10 -1 13 47 43 -1 20 47 13 -1 20 15 32 -1 6 26 11 -1 21 14 48 -1 27 0 21 -1 8 0 27 -1 0 4 32 -1 43 47 22 -1 22 17 23 -1 36 10 9 -1 36 16 10 -1 9 46 36 -1 46 9 24 -1 2 49 28 -1 2 25 49 -1 7 10 17 -1 5 3 4 -1 23 59 58 -1 23 50 43 -1 23 57 50 -1 13 42 51 -1 53 6 30 -1 56 54 46 -1 55 23 16 -1 55 59 23 -1" creaseAngle="1.571">
                      <Coordinate point="0.0229 1.5947 0.0725 0.0193 1.5938 0.0719 0.0185 1.5935 0.0709 0.0214 1.5953 0.0758 0.0231 1.5946 0.0755 0.0209 1.5949 0.0741 0.0174 1.5902 0.0704 0.0189 1.5937 0.0758 0.0222 1.5943 0.0716 0.0171 1.5926 0.0757 0.0191 1.5922 0.0774 0.0200 1.5898 0.0700 0.0201 1.5892 0.0702 0.0226 1.5889 0.0719 0.0233 1.5897 0.0721 0.0239 1.5923 0.0722 0.0195 1.5892 0.0765 0.0215 1.5933 0.0777 0.0203 1.5910 0.0778 0.0215 1.5944 0.0732 0.0242 1.5911 0.0731 0.0226 1.5923 0.0704 0.0228 1.5913 0.0770 0.0217 1.5886 0.0768 0.0164 1.5908 0.0733 0.0165 1.5915 0.0720 0.0187 1.5914 0.0697 0.0206 1.5934 0.0699 0.0166 1.5939 0.0742 0.0191 1.5932 0.0731 0.0183 1.5887 0.0698 0.0191 1.5887 0.0699 0.0240 1.5938 0.0737 0.0177 1.5890 0.0748 0.0172 1.5884 0.0740 0.0181 1.5882 0.0749 0.0174 1.5893 0.0747 0.0172 1.5887 0.0704 0.0166 1.5894 0.0714 0.0167 1.5887 0.0710 0.0198 1.5885 0.0701 0.0234 1.5880 0.0728 0.0229 1.5881 0.0722 0.0234 1.5884 0.0755 0.0237 1.5880 0.0736 0.0235 1.5876 0.0749 0.0165 1.5892 0.0729 0.0240 1.5905 0.0754 0.0221 1.5900 0.0711 0.0163 1.5928 0.0737 0.0228 1.5874 0.0756 0.0218 1.5882 0.0716 0.0206 1.5885 0.0706 0.0178 1.5887 0.0700 0.0166 1.5885 0.0730 0.0193 1.5881 0.0758 0.0165 1.5886 0.0719 0.0223 1.5874 0.0760 0.0216 1.5875 0.0764 0.0205 1.5877 0.0764" />
                    </IndexedFaceSet>
                  </Shape>
                  <Shape>
                    <Appearance USE="Teeth" />
                    <IndexedFaceSet coordIndex="5 2 6 -1 7 8 9 -1 10 9 13 -1 7 12 9 -1 10 7 9 -1 19 6 2 -1 20 3 0 -1 1 13 16 -1 20 22 3 -1 19 2 18 -1 14 9 17 -1 13 9 14 -1 0 15 1 -1 11 3 7 -1 16 14 2 -1 11 0 3 -1 24 1 21 -1 0 25 20 -1 3 22 26 -1 28 27 16 -1 25 0 29 -1 10 11 7 -1 1 10 13 -1 7 9 12 -1 23 14 8 -1 9 30 14 -1 3 8 7 -1 23 8 3 -1 24 0 1 -1 24 31 0 -1 32 33 2 -1 0 31 29 -1 2 34 18 -1 35 2 4 -1 2 35 36 -1 2 28 16 -1 5 28 2 -1 26 4 3 -1 35 4 26 -1 8 14 30 -1 14 23 2 -1 9 14 17 -1 11 15 0 -1 11 1 15 -1 1 11 10 -1 30 9 8 -1 23 4 2 -1 23 3 4 -1 2 36 32 -1 27 1 16 -1 1 27 21 -1 2 33 34 -1 13 14 16 -1" creaseAngle="1.571">
                      <Coordinate point="-0.0039 1.5869 0.0878 -0.0015 1.5882 0.0896 -0.0025 1.5860 0.0934 -0.0050 1.5876 0.0903 -0.0048 1.5863 0.0920 -0.0011 1.5855 0.0920 -0.0012 1.5848 0.0921 -0.0052 1.5912 0.0928 -0.0045 1.5911 0.0934 -0.0019 1.5939 0.0933 -0.0026 1.5912 0.0916 -0.0038 1.5896 0.0901 -0.0046 1.5940 0.0928 -0.0003 1.5914 0.0927 -0.0006 1.5901 0.0928 -0.0023 1.5879 0.0881 -0.0008 1.5870 0.0921 -0.0009 1.5919 0.0938 -0.0023 1.5840 0.0931 -0.0018 1.5842 0.0928 -0.0044 1.5862 0.0880 -0.0012 1.5864 0.0893 -0.0048 1.5869 0.0893 -0.0044 1.5882 0.0935 -0.0017 1.5859 0.0878 -0.0043 1.5860 0.0876 -0.0050 1.5866 0.0906 -0.0008 1.5868 0.0908 -0.0009 1.5863 0.0916 -0.0037 1.5856 0.0865 -0.0029 1.5921 0.0940 -0.0026 1.5856 0.0866 -0.0043 1.5844 0.0927 -0.0037 1.5841 0.0930 -0.0030 1.5840 0.0932 -0.0048 1.5858 0.0915 -0.0046 1.5851 0.0920" />
                    </IndexedFaceSet>
                  </Shape>
                  <Shape>
                    <Appearance USE="Teeth" />
                    <IndexedFaceSet coordIndex="0 1 2 -1 4 5 6 -1 3 7 8 -1 3 0 13 -1 4 12 15 -1 2 16 0 -1 14 18 19 -1 21 2 22 -1 14 23 18 -1 7 3 20 -1 14 19 3 -1 5 4 15 -1 3 13 14 -1 17 14 13 -1 4 9 24 -1 8 0 3 -1 25 4 6 -1 26 0 8 -1 5 27 6 -1 4 24 28 -1 11 12 17 -1 10 2 29 -1 17 10 11 -1 10 17 0 -1 0 16 10 -1 29 12 10 -1 2 5 15 -1 2 30 22 -1 20 3 19 -1 1 30 2 -1 1 31 30 -1 32 0 26 -1 9 4 25 -1 5 21 27 -1 5 2 21 -1 4 23 14 -1 4 28 23 -1 11 10 12 -1 14 12 4 -1 14 17 12 -1 0 17 13 -1 12 2 15 -1 2 12 29 -1 10 16 2 -1 32 1 0 -1 1 32 31 -1" creaseAngle="1.571">
                      <Coordinate point="-0.0090 1.5898 0.0888 -0.0098 1.5877 0.0905 -0.0088 1.5883 0.0921 -0.0076 1.5880 0.0862 -0.0064 1.5866 0.0918 -0.0084 1.5863 0.0920 -0.0072 1.5850 0.0919 -0.0085 1.5876 0.0865 -0.0091 1.5877 0.0877 -0.0061 1.5861 0.0914 -0.0088 1.5937 0.0917 -0.0060 1.5939 0.0926 -0.0061 1.5922 0.0924 -0.0070 1.5899 0.0883 -0.0062 1.5887 0.0879 -0.0061 1.5898 0.0925 -0.0103 1.5909 0.0905 -0.0070 1.5921 0.0908 -0.0060 1.5876 0.0873 -0.0066 1.5874 0.0859 -0.0076 1.5874 0.0856 -0.0084 1.5849 0.0914 -0.0093 1.5863 0.0910 -0.0057 1.5879 0.0886 -0.0057 1.5874 0.0909 -0.0067 1.5851 0.0917 -0.0095 1.5878 0.0885 -0.0078 1.5849 0.0918 -0.0055 1.5879 0.0900 -0.0088 1.5935 0.0922 -0.0096 1.5872 0.0905 -0.0097 1.5875 0.0903 -0.0097 1.5879 0.0891" />
                    </IndexedFaceSet>
                  </Shape>
                </Transform>
              </HAnimSegment>
            </HAnimJoint>
          </HAnimJoint>
        </HAnimJoint>
        <HAnimJoint DEF="Joe_l_shoulder" center="0.2 1.44 -0.02" name="l_shoulder">
          <HAnimSegment DEF="Joe_l_upperarm" name="l_upperarm">
            <Transform DEF="LeftArmSkeletonParts">
              <Shape>
                <Appearance USE="Bone" />
                <IndexedFaceSet coordIndex="3 2 0 -1 4 5 2 -1 11 12 13 -1 11 14 10 -1 19 20 21 -1 22 23 24 -1 27 28 29 -1 30 31 32 -1 37 38 39 -1 40 41 42 -1 43 44 45 -1 46 47 48 -1 53 54 55 -1 34 58 59 -1 62 63 39 -1 29 64 65 -1 65 64 66 -1 51 69 70 -1 29 72 73 -1 74 30 75 -1 74 76 30 -1 77 78 79 -1 77 80 78 -1 81 36 82 -1 71 82 38 -1 73 72 71 -1 83 84 85 -1 23 86 24 -1 91 92 93 -1 94 95 46 -1 48 96 97 -1 97 46 48 -1 102 103 104 -1 12 9 110 -1 114 112 113 -1 117 113 116 -1 120 87 121 -1 122 123 124 -1 127 128 129 -1 130 131 132 -1 132 21 130 -1 92 133 134 -1 134 93 92 -1 135 136 137 -1 138 139 140 -1 137 141 135 -1 137 142 141 -1 143 144 135 -1 144 136 135 -1 146 30 76 -1 76 148 146 -1 30 146 31 -1 151 152 153 -1 154 155 156 -1 154 61 155 -1 157 85 158 -1 157 159 85 -1 140 160 161 -1 162 163 164 -1 162 138 163 -1 154 165 164 -1 168 169 167 -1 52 170 171 -1 172 137 136 -1 172 173 137 -1 37 176 38 -1 178 179 180 -1 178 181 179 -1 183 145 184 -1 184 149 183 -1 183 146 145 -1 170 52 182 -1 76 51 171 -1 189 174 177 -1 27 189 177 -1 192 191 174 -1 195 196 69 -1 79 197 198 -1 198 77 79 -1 9 10 205 -1 112 206 207 -1 208 112 209 -1 115 215 90 -1 50 220 49 -1 49 15 50 -1 6 222 119 -1 26 204 25 -1 225 232 223 -1 199 229 233 -1 234 229 227 -1 230 227 228 -1 217 216 219 -1 29 65 70 -1 62 36 35 -1 39 36 62 -1 167 169 235 -1 76 171 236 -1 237 169 182 -1 64 29 28 -1 193 240 177 -1 244 243 241 -1 246 245 241 -1 250 251 248 -1 248 249 250 -1 251 252 69 -1 69 196 251 -1 253 93 134 -1 253 254 93 -1 193 255 256 -1 258 172 259 -1 258 260 172 -1 93 261 91 -1 93 256 261 -1 140 255 160 -1 155 262 159 -1 155 263 262 -1 264 265 142 -1 264 266 265 -1 133 267 134 -1 268 139 269 -1 268 140 139 -1 159 262 85 -1 55 270 271 -1 55 272 270 -1 273 274 130 -1 271 275 276 -1 271 270 275 -1 277 20 278 -1 277 279 20 -1 21 280 273 -1 97 132 281 -1 282 283 284 -1 282 278 283 -1 19 21 285 -1 286 44 43 -1 287 288 289 -1 288 290 289 -1 291 19 128 -1 121 290 292 -1 127 291 128 -1 122 293 87 -1 109 120 294 -1 109 295 120 -1 296 297 298 -1 98 299 99 -1 120 121 301 -1 125 302 100 -1 129 303 304 -1 129 305 303 -1 307 308 303 -1 307 110 308 -1 13 12 110 -1 16 15 200 -1 309 310 311 -1 309 201 310 -1 227 216 218 -1 9 203 10 -1 11 18 200 -1 26 3 0 -1 1 2 312 -1 7 6 1 -1 102 104 118 -1 207 213 90 -1 234 227 230 -1 230 228 313 -1 117 116 109 -1 120 295 108 -1 90 215 207 -1 208 206 112 -1 117 118 315 -1 213 316 211 -1 119 118 6 -1 118 114 117 -1 207 215 112 -1 317 115 108 -1 108 295 317 -1 115 90 108 -1 90 89 108 -1 106 107 105 -1 312 2 5 -1 10 203 11 -1 205 318 9 -1 7 8 6 -1 101 107 205 -1 110 17 13 -1 17 297 98 -1 306 319 320 -1 108 87 321 -1 108 89 87 -1 298 305 129 -1 298 297 305 -1 127 129 304 -1 304 302 127 -1 304 100 302 -1 87 300 121 -1 299 297 296 -1 299 98 297 -1 100 304 303 -1 322 293 122 -1 129 128 298 -1 128 323 298 -1 302 291 127 -1 300 286 290 -1 44 293 24 -1 293 322 24 -1 324 325 47 -1 325 99 47 -1 285 323 19 -1 323 128 19 -1 22 24 324 -1 132 97 285 -1 152 271 326 -1 152 55 271 -1 327 328 329 -1 327 330 328 -1 139 162 158 -1 139 138 162 -1 161 138 140 -1 161 163 138 -1 144 259 136 -1 259 172 136 -1 61 263 155 -1 331 57 332 -1 332 150 331 -1 34 332 57 -1 252 333 69 -1 188 185 241 -1 251 196 248 -1 247 241 185 -1 246 241 247 -1 245 244 241 -1 41 40 29 -1 193 334 239 -1 335 180 239 -1 336 181 337 -1 336 179 181 -1 51 52 171 -1 148 236 146 -1 33 80 338 -1 33 78 80 -1 147 58 338 -1 192 194 191 -1 71 176 191 -1 63 339 39 -1 34 33 58 -1 212 211 316 -1 316 213 208 -1 111 223 210 -1 219 126 217 -1 231 314 341 -1 211 342 224 -1 224 228 227 -1 343 202 14 -1 50 15 201 -1 87 89 311 -1 208 209 111 -1 206 213 207 -1 106 105 103 -1 344 345 243 -1 345 241 243 -1 71 191 73 -1 40 72 29 -1 346 347 348 -1 347 81 348 -1 29 194 192 -1 37 39 190 -1 175 193 349 -1 175 154 193 -1 254 334 193 -1 31 146 183 -1 75 350 248 -1 149 31 183 -1 166 145 182 -1 145 170 182 -1 177 240 28 -1 177 28 27 -1 260 173 172 -1 260 351 173 -1 352 353 354 -1 150 332 59 -1 169 168 182 -1 193 161 160 -1 355 39 339 -1 157 165 156 -1 288 356 357 -1 288 358 356 -1 332 34 59 -1 58 147 59 -1 152 85 262 -1 262 153 152 -1 149 150 59 -1 166 168 167 -1 166 184 145 -1 76 236 148 -1 31 149 147 -1 149 59 147 -1 69 51 76 -1 146 236 145 -1 24 86 44 -1 86 359 44 -1 158 162 157 -1 273 130 21 -1 131 327 360 -1 132 285 21 -1 300 290 121 -1 124 361 98 -1 124 123 361 -1 119 114 118 -1 315 118 117 -1 117 114 113 -1 106 362 100 -1 105 107 101 -1 205 10 101 -1 281 363 97 -1 268 261 256 -1 364 365 158 -1 359 45 44 -1 36 38 82 -1 195 74 248 -1 74 75 248 -1 51 70 65 -1 63 62 35 -1 35 366 63 -1 257 367 368 -1 368 151 257 -1 151 368 152 -1 49 200 15 -1 293 44 88 -1 41 29 242 -1 176 71 38 -1 36 39 38 -1 338 58 33 -1 131 274 369 -1 131 130 274 -1 291 283 19 -1 11 17 18 -1 18 17 16 -1 15 16 201 -1 9 12 11 -1 0 204 26 -1 0 2 1 -1 204 0 101 -1 118 370 6 -1 257 56 367 -1 53 371 54 -1 53 372 371 -1 34 366 35 -1 74 195 69 -1 75 30 32 -1 32 80 75 -1 32 338 80 -1 79 373 374 -1 79 78 373 -1 374 36 347 -1 374 373 36 -1 347 36 81 -1 375 84 83 -1 376 84 375 -1 364 377 365 -1 364 378 377 -1 360 327 329 -1 268 330 261 -1 330 268 269 -1 328 95 94 -1 328 379 95 -1 94 329 328 -1 94 363 329 -1 380 89 90 -1 311 89 380 -1 9 308 110 -1 17 361 310 -1 382 311 310 -1 100 362 109 -1 100 318 106 -1 112 111 209 -1 115 112 215 -1 113 112 115 -1 306 294 301 -1 125 320 319 -1 125 100 320 -1 383 309 380 -1 126 383 380 -1 369 327 131 -1 141 280 279 -1 384 280 141 -1 166 182 168 -1 263 153 262 -1 257 153 263 -1 357 356 319 -1 288 284 358 -1 287 284 288 -1 270 282 275 -1 270 385 282 -1 143 353 144 -1 353 143 272 -1 364 376 378 -1 364 84 376 -1 355 190 39 -1 355 386 190 -1 60 263 61 -1 257 263 60 -1 56 355 339 -1 355 56 60 -1 387 264 388 -1 387 266 264 -1 352 57 331 -1 352 354 57 -1 389 235 390 -1 235 389 167 -1 390 331 150 -1 390 258 331 -1 349 174 175 -1 191 190 175 -1 391 392 393 -1 394 392 391 -1 239 28 240 -1 28 238 239 -1 182 396 237 -1 182 52 395 -1 397 248 350 -1 248 397 249 -1 254 239 334 -1 192 189 68 -1 189 192 174 -1 73 194 29 -1 73 191 194 -1 177 174 349 -1 349 193 177 -1 67 337 52 -1 67 336 337 -1 154 156 165 -1 175 61 154 -1 29 187 242 -1 239 240 193 -1 348 81 82 -1 399 347 346 -1 399 374 347 -1 75 198 350 -1 75 77 198 -1 400 40 42 -1 401 40 400 -1 402 344 400 -1 402 345 344 -1 403 398 404 -1 408 14 409 -1 16 200 18 -1 213 214 90 -1 88 87 293 -1 214 213 216 -1 410 309 383 -1 410 126 411 -1 380 221 126 -1 383 126 410 -1 220 226 199 -1 226 412 227 -1 211 413 213 -1 213 206 208 -1 4 7 5 -1 1 370 104 -1 1 6 370 -1 225 119 222 -1 225 211 232 -1 10 25 204 -1 14 200 49 -1 200 14 407 -1 200 407 11 -1 202 414 26 -1 10 14 26 -1 415 49 231 -1 8 202 416 -1 222 8 225 -1 211 225 340 -1 211 340 342 -1 406 405 408 -1 313 314 230 -1 340 314 313 -1 342 228 224 -1 231 230 314 -1 202 405 416 -1 26 2 3 -1 408 231 406 -1 231 408 415 -1 126 216 217 -1 221 216 126 -1 199 226 229 -1 408 202 343 -1 202 26 14 -1 61 175 190 -1 31 338 32 -1 31 147 338 -1 184 166 149 -1 182 178 417 -1 65 66 51 -1 335 178 180 -1 335 417 178 -1 239 418 335 -1 418 239 254 -1 336 28 179 -1 398 242 187 -1 41 402 42 -1 403 402 41 -1 404 241 345 -1 394 400 344 -1 401 391 82 -1 391 401 400 -1 419 393 392 -1 393 419 420 -1 244 394 243 -1 394 244 421 -1 422 421 423 -1 422 419 421 -1 424 348 420 -1 424 346 348 -1 422 425 424 -1 422 426 425 -1 245 427 423 -1 246 428 245 -1 247 428 246 -1 427 429 426 -1 430 429 427 -1 197 425 431 -1 197 399 425 -1 429 432 431 -1 429 433 432 -1 428 434 430 -1 428 247 434 -1 247 185 186 -1 249 433 434 -1 432 350 198 -1 397 350 432 -1 249 185 435 -1 435 436 250 -1 435 437 436 -1 185 188 438 -1 188 437 438 -1 333 436 437 -1 333 252 436 -1 29 333 187 -1 69 333 29 -1 187 437 398 -1 56 34 57 -1 366 34 56 -1 351 235 169 -1 235 351 260 -1 439 387 396 -1 439 253 387 -1 193 163 161 -1 371 57 354 -1 253 266 387 -1 253 134 266 -1 54 354 353 -1 371 354 54 -1 55 353 272 -1 54 353 55 -1 274 133 369 -1 133 274 267 -1 269 440 379 -1 269 139 440 -1 85 326 83 -1 85 152 326 -1 379 441 95 -1 379 440 441 -1 442 83 326 -1 83 442 375 -1 377 22 441 -1 377 23 22 -1 276 43 442 -1 276 289 43 -1 46 324 47 -1 22 324 46 -1 48 296 96 -1 48 299 296 -1 325 24 322 -1 24 325 324 -1 88 286 300 -1 286 88 44 -1 291 356 358 -1 291 302 356 -1 298 96 296 -1 96 298 323 -1 322 124 325 -1 322 122 124 -1 306 357 319 -1 357 306 292 -1 108 321 120 -1 382 122 311 -1 123 310 361 -1 305 17 110 -1 297 17 305 -1 49 220 199 -1 380 214 221 -1 90 214 380 -1 311 380 309 -1 106 205 107 -1 318 205 106 -1 414 4 26 -1 17 11 13 -1 202 4 414 -1 4 8 7 -1 5 7 1 -1 5 1 312 -1 101 103 105 -1 101 104 103 -1 117 362 118 -1 106 103 102 -1 216 213 413 -1 8 416 405 -1 14 408 343 -1 314 8 341 -1 314 225 8 -1 116 295 109 -1 317 295 116 -1 223 211 212 -1 211 223 232 -1 212 210 223 -1 212 111 210 -1 111 316 208 -1 111 212 316 -1 119 111 114 -1 119 225 111 -1 116 113 317 -1 115 317 113 -1 341 405 231 -1 341 8 405 -1 230 231 234 -1 199 233 49 -1 49 408 409 -1 49 415 408 -1 340 228 342 -1 109 362 117 -1 362 102 118 -1 362 106 102 -1 104 101 1 -1 118 104 370 -1 204 101 10 -1 26 25 10 -1 49 409 14 -1 11 203 9 -1 410 411 220 -1 16 17 201 -1 305 110 307 -1 308 100 303 -1 17 98 361 -1 310 122 382 -1 310 123 122 -1 87 311 122 -1 319 302 125 -1 302 319 356 -1 301 292 306 -1 292 301 121 -1 300 87 88 -1 325 98 99 -1 325 124 98 -1 306 109 294 -1 288 292 290 -1 288 357 292 -1 283 358 284 -1 283 291 358 -1 43 290 286 -1 289 290 43 -1 97 323 285 -1 97 96 323 -1 20 283 278 -1 20 19 283 -1 287 276 275 -1 276 287 289 -1 43 375 442 -1 375 43 45 -1 46 441 22 -1 95 441 46 -1 279 21 20 -1 279 280 21 -1 282 277 278 -1 282 385 277 -1 442 271 276 -1 326 271 442 -1 441 365 377 -1 440 365 441 -1 360 132 131 -1 360 281 132 -1 273 384 274 -1 384 273 280 -1 365 139 158 -1 139 365 440 -1 267 384 265 -1 267 274 384 -1 368 55 152 -1 368 53 55 -1 261 327 91 -1 261 330 327 -1 265 134 267 -1 265 266 134 -1 144 352 259 -1 144 353 352 -1 372 368 367 -1 372 53 368 -1 268 255 140 -1 256 255 268 -1 388 173 351 -1 388 264 173 -1 259 331 258 -1 331 259 352 -1 367 57 372 -1 56 57 367 -1 193 160 255 -1 254 256 93 -1 254 193 256 -1 418 253 439 -1 418 254 253 -1 351 237 388 -1 169 237 351 -1 56 339 366 -1 188 398 437 -1 437 187 333 -1 437 185 438 -1 435 185 437 -1 252 250 436 -1 251 250 252 -1 435 250 249 -1 433 397 432 -1 249 397 433 -1 434 186 249 -1 186 434 247 -1 430 433 429 -1 430 434 433 -1 431 198 197 -1 431 432 198 -1 426 431 425 -1 429 431 426 -1 245 430 427 -1 428 430 245 -1 423 426 422 -1 423 427 426 -1 424 399 346 -1 424 425 399 -1 422 420 419 -1 422 424 420 -1 244 423 421 -1 245 423 244 -1 392 421 419 -1 392 394 421 -1 420 82 393 -1 82 420 348 -1 400 394 391 -1 243 394 344 -1 403 345 402 -1 404 345 403 -1 67 64 28 -1 67 66 64 -1 439 335 418 -1 335 439 417 -1 51 67 52 -1 66 67 51 -1 396 417 439 -1 396 182 417 -1 145 236 171 -1 166 167 389 -1 190 386 61 -1 63 366 339 -1 228 340 313 -1 229 226 227 -1 229 49 233 -1 49 229 231 -1 231 229 234 -1 405 202 408 -1 406 231 405 -1 8 222 6 -1 314 340 225 -1 224 413 211 -1 202 8 4 -1 225 223 111 -1 14 11 407 -1 101 0 1 -1 126 227 412 -1 216 227 218 -1 216 224 227 -1 216 413 224 -1 126 412 226 -1 220 126 226 -1 220 411 126 -1 410 220 201 -1 381 50 201 -1 381 220 50 -1 216 227 219 -1 126 219 227 -1 216 221 214 -1 309 410 201 -1 26 4 2 -1 188 404 398 -1 404 188 241 -1 398 41 242 -1 41 398 403 -1 42 402 400 -1 195 248 196 -1 72 401 71 -1 401 72 40 -1 79 399 197 -1 79 374 399 -1 82 71 401 -1 192 68 29 -1 67 28 336 -1 68 189 27 -1 68 27 29 -1 52 181 395 -1 337 181 52 -1 145 171 170 -1 249 186 185 -1 388 396 387 -1 237 396 388 -1 178 395 181 -1 182 395 178 -1 180 28 239 -1 180 179 28 -1 238 28 239 -1 391 393 82 -1 191 37 190 -1 176 37 191 -1 191 175 174 -1 389 390 150 -1 260 390 235 -1 260 258 390 -1 264 137 173 -1 142 137 264 -1 157 164 165 -1 164 157 162 -1 193 164 163 -1 193 154 164 -1 56 257 60 -1 60 386 355 -1 60 61 386 -1 84 158 85 -1 158 84 364 -1 378 359 86 -1 378 376 359 -1 156 159 157 -1 156 155 159 -1 272 385 270 -1 272 143 385 -1 284 275 282 -1 275 284 287 -1 257 151 153 -1 166 150 149 -1 389 150 166 -1 277 143 135 -1 385 143 277 -1 265 141 142 -1 265 384 141 -1 277 141 279 -1 277 135 141 -1 369 92 327 -1 92 369 133 -1 201 17 310 -1 120 321 87 -1 305 307 303 -1 120 301 294 -1 111 112 114 -1 318 308 9 -1 308 318 100 -1 320 109 306 -1 320 100 109 -1 381 201 220 -1 97 94 46 -1 97 363 94 -1 330 379 328 -1 330 269 379 -1 327 92 91 -1 329 281 360 -1 281 329 363 -1 377 86 23 -1 378 86 377 -1 376 45 359 -1 376 375 45 -1 29 70 69 -1 373 35 36 -1 373 34 35 -1 78 34 373 -1 78 33 34 -1 75 80 77 -1 76 74 69 -1 372 57 371 -1 47 299 48 -1 47 99 299 -1" creaseAngle="1.57">
                  <Coordinate point="0.2388 1.0826 -0.0349 0.2365 1.0791 -0.0441 0.2352 1.0724 -0.0345 0.2360 1.0795 -0.0323 0.2285 1.0697 -0.0376 0.2326 1.0720 -0.0417 0.2260 1.0774 -0.0503 0.2254 1.0711 -0.0436 0.2208 1.0704 -0.0435 0.2278 1.1034 -0.0412 0.2299 1.0943 -0.0359 0.2201 1.0980 -0.0368 0.2215 1.1097 -0.0403 0.2199 1.1073 -0.0390 0.2223 1.0871 -0.0299 0.2016 1.0938 -0.0388 0.2092 1.0999 -0.0382 0.2120 1.1082 -0.0374 0.2138 1.0954 -0.0371 0.2158 1.2148 -0.0437 0.2150 1.2430 -0.0432 0.2163 1.2433 -0.0385 0.1993 1.2121 -0.0344 0.1952 1.2124 -0.0373 0.1964 1.1803 -0.0412 0.2329 1.0864 -0.0262 0.2334 1.0820 -0.0251 0.1975 1.4206 -0.0091 0.1982 1.4213 -0.0101 0.1877 1.4304 -0.0090 0.2029 1.4308 -0.0432 0.2008 1.4222 -0.0479 0.2002 1.4252 -0.0487 0.1847 1.4096 -0.0534 0.1825 1.4003 -0.0472 0.1739 1.4007 -0.0396 0.1700 1.4022 -0.0340 0.1822 1.4014 -0.0140 0.1744 1.4093 -0.0163 0.1772 1.4042 -0.0207 0.1774 1.4212 -0.0098 0.1808 1.4319 -0.0111 0.1752 1.4257 -0.0133 0.1948 1.2132 -0.0488 0.1938 1.1801 -0.0445 0.1930 1.2127 -0.0405 0.2069 1.2125 -0.0315 0.2068 1.1802 -0.0342 0.2082 1.1804 -0.0347 0.2027 1.0853 -0.0327 0.2001 1.0891 -0.0347 0.2048 1.4351 -0.0253 0.2088 1.4279 -0.0265 0.1916 1.3418 -0.0444 0.1942 1.3416 -0.0466 0.1946 1.3105 -0.0481 0.1816 1.3858 -0.0350 0.1875 1.3852 -0.0441 0.1892 1.4089 -0.0509 0.1965 1.4108 -0.0476 0.1839 1.3844 -0.0256 0.1858 1.3866 -0.0190 0.1739 1.4008 -0.0307 0.1773 1.3985 -0.0301 0.1962 1.4316 -0.0110 0.1990 1.4352 -0.0163 0.2024 1.4337 -0.0145 0.2042 1.4290 -0.0134 0.1930 1.4255 -0.0061 0.1996 1.4389 -0.0207 0.1993 1.4376 -0.0196 0.1743 1.4108 -0.0152 0.1776 1.4180 -0.0105 0.1799 1.4197 -0.0097 0.2029 1.4372 -0.0312 0.2007 1.4281 -0.0479 0.2030 1.4360 -0.0275 0.1924 1.4186 -0.0550 0.1843 1.4102 -0.0541 0.1839 1.4108 -0.0545 0.1927 1.4180 -0.0543 0.1692 1.4025 -0.0341 0.1701 1.4081 -0.0197 0.1915 1.2747 -0.0374 0.1916 1.2746 -0.0363 0.1901 1.3082 -0.0339 0.1940 1.2125 -0.0376 0.1952 1.1235 -0.0528 0.1962 1.1460 -0.0494 0.1923 1.1106 -0.0523 0.1878 1.1020 -0.0522 0.2099 1.3413 -0.0213 0.2107 1.3415 -0.0222 0.2103 1.3710 -0.0207 0.2088 1.2437 -0.0276 0.2075 1.2438 -0.0280 0.2094 1.1808 -0.0354 0.2092 1.2128 -0.0320 0.2098 1.1232 -0.0372 0.2073 1.1470 -0.0360 0.2327 1.1188 -0.0512 0.2408 1.0898 -0.0406 0.2341 1.0904 -0.0521 0.2362 1.0884 -0.0479 0.2351 1.0848 -0.0480 0.2403 1.0945 -0.0444 0.2368 1.1067 -0.0506 0.2388 1.1022 -0.0448 0.1953 1.1109 -0.0533 0.2210 1.1097 -0.0568 0.2194 1.1111 -0.0397 0.2107 1.0881 -0.0445 0.2061 1.0976 -0.0459 0.2105 1.0985 -0.0475 0.2151 1.0925 -0.0455 0.2017 1.1036 -0.0523 0.2139 1.1033 -0.0530 0.2203 1.0971 -0.0550 0.2264 1.0865 -0.0541 0.2149 1.0842 -0.0481 0.2074 1.1216 -0.0553 0.2077 1.1458 -0.0565 0.1947 1.1226 -0.0454 0.1987 1.1195 -0.0407 0.2031 1.1234 -0.0378 0.2300 1.1270 -0.0535 0.1822 1.0856 -0.0412 0.2208 1.1487 -0.0491 0.2158 1.1811 -0.0450 0.2173 1.1485 -0.0449 0.2160 1.2756 -0.0317 0.2159 1.2755 -0.0297 0.2132 1.2435 -0.0299 0.2124 1.3419 -0.0278 0.2135 1.3716 -0.0260 0.2099 1.3101 -0.0482 0.2084 1.3422 -0.0463 0.2107 1.3424 -0.0449 0.1979 1.3401 -0.0230 0.2000 1.3083 -0.0254 0.2009 1.3401 -0.0219 0.2128 1.3103 -0.0447 0.2118 1.3424 -0.0417 0.2044 1.3095 -0.0505 0.2047 1.3418 -0.0486 0.2104 1.4232 -0.0422 0.2035 1.4303 -0.0426 0.1935 1.4138 -0.0501 0.2038 1.4337 -0.0324 0.2034 1.4147 -0.0476 0.2006 1.4033 -0.0470 0.1885 1.3421 -0.0381 0.1903 1.3092 -0.0414 0.1887 1.3417 -0.0362 0.1919 1.3863 -0.0160 0.1876 1.3723 -0.0220 0.1882 1.3723 -0.0213 0.1909 1.3399 -0.0256 0.1917 1.3080 -0.0309 0.1897 1.3401 -0.0271 0.2000 1.3723 -0.0188 0.1978 1.3722 -0.0185 0.1927 1.3400 -0.0249 0.1947 1.3722 -0.0191 0.1914 1.3722 -0.0196 0.1890 1.3723 -0.0208 0.2124 1.4126 -0.0433 0.2122 1.4033 -0.0418 0.2143 1.4051 -0.0383 0.2140 1.3981 -0.0360 0.2095 1.4260 -0.0314 0.2088 1.4276 -0.0309 0.2081 1.3717 -0.0423 0.2111 1.3716 -0.0389 0.1906 1.4097 -0.0050 0.1853 1.3993 -0.0102 0.1775 1.4091 -0.0142 0.1985 1.4047 -0.0103 0.2129 1.4136 -0.0208 0.2082 1.4192 -0.0139 0.2094 1.4132 -0.0151 0.2110 1.4193 -0.0202 0.2142 1.4131 -0.0308 0.2057 1.4241 -0.0470 0.2111 1.4162 -0.0452 0.1845 1.4422 -0.0408 0.1849 1.4378 -0.0478 0.1895 1.4402 -0.0152 0.1792 1.4414 -0.0328 0.1975 1.4176 -0.0067 0.1828 1.4001 -0.0136 0.1832 1.4117 -0.0089 0.1909 1.4231 -0.0051 0.1998 1.3878 -0.0165 0.1847 1.4261 -0.0092 0.2029 1.4382 -0.0316 0.2024 1.4390 -0.0325 0.1830 1.4125 -0.0548 0.1915 1.4195 -0.0555 0.1992 1.0849 -0.0319 0.2075 1.0875 -0.0359 0.1980 1.0997 -0.0372 0.2249 1.0776 -0.0272 0.2235 1.0970 -0.0386 0.2375 1.0878 -0.0338 0.2348 1.1017 -0.0420 0.1954 1.0930 -0.0474 0.1939 1.0959 -0.0525 0.1954 1.0924 -0.0469 0.1984 1.0934 -0.0458 0.2022 1.0898 -0.0428 0.1969 1.0776 -0.0514 0.2007 1.0846 -0.0477 0.1910 1.0868 -0.0529 0.1801 1.0938 -0.0527 0.1987 1.1011 -0.0524 0.1782 1.0812 -0.0513 0.1801 1.0789 -0.0435 0.1852 1.0725 -0.0444 0.1810 1.0787 -0.0431 0.1936 1.0911 -0.0346 0.1795 1.0891 -0.0445 0.2143 1.0776 -0.0479 0.2061 1.0844 -0.0457 0.1888 1.0742 -0.0471 0.2050 1.0730 -0.0472 0.1907 1.0819 -0.0352 0.1912 1.0733 -0.0369 0.1930 1.0699 -0.0431 0.1991 1.0730 -0.0292 0.1954 1.0645 -0.0343 0.2072 1.0700 -0.0344 0.2050 1.0807 -0.0485 0.1965 1.0797 -0.0277 0.1960 1.0683 -0.0305 0.2111 1.3976 -0.0409 0.2070 1.4296 -0.0375 0.2151 1.3979 -0.0314 0.2044 1.4104 -0.0128 0.2054 1.4084 -0.0136 0.1996 1.4074 -0.0117 0.1786 1.4403 -0.0360 0.1862 1.4361 -0.0118 0.1727 1.4354 -0.0337 0.1710 1.4321 -0.0388 0.1710 1.4309 -0.0410 0.1754 1.4339 -0.0449 0.1788 1.4356 -0.0464 0.1992 1.4359 -0.0449 0.1934 1.4375 -0.0472 0.1983 1.4437 -0.0355 0.2009 1.4421 -0.0341 0.1981 1.4406 -0.0208 0.2147 1.3859 -0.0239 0.2082 1.3886 -0.0184 0.2039 1.3723 -0.0195 0.2074 1.3722 -0.0190 0.1848 1.3726 -0.0331 0.2056 1.3865 -0.0452 0.2051 1.3718 -0.0460 0.2096 1.3866 -0.0418 0.2070 1.3407 -0.0204 0.1894 1.3406 -0.0300 0.1869 1.3720 -0.0247 0.2127 1.3714 -0.0358 0.2133 1.3424 -0.0367 0.2130 1.3714 -0.0321 0.2136 1.3422 -0.0319 0.2056 1.3405 -0.0206 0.2061 1.3081 -0.0224 0.1998 1.2759 -0.0524 0.1970 1.2759 -0.0499 0.2004 1.3095 -0.0508 0.2162 1.2758 -0.0360 0.2148 1.3104 -0.0348 0.2011 1.2434 -0.0534 0.1984 1.2425 -0.0519 0.2118 1.2763 -0.0487 0.2119 1.2437 -0.0494 0.2146 1.2757 -0.0447 0.2158 1.2759 -0.0404 0.2110 1.2436 -0.0283 0.2049 1.2439 -0.0532 0.2124 1.2146 -0.0507 0.2076 1.2150 -0.0557 0.2149 1.2146 -0.0383 0.1972 1.1798 -0.0517 0.2042 1.2146 -0.0562 0.2096 1.1815 -0.0583 0.2011 1.2138 -0.0544 0.2036 1.1810 -0.0582 0.2172 1.1817 -0.0523 0.2145 1.1463 -0.0580 0.1963 1.1462 -0.0475 0.2151 1.1198 -0.0556 0.2093 1.1118 -0.0545 0.2107 1.1468 -0.0374 0.2132 1.1243 -0.0385 0.2140 1.1478 -0.0414 0.2089 1.1469 -0.0365 0.1983 1.1451 -0.0538 0.2125 1.1261 -0.0559 0.2236 1.1493 -0.0523 0.2262 1.1249 -0.0478 0.2225 1.1380 -0.0487 0.2178 1.1246 -0.0415 0.2223 1.1245 -0.0582 0.2215 1.1205 -0.0431 0.2279 1.1125 -0.0440 0.1886 1.1024 -0.0439 0.1973 1.1107 -0.0393 0.1895 1.1102 -0.0472 0.2371 1.0749 -0.0410 0.1958 1.0627 -0.0428 0.2034 1.0681 -0.0423 0.2199 1.0950 -0.0540 0.1983 1.0857 -0.0493 0.2048 1.1034 -0.0512 0.2333 1.1097 -0.0454 0.2271 1.1242 -0.0572 0.2324 1.1186 -0.0529 0.1984 1.1192 -0.0552 0.1980 1.1463 -0.0434 0.2135 1.1808 -0.0393 0.1999 1.1807 -0.0368 0.2018 1.1467 -0.0393 0.1914 1.2754 -0.0444 0.2118 1.3076 -0.0245 0.2086 1.2749 -0.0254 0.2104 1.2748 -0.0258 0.2074 1.3081 -0.0222 0.2004 1.3859 -0.0464 0.1938 1.3992 -0.0474 0.1945 1.4437 -0.0235 0.2069 1.3900 -0.0177 0.2108 1.4070 -0.0164 0.2069 1.4233 -0.0138 0.2090 1.4237 -0.0209 0.1929 1.4175 -0.0534 0.1793 1.3956 -0.0289 0.1968 1.0673 -0.0505 0.2143 1.0714 -0.0434 0.1941 1.0709 -0.0483 0.2221 1.0773 -0.0292 0.1680 1.4259 -0.0237 0.1722 1.4325 -0.0211 0.1693 1.4040 -0.0412 0.1702 1.4023 -0.0373 0.1668 1.4037 -0.0313 0.1930 1.4028 -0.0085 0.1988 1.4277 -0.0506 0.2129 1.3868 -0.0366 0.2000 1.3717 -0.0469 0.2005 1.3416 -0.0489 0.1949 1.3712 -0.0464 0.1813 1.3935 -0.0251 0.2211 1.1485 -0.0568 0.2187 1.1478 -0.0582 0.2135 1.1818 -0.0574 0.1931 1.2126 -0.0394 0.2116 1.2749 -0.0266 0.2046 1.1186 -0.0367 0.2297 1.1055 -0.0572 0.2098 1.2436 -0.0277 0.1921 1.2746 -0.0350 0.1932 1.2746 -0.0345 0.1776 1.3966 -0.0380 0.1848 1.3724 -0.0352 0.1893 1.3421 -0.0406 0.2134 1.3097 -0.0299 0.2287 1.0804 -0.0512 0.1913 1.3708 -0.0447 0.1887 1.3706 -0.0424 0.1767 1.4048 -0.0488 0.1761 1.4053 -0.0492 0.1922 1.2420 -0.0384 0.1923 1.2420 -0.0373 0.1940 1.2419 -0.0357 0.1929 1.2419 -0.0362 0.2073 1.2750 -0.0257 0.1849 1.1003 -0.0475 0.1970 1.0983 -0.0370 0.1946 1.1113 -0.0416 0.1871 1.0966 -0.0421 0.2146 1.3103 -0.0393 0.2042 1.2760 -0.0521 0.1842 1.3907 -0.0200 0.2146 1.3863 -0.0292 0.2141 1.3865 -0.0331 0.2079 1.4030 -0.0452 0.2067 1.3971 -0.0450 0.1663 1.4190 -0.0239 0.1658 1.4216 -0.0270 0.1659 1.4133 -0.0250 0.1665 1.4238 -0.0268 0.2142 1.4132 -0.0291 0.2156 1.3977 -0.0266 0.1953 1.4313 -0.0504 0.1829 1.4403 -0.0187 0.1750 1.4069 -0.0493 0.1681 1.4215 -0.0203 0.1732 1.4149 -0.0134 0.1733 1.4295 -0.0168 0.1783 1.4345 -0.0148 0.1765 1.4366 -0.0195 0.2175 1.0696 -0.0327 0.2152 1.0742 -0.0279 0.2154 1.0895 -0.0322 0.2151 1.0783 -0.0280 0.2152 1.0858 -0.0301 0.1895 1.0940 -0.0390 0.1885 1.0877 -0.0379 0.1862 1.0827 -0.0388 0.1877 1.0782 -0.0519 0.2327 1.0708 -0.0295 0.2090 1.0766 -0.0303 0.2226 1.0706 -0.0340 0.2144 1.4078 -0.0214 0.2117 1.3950 -0.0187 0.1645 1.4164 -0.0349 0.1647 1.4102 -0.0335 0.1657 1.4220 -0.0360 0.1660 1.4161 -0.0423 0.1675 1.4224 -0.0417 0.1670 1.4101 -0.0421 0.1719 1.4126 -0.0488 0.1707 1.4184 -0.0482 0.1705 1.4242 -0.0465 0.1780 1.4338 -0.0475 0.1784 1.4224 -0.0533 0.1768 1.4275 -0.0511 0.1801 1.4183 -0.0544 0.1876 1.4240 -0.0550 0.1853 1.4277 -0.0537 0.1801 1.4324 -0.0500 0.1940 1.4449 -0.0376 0.1931 1.4450 -0.0269 0.1912 1.4453 -0.0262 0.1850 1.4436 -0.0376 0.2152 1.3965 -0.0226 0.2006 1.2751 -0.0289 0.2004 1.2442 -0.0316 0.1931 1.2426 -0.0466" />
                </IndexedFaceSet>
              </Shape>
            </Transform>
          </HAnimSegment>
          <HAnimJoint DEF="Joe_l_elbow" center="0.2 1.07 -0.02" name="l_elbow">
            <HAnimSegment DEF="Joe_l_forearm" name="l_forearm">
              <Transform DEF="LeftradulnSkeletonParts">
                <Shape>
                  <Appearance USE="Bone" />
                  <IndexedFaceSet coordIndex="3 4 5 -1 8 9 6 -1 10 6 11 -1 15 14 24 -1 27 26 20 -1 28 29 30 -1 28 31 29 -1 32 33 34 -1 35 36 37 -1 38 39 40 -1 38 41 39 -1 43 44 45 -1 42 47 46 -1 46 53 42 -1 48 1 49 -1 1 2 49 -1 0 56 1 -1 57 1 56 -1 57 45 1 -1 1 44 58 -1 33 59 60 -1 33 32 59 -1 61 62 63 -1 63 64 61 -1 46 33 60 -1 46 65 33 -1 60 53 46 -1 66 33 65 -1 66 64 33 -1 67 68 69 -1 68 61 69 -1 70 71 72 -1 71 73 72 -1 74 75 76 -1 75 77 76 -1 59 78 79 -1 59 32 78 -1 80 81 62 -1 81 82 62 -1 83 84 85 -1 83 86 84 -1 87 88 89 -1 87 90 88 -1 91 20 26 -1 93 94 95 -1 83 90 96 -1 96 97 83 -1 98 99 10 -1 24 13 15 -1 28 21 100 -1 101 21 12 -1 101 20 21 -1 4 3 102 -1 103 104 105 -1 104 106 105 -1 107 106 108 -1 107 105 106 -1 97 86 83 -1 97 109 86 -1 7 11 6 -1 8 110 9 -1 8 111 110 -1 31 113 111 -1 115 38 40 -1 115 116 38 -1 115 114 117 -1 115 118 114 -1 41 79 78 -1 41 37 79 -1 100 36 35 -1 100 102 36 -1 114 118 119 -1 118 120 119 -1 118 103 105 -1 105 120 118 -1 11 109 97 -1 11 7 109 -1 104 82 106 -1 104 121 82 -1 16 27 14 -1 18 19 14 -1 19 91 122 -1 19 123 91 -1 98 92 91 -1 91 124 98 -1 125 4 102 -1 126 96 127 -1 96 94 127 -1 125 93 4 -1 93 5 4 -1 93 128 5 -1 93 95 128 -1 27 25 26 -1 95 89 129 -1 95 87 89 -1 84 86 80 -1 86 81 80 -1 121 63 82 -1 63 62 82 -1 66 65 47 -1 76 77 70 -1 77 71 70 -1 46 47 65 -1 73 89 88 -1 73 71 89 -1 77 75 130 -1 130 129 77 -1 131 85 84 -1 131 132 85 -1 68 80 61 -1 80 62 61 -1 64 34 33 -1 64 63 34 -1 57 47 42 -1 50 51 48 -1 47 57 56 -1 87 96 90 -1 41 135 39 -1 41 78 135 -1 136 130 75 -1 137 5 128 -1 12 28 138 -1 13 28 30 -1 23 15 13 -1 10 99 6 -1 99 8 6 -1 8 17 111 -1 23 13 30 -1 23 29 31 -1 18 123 19 -1 123 18 17 -1 25 16 122 -1 24 14 27 -1 27 16 25 -1 104 135 121 -1 135 104 39 -1 128 136 137 -1 130 136 128 -1 79 5 137 -1 79 37 5 -1 32 135 78 -1 32 34 135 -1 139 48 140 -1 49 2 55 -1 1 54 0 -1 57 42 43 -1 45 133 43 -1 143 142 141 -1 143 58 142 -1 44 43 142 -1 56 0 141 -1 68 84 80 -1 68 131 84 -1 73 85 132 -1 73 88 85 -1 89 77 129 -1 71 77 89 -1 132 144 145 -1 132 131 144 -1 69 47 141 -1 69 66 47 -1 144 141 142 -1 144 67 141 -1 142 72 145 -1 70 43 76 -1 95 130 128 -1 129 130 95 -1 93 127 94 -1 127 93 125 -1 96 11 97 -1 11 96 126 -1 146 125 102 -1 146 127 125 -1 10 11 126 -1 102 147 146 -1 98 147 102 -1 124 91 98 -1 98 17 99 -1 17 98 123 -1 122 91 25 -1 12 13 101 -1 27 20 22 -1 20 148 21 -1 109 81 86 -1 109 108 81 -1 107 6 110 -1 6 107 7 -1 14 15 112 -1 110 105 107 -1 120 105 110 -1 119 120 110 -1 119 111 113 -1 119 110 111 -1 31 111 112 -1 31 112 23 -1 28 100 117 -1 13 138 28 -1 116 35 38 -1 116 100 35 -1 38 37 41 -1 38 35 37 -1 117 116 115 -1 117 100 116 -1 31 117 114 -1 117 31 28 -1 40 118 115 -1 118 40 103 -1 113 114 119 -1 31 114 113 -1 15 23 112 -1 14 112 18 -1 111 17 112 -1 9 110 6 -1 7 108 109 -1 7 107 108 -1 108 82 81 -1 108 106 82 -1 100 148 102 -1 100 21 148 -1 92 102 148 -1 22 101 13 -1 12 21 28 -1 22 20 101 -1 22 24 27 -1 13 24 22 -1 99 17 8 -1 14 19 122 -1 26 25 91 -1 123 98 91 -1 98 10 147 -1 98 102 92 -1 10 146 147 -1 127 10 126 -1 10 127 146 -1 95 96 87 -1 96 95 94 -1 148 91 92 -1 148 20 91 -1 88 83 85 -1 88 90 83 -1 42 76 43 -1 42 74 76 -1 43 72 142 -1 43 70 72 -1 142 145 144 -1 67 69 141 -1 72 132 145 -1 72 73 132 -1 67 131 68 -1 144 131 67 -1 61 66 69 -1 61 64 66 -1 60 136 75 -1 60 59 136 -1 56 141 47 -1 44 142 58 -1 143 0 58 -1 143 141 0 -1 1 58 54 -1 54 58 0 -1 134 51 50 -1 55 48 49 -1 48 55 134 -1 2 1 55 -1 54 55 1 -1 55 54 51 -1 52 50 48 -1 51 1 48 -1 54 1 51 -1 48 134 140 -1 50 140 134 -1 50 139 140 -1 50 48 139 -1 48 50 52 -1 44 1 45 -1 74 42 53 -1 75 53 60 -1 75 74 53 -1 57 133 45 -1 133 57 43 -1 3 37 36 -1 37 3 5 -1 59 137 136 -1 79 137 59 -1 121 34 63 -1 34 121 135 -1 39 103 40 -1 39 104 103 -1 12 138 13 -1 14 122 16 -1 17 18 112 -1 23 30 29 -1 36 102 3 -1 51 134 55 -1" creaseAngle="1.571">
                    <Coordinate point="0.2317 1.0423 -0.0245 0.2279 1.0528 -0.0347 0.2261 1.0530 -0.0368 0.2199 0.9102 0.0340 0.2195 0.9104 0.0343 0.2222 0.9344 0.0243 0.2200 0.8921 0.0595 0.2242 0.9160 0.0470 0.2170 0.8758 0.0699 0.2202 0.8904 0.0604 0.2173 0.8895 0.0583 0.2221 0.9159 0.0467 0.2231 0.8559 0.0551 0.2251 0.8537 0.0627 0.2109 0.8530 0.0785 0.2198 0.8511 0.0785 0.2070 0.8525 0.0713 0.2133 0.8678 0.0752 0.2140 0.8627 0.0811 0.2086 0.8580 0.0762 0.2171 0.8575 0.0506 0.2210 0.8647 0.0511 0.2182 0.8464 0.0543 0.2241 0.8609 0.0699 0.2162 0.8498 0.0675 0.2033 0.8518 0.0596 0.2094 0.8534 0.0549 0.2126 0.8511 0.0621 0.2254 0.8686 0.0572 0.2254 0.8638 0.0649 0.2258 0.8569 0.0657 0.2246 0.8652 0.0670 0.2276 0.9841 0.0017 0.2285 1.0048 -0.0102 0.2314 0.9861 0.0043 0.2212 0.9096 0.0340 0.2204 0.9099 0.0339 0.2229 0.9342 0.0240 0.2258 0.9102 0.0365 0.2317 0.9377 0.0285 0.2293 0.9113 0.0399 0.2268 0.9355 0.0264 0.2249 1.0282 -0.0265 0.2206 1.0286 -0.0240 0.2221 1.0432 -0.0235 0.2210 1.0390 -0.0311 0.2262 1.0147 -0.0175 0.2291 1.0273 -0.0242 0.2324 1.0633 -0.0415 0.2311 1.0612 -0.0429 0.2338 1.0688 -0.0294 0.2312 1.0655 -0.0287 0.2326 1.0681 -0.0327 0.2250 1.0151 -0.0173 0.2293 1.0564 -0.0277 0.2219 1.0597 -0.0354 0.2281 1.0395 -0.0325 0.2256 1.0390 -0.0332 0.2243 1.0465 -0.0227 0.2246 0.9837 -0.0008 0.2256 1.0047 -0.0112 0.2324 1.0087 -0.0044 0.2319 0.9881 0.0074 0.2320 0.9868 0.0053 0.2308 1.0067 -0.0070 0.2281 1.0149 -0.0162 0.2312 1.0164 -0.0142 0.2312 1.0211 -0.0089 0.2308 1.0108 -0.0021 0.2325 1.0185 -0.0112 0.2194 1.0200 -0.0110 0.2200 1.0093 -0.0043 0.2211 1.0215 -0.0088 0.2211 1.0109 -0.0021 0.2215 1.0168 -0.0158 0.2221 1.0068 -0.0104 0.2196 1.0179 -0.0133 0.2206 1.0079 -0.0071 0.2280 0.9632 0.0128 0.2242 0.9616 0.0089 0.2311 0.9899 0.0102 0.2312 0.9680 0.0216 0.2330 0.9672 0.0185 0.2245 0.9690 0.0225 0.2281 0.9917 0.0119 0.2245 0.9910 0.0129 0.2285 0.9695 0.0224 0.2230 0.9672 0.0188 0.2211 0.9901 0.0108 0.2216 0.9894 0.0069 0.2231 0.9685 0.0215 0.2105 0.8608 0.0592 0.2144 0.8703 0.0513 0.2212 0.9369 0.0271 0.2212 0.9375 0.0286 0.2229 0.9651 0.0148 0.2212 0.9396 0.0322 0.2232 0.9410 0.0349 0.2143 0.8711 0.0639 0.2149 0.8722 0.0675 0.2207 0.8799 0.0470 0.2219 0.8511 0.0545 0.2160 0.8850 0.0484 0.2297 0.9123 0.0409 0.2322 0.9382 0.0296 0.2297 0.9139 0.0421 0.2316 0.9392 0.0306 0.2264 0.9162 0.0454 0.2292 0.9399 0.0345 0.2258 0.9411 0.0358 0.2215 0.8892 0.0606 0.2200 0.8747 0.0699 0.2203 0.8616 0.0783 0.2242 0.8756 0.0643 0.2263 0.8820 0.0563 0.2267 0.8878 0.0495 0.2224 0.8815 0.0470 0.2261 0.8790 0.0532 0.2278 0.8899 0.0525 0.2253 0.8851 0.0588 0.2263 0.8926 0.0540 0.2328 0.9664 0.0171 0.2083 0.8582 0.0634 0.2112 0.8638 0.0708 0.2126 0.8661 0.0566 0.2188 0.9121 0.0384 0.2207 0.9153 0.0445 0.2192 0.9131 0.0414 0.2233 0.9634 0.0119 0.2225 0.9871 0.0041 0.2232 0.9856 0.0018 0.2276 1.0122 -0.0003 0.2245 1.0121 -0.0005 0.2210 1.0304 -0.0269 0.2209 1.0658 -0.0360 0.2321 0.9657 0.0161 0.2238 0.9841 -0.0006 0.2236 0.9617 0.0090 0.2245 0.8644 0.0561 0.2286 1.0697 -0.0309 0.2244 1.0673 -0.0356 0.2322 1.0329 -0.0186 0.2220 1.0354 -0.0163 0.2269 1.0373 -0.0151 0.2276 1.0225 -0.0064 0.2243 1.0227 -0.0071 0.2158 0.8882 0.0512 0.2153 0.8850 0.0512 0.2158 0.8686 0.0492" />
                  </IndexedFaceSet>
                </Shape>
                <Shape>
                  <Appearance USE="Bone" />
                  <IndexedFaceSet coordIndex="4 5 6 -1 7 8 5 -1 9 10 11 -1 12 13 14 -1 15 16 17 -1 15 18 16 -1 19 20 21 -1 19 22 20 -1 25 26 27 -1 28 29 30 -1 31 32 33 -1 33 35 31 -1 41 42 24 -1 54 55 56 -1 37 35 33 -1 37 33 57 -1 30 58 59 -1 30 60 58 -1 24 62 61 -1 65 66 67 -1 72 52 19 -1 72 61 52 -1 54 73 74 -1 78 79 40 -1 25 27 80 -1 28 30 59 -1 82 26 25 -1 82 2 26 -1 83 84 85 -1 86 87 88 -1 89 90 91 -1 93 41 72 -1 94 95 93 -1 96 97 40 -1 97 38 40 -1 77 36 37 -1 94 93 92 -1 101 102 23 -1 23 71 101 -1 54 24 55 -1 103 104 105 -1 103 106 104 -1 107 108 109 -1 107 8 108 -1 76 98 110 -1 111 112 113 -1 112 114 113 -1 115 116 0 -1 117 118 119 -1 117 120 118 -1 121 122 123 -1 121 124 122 -1 125 14 126 -1 125 9 14 -1 50 48 46 -1 48 47 46 -1 12 11 127 -1 128 129 130 -1 129 131 130 -1 133 134 135 -1 136 137 138 -1 136 139 137 -1 140 141 142 -1 142 143 140 -1 144 145 146 -1 145 106 146 -1 36 98 74 -1 109 74 147 -1 81 29 28 -1 148 68 70 -1 44 73 56 -1 132 93 100 -1 149 50 45 -1 123 17 121 -1 123 15 17 -1 45 46 150 -1 16 18 151 -1 18 152 151 -1 138 153 136 -1 138 154 153 -1 155 156 157 -1 155 158 156 -1 159 158 155 -1 159 160 158 -1 161 162 163 -1 161 164 162 -1 114 165 113 -1 114 166 165 -1 167 160 159 -1 167 10 160 -1 167 168 169 -1 170 12 171 -1 12 172 171 -1 173 174 175 -1 173 176 174 -1 130 131 177 -1 149 116 178 -1 128 179 149 -1 128 130 179 -1 179 180 149 -1 181 183 182 -1 137 106 145 -1 137 104 106 -1 18 185 152 -1 18 186 185 -1 186 187 185 -1 186 188 187 -1 92 189 87 -1 92 190 189 -1 72 41 61 -1 99 191 44 -1 44 71 99 -1 98 192 147 -1 76 193 28 -1 194 69 34 -1 40 195 63 -1 40 79 195 -1 40 39 78 -1 44 196 37 -1 197 198 75 -1 198 7 199 -1 198 197 7 -1 66 200 67 -1 66 142 200 -1 59 58 28 -1 58 200 28 -1 60 2 201 -1 60 1 2 -1 90 202 91 -1 90 203 202 -1 188 19 187 -1 188 190 19 -1 51 47 49 -1 205 206 149 -1 12 207 172 -1 175 178 208 -1 178 116 208 -1 173 175 209 -1 175 208 209 -1 210 174 176 -1 211 212 131 -1 211 213 212 -1 169 10 167 -1 169 11 10 -1 113 173 209 -1 113 165 173 -1 213 162 120 -1 213 211 162 -1 164 120 162 -1 164 118 120 -1 112 111 155 -1 111 159 155 -1 214 124 215 -1 214 122 124 -1 45 50 46 -1 55 101 56 -1 56 73 54 -1 27 3 100 -1 218 137 145 -1 128 149 206 -1 49 48 50 -1 219 49 50 -1 120 117 171 -1 171 213 120 -1 220 123 122 -1 220 88 123 -1 89 91 221 -1 91 84 221 -1 222 164 161 -1 222 215 164 -1 223 224 116 -1 216 28 225 -1 54 109 108 -1 54 74 109 -1 8 226 5 -1 8 107 226 -1 104 157 105 -1 227 203 90 -1 227 100 203 -1 110 77 76 -1 93 72 228 -1 72 229 228 -1 75 62 54 -1 96 99 97 -1 203 230 202 -1 87 86 95 -1 95 92 87 -1 91 202 220 -1 231 27 100 -1 193 76 77 -1 199 5 4 -1 199 7 5 -1 23 101 42 -1 33 232 57 -1 69 43 34 -1 43 63 34 -1 61 41 24 -1 56 101 71 -1 54 62 24 -1 231 90 89 -1 231 227 90 -1 25 221 82 -1 25 80 221 -1 233 78 39 -1 63 64 34 -1 38 53 39 -1 37 36 44 -1 38 39 40 -1 29 1 30 -1 1 60 30 -1 11 14 9 -1 11 12 14 -1 187 19 21 -1 188 189 190 -1 197 8 7 -1 197 108 8 -1 4 234 199 -1 4 22 234 -1 2 1 26 -1 38 27 53 -1 197 54 108 -1 197 75 54 -1 185 21 235 -1 185 187 21 -1 125 158 160 -1 236 158 125 -1 237 238 156 -1 239 238 237 -1 240 188 186 -1 240 189 188 -1 241 242 243 -1 241 244 242 -1 12 170 13 -1 55 24 101 -1 32 31 35 -1 27 231 80 -1 80 89 221 -1 80 231 89 -1 246 149 0 -1 247 33 32 -1 63 195 64 -1 63 43 40 -1 68 69 194 -1 69 191 99 -1 101 23 102 -1 198 234 248 -1 199 234 198 -1 38 3 27 -1 227 231 100 -1 230 86 202 -1 86 230 95 -1 228 92 93 -1 100 230 203 -1 249 191 70 -1 99 23 97 -1 99 71 23 -1 71 44 217 -1 36 110 98 -1 148 69 68 -1 148 70 191 -1 250 64 195 -1 64 250 34 -1 226 6 5 -1 226 146 6 -1 53 233 39 -1 112 136 114 -1 112 139 136 -1 115 204 223 -1 251 252 168 -1 252 251 224 -1 163 253 161 -1 253 163 254 -1 255 256 257 -1 256 255 258 -1 259 201 2 -1 201 259 260 -1 84 220 85 -1 84 91 220 -1 212 171 172 -1 212 213 171 -1 261 237 236 -1 237 261 151 -1 239 262 238 -1 262 239 235 -1 19 234 22 -1 52 234 19 -1 248 61 62 -1 263 168 167 -1 263 251 168 -1 49 219 182 -1 115 49 184 -1 264 51 115 -1 0 51 264 -1 46 47 0 -1 182 127 115 -1 182 265 127 -1 204 224 223 -1 224 204 252 -1 210 128 206 -1 129 128 210 -1 47 48 49 -1 214 257 85 -1 214 255 257 -1 266 154 258 -1 154 266 153 -1 133 145 144 -1 133 218 145 -1 76 192 98 -1 192 76 28 -1 133 66 65 -1 133 135 66 -1 44 56 217 -1 267 268 269 -1 267 134 268 -1 35 37 68 -1 81 26 1 -1 81 27 26 -1 43 96 40 -1 99 96 43 -1 137 157 104 -1 157 137 139 -1 215 118 164 -1 215 124 118 -1 136 166 114 -1 136 153 166 -1 117 244 241 -1 117 119 244 -1 241 171 117 -1 170 171 241 -1 211 163 162 -1 163 211 270 -1 165 176 173 -1 165 254 176 -1 270 131 129 -1 270 211 131 -1 127 168 252 -1 169 168 127 -1 127 11 169 -1 271 172 207 -1 212 172 271 -1 175 205 178 -1 175 174 205 -1 272 12 265 -1 12 272 207 -1 177 183 181 -1 177 271 183 -1 272 265 182 -1 149 0 116 -1 149 246 0 -1 180 182 219 -1 45 0 149 -1 0 45 150 -1 0 264 115 -1 273 256 274 -1 256 273 260 -1 218 65 275 -1 218 133 65 -1 85 259 83 -1 85 257 259 -1 65 276 273 -1 67 276 65 -1 4 20 22 -1 6 20 4 -1 83 2 82 -1 83 259 2 -1 1 29 81 -1 67 58 276 -1 58 67 200 -1 142 28 200 -1 142 141 28 -1 147 267 269 -1 229 92 228 -1 190 92 229 -1 95 230 100 -1 107 147 269 -1 109 147 107 -1 81 216 53 -1 81 28 216 -1 191 69 148 -1 99 43 69 -1 232 225 193 -1 233 33 78 -1 33 233 225 -1 33 79 78 -1 33 195 79 -1 250 247 32 -1 34 250 32 -1 250 195 247 -1 195 33 247 -1 28 193 225 -1 232 33 225 -1 232 77 57 -1 232 193 77 -1 36 77 110 -1 35 68 245 -1 194 245 68 -1 245 194 34 -1 37 70 68 -1 70 37 196 -1 97 23 38 -1 27 81 53 -1 147 192 140 -1 229 72 19 -1 100 93 95 -1 95 94 92 -1 226 269 268 -1 226 107 269 -1 143 134 267 -1 135 134 143 -1 146 268 144 -1 146 226 268 -1 260 276 201 -1 260 273 276 -1 87 240 88 -1 87 189 240 -1 262 6 103 -1 20 6 262 -1 65 274 275 -1 274 65 273 -1 240 123 88 -1 123 240 15 -1 103 238 262 -1 105 238 103 -1 154 275 274 -1 154 138 275 -1 51 49 115 -1 149 219 50 -1 149 180 219 -1 184 182 115 -1 49 182 184 -1 204 115 127 -1 183 272 182 -1 179 182 180 -1 179 181 182 -1 130 181 179 -1 130 177 181 -1 271 272 183 -1 271 207 272 -1 149 178 205 -1 174 206 205 -1 174 210 206 -1 131 271 177 -1 131 212 271 -1 254 270 176 -1 254 163 270 -1 126 13 243 -1 14 13 126 -1 167 111 263 -1 159 111 167 -1 254 166 253 -1 254 165 166 -1 243 261 126 -1 243 242 261 -1 266 161 253 -1 266 222 161 -1 119 17 244 -1 121 17 119 -1 155 139 112 -1 157 139 155 -1 156 105 157 -1 156 238 105 -1 242 151 261 -1 16 151 242 -1 122 85 220 -1 214 85 122 -1 150 46 0 -1 3 132 100 -1 56 71 217 -1 44 249 196 -1 140 267 147 -1 140 143 267 -1 38 23 3 -1 57 77 37 -1 134 144 268 -1 134 133 144 -1 142 135 143 -1 135 142 66 -1 140 28 141 -1 140 192 28 -1 258 274 256 -1 274 258 154 -1 137 275 138 -1 218 275 137 -1 215 255 214 -1 215 222 255 -1 88 202 86 -1 202 88 220 -1 129 176 270 -1 129 210 176 -1 116 115 223 -1 127 265 12 -1 51 0 47 -1 224 208 116 -1 251 208 224 -1 248 52 61 -1 248 234 52 -1 20 235 21 -1 235 20 262 -1 151 239 237 -1 239 151 152 -1 236 126 261 -1 236 125 126 -1 124 119 118 -1 119 124 121 -1 260 257 256 -1 259 257 260 -1 222 258 255 -1 258 222 266 -1 204 127 252 -1 153 253 166 -1 266 253 153 -1 263 113 209 -1 263 111 113 -1 209 251 263 -1 209 208 251 -1 103 146 106 -1 6 146 103 -1 70 196 249 -1 101 24 42 -1 132 41 93 -1 132 42 41 -1 84 82 221 -1 84 83 82 -1 201 58 60 -1 201 276 58 -1 42 132 23 -1 233 53 216 -1 98 147 74 -1 44 74 73 -1 74 44 36 -1 198 62 75 -1 198 248 62 -1 19 190 229 -1 44 191 249 -1 35 245 34 -1 34 32 35 -1 216 225 233 -1 243 170 241 -1 13 170 243 -1 244 16 242 -1 244 17 16 -1 186 15 240 -1 18 15 186 -1 236 156 158 -1 237 156 236 -1 160 9 125 -1 160 10 9 -1 152 235 239 -1 152 185 235 -1 3 23 132 -1" creaseAngle="1.57">
                    <Coordinate point="0.2095 0.8358 0.0471 0.2169 1.0368 -0.0434 0.2181 1.0265 -0.0375 0.2210 1.0550 -0.0410 0.2017 1.0296 -0.0291 0.2012 1.0292 -0.0300 0.2039 1.0142 -0.0255 0.1989 1.0412 -0.0313 0.1986 1.0410 -0.0322 0.2065 0.8768 0.0349 0.2058 0.8765 0.0342 0.2069 0.8639 0.0420 0.2088 0.8624 0.0453 0.2090 0.8777 0.0373 0.2082 0.8773 0.0363 0.2166 0.9871 -0.0084 0.2147 0.9541 0.0055 0.2153 0.9542 0.0057 0.2160 0.9871 -0.0085 0.2071 1.0358 -0.0263 0.2055 1.0149 -0.0239 0.2076 1.0151 -0.0232 0.2033 1.0307 -0.0276 0.2157 1.0656 -0.0360 0.2046 1.0714 -0.0262 0.2187 1.0402 -0.0389 0.2182 1.0403 -0.0403 0.2183 1.0518 -0.0446 0.2108 1.0516 -0.0546 0.2152 1.0501 -0.0519 0.2129 1.0503 -0.0539 0.2063 1.0861 -0.0567 0.2100 1.0846 -0.0575 0.2130 1.0765 -0.0619 0.2128 1.0899 -0.0499 0.2044 1.0887 -0.0542 0.1996 1.0690 -0.0509 0.2004 1.0786 -0.0575 0.2184 1.0644 -0.0472 0.2191 1.0700 -0.0544 0.2211 1.0734 -0.0511 0.2132 1.0623 -0.0277 0.2120 1.0656 -0.0284 0.2207 1.0820 -0.0464 0.2012 1.0708 -0.0494 0.2171 0.8306 0.0501 0.2170 0.8308 0.0498 0.2106 0.8377 0.0541 0.2123 0.8377 0.0534 0.2174 0.8394 0.0571 0.2172 0.8322 0.0500 0.2066 0.8385 0.0567 0.2059 1.0425 -0.0286 0.2172 1.0604 -0.0516 0.1957 1.0685 -0.0315 0.1964 1.0691 -0.0314 0.1996 1.0684 -0.0354 0.2049 1.0727 -0.0608 0.2130 1.0347 -0.0483 0.2125 1.0472 -0.0532 0.2146 1.0355 -0.0469 0.2075 1.0590 -0.0293 0.2008 1.0645 -0.0303 0.2182 1.0862 -0.0524 0.2154 1.0863 -0.0543 0.2110 1.0099 -0.0375 0.2098 1.0237 -0.0437 0.2109 1.0234 -0.0445 0.2044 1.0908 -0.0485 0.2146 1.0857 -0.0428 0.2030 1.0852 -0.0504 0.2068 1.0699 -0.0385 0.2145 1.0566 -0.0307 0.1952 1.0673 -0.0381 0.1960 1.0619 -0.0409 0.1957 1.0680 -0.0315 0.2062 1.0567 -0.0553 0.2030 1.0670 -0.0572 0.2217 1.0768 -0.0575 0.2182 1.0824 -0.0561 0.2192 1.0413 -0.0375 0.2173 1.0503 -0.0465 0.2186 1.0296 -0.0349 0.2196 1.0136 -0.0276 0.2198 1.0142 -0.0267 0.2205 1.0001 -0.0202 0.2181 1.0162 -0.0223 0.2173 1.0163 -0.0216 0.2194 1.0022 -0.0159 0.2196 1.0326 -0.0322 0.2192 1.0332 -0.0313 0.2198 1.0155 -0.0243 0.2146 1.0366 -0.0259 0.2166 1.0547 -0.0317 0.2153 1.0392 -0.0292 0.2154 1.0361 -0.0289 0.2182 1.0723 -0.0468 0.2148 1.0686 -0.0426 0.2021 1.0613 -0.0490 0.2109 1.0747 -0.0444 0.2177 1.0450 -0.0336 0.2079 1.0710 -0.0296 0.2074 1.0713 -0.0297 0.2054 0.9991 -0.0206 0.2058 0.9842 -0.0158 0.2055 0.9848 -0.0145 0.2051 0.9983 -0.0219 0.1986 1.0401 -0.0343 0.1966 1.0511 -0.0341 0.1969 1.0504 -0.0364 0.2024 1.0645 -0.0532 0.2043 0.8912 0.0209 0.2047 0.9213 0.0070 0.2063 0.8905 0.0190 0.2078 0.9202 0.0054 0.2049 0.8433 0.0532 0.2092 0.8469 0.0418 0.2136 0.8958 0.0297 0.2167 0.9272 0.0163 0.2158 0.9275 0.0170 0.2142 0.8956 0.0291 0.2178 0.9543 0.0064 0.2210 0.9868 -0.0092 0.2200 0.9870 -0.0086 0.2193 0.9540 0.0057 0.2048 0.8935 0.0266 0.2076 0.8944 0.0276 0.2071 0.8536 0.0481 0.2181 0.8556 0.0425 0.2182 0.8633 0.0387 0.2181 0.8573 0.0457 0.2173 0.8651 0.0420 0.2178 1.0574 -0.0355 0.2062 1.0115 -0.0328 0.2041 1.0256 -0.0370 0.2063 1.0250 -0.0392 0.2097 0.9502 -0.0077 0.2065 0.9830 -0.0185 0.2112 0.9807 -0.0225 0.2060 0.9508 -0.0053 0.2053 1.0468 -0.0473 0.2085 1.0501 -0.0542 0.2093 1.0350 -0.0480 0.2062 1.0365 -0.0439 0.2044 1.0120 -0.0304 0.2054 0.9967 -0.0243 0.2033 1.0133 -0.0272 0.2004 1.0498 -0.0416 0.2078 1.0876 -0.0460 0.2152 0.8443 0.0433 0.2170 0.8316 0.0488 0.2116 0.9544 0.0020 0.2124 0.9863 -0.0108 0.2134 0.9500 -0.0084 0.2149 0.9808 -0.0221 0.2033 0.9232 0.0098 0.2068 0.9528 -0.0006 0.2048 0.9519 -0.0024 0.2045 0.9243 0.0113 0.2036 0.8924 0.0236 0.2041 0.8931 0.0260 0.2167 0.9237 0.0099 0.2152 0.8948 0.0273 0.2163 0.8931 0.0235 0.2169 0.9259 0.0138 0.2108 0.8912 0.0186 0.2115 0.9205 0.0044 0.2047 0.8757 0.0319 0.2064 0.8620 0.0379 0.2065 0.8631 0.0402 0.2096 0.8779 0.0376 0.2122 0.8781 0.0379 0.2107 0.8654 0.0439 0.2114 0.8715 0.0281 0.2156 0.8610 0.0349 0.2117 0.8595 0.0340 0.2148 0.8727 0.0298 0.2175 0.8578 0.0467 0.2118 0.8508 0.0384 0.2187 0.8495 0.0501 0.2194 0.8443 0.0498 0.2173 0.8510 0.0522 0.2147 0.8451 0.0588 0.2154 0.8521 0.0532 0.2091 0.8454 0.0598 0.2111 1.0008 -0.0174 0.2148 1.0016 -0.0159 0.2096 1.0154 -0.0225 0.2132 1.0159 -0.0216 0.2139 1.0160 -0.0215 0.2105 1.0332 -0.0259 0.2077 1.0789 -0.0465 0.2047 1.0512 -0.0485 0.2079 1.0613 -0.0583 0.2059 1.0913 -0.0466 0.2170 1.0837 -0.0560 0.2006 1.0785 -0.0516 0.1968 1.0515 -0.0329 0.1986 1.0522 -0.0324 0.2000 1.0415 -0.0306 0.2104 1.0345 -0.0492 0.2153 1.0243 -0.0421 0.2188 1.0159 -0.0232 0.2169 1.0330 -0.0308 0.2051 0.8455 0.0541 0.2158 0.8529 0.0390 0.2166 0.8538 0.0402 0.2110 0.8581 0.0485 0.2086 0.8603 0.0350 0.2076 0.8724 0.0285 0.2163 0.8616 0.0360 0.2159 0.8773 0.0360 0.2147 0.8655 0.0435 0.2142 0.8781 0.0377 0.2208 0.9853 -0.0126 0.2197 0.9527 0.0032 0.2159 1.0592 -0.0546 0.2036 1.0707 -0.0445 0.2067 0.9964 -0.0258 0.2205 0.8404 0.0542 0.2204 1.0018 -0.0169 0.2190 1.0317 -0.0333 0.2186 0.9522 -0.0023 0.2070 0.8466 0.0461 0.2086 0.8496 0.0416 0.2152 1.0674 -0.0599 0.2007 1.0278 -0.0311 0.2186 1.0448 -0.0344 0.2134 1.0434 -0.0264 0.2100 1.0430 -0.0268 0.2158 1.0361 -0.0296 0.2196 1.0445 -0.0351 0.2093 1.0708 -0.0617 0.2172 1.0680 -0.0578 0.2029 1.0420 -0.0299 0.2084 1.0002 -0.0184 0.2053 0.9248 0.0119 0.2076 0.9531 -0.0001 0.2077 0.9854 -0.0128 0.2087 0.9856 -0.0123 0.2155 1.0017 -0.0158 0.2101 0.8955 0.0295 0.2120 0.9272 0.0162 0.2094 0.8953 0.0293 0.2126 0.9273 0.0165 0.2064 1.0913 -0.0488 0.2151 0.8386 0.0439 0.2129 1.0834 -0.0578 0.2023 1.0537 -0.0320 0.2036 1.0775 -0.0493 0.2146 1.0843 -0.0566 0.2071 0.8610 0.0363 0.2073 0.8534 0.0436 0.2134 0.9212 0.0055 0.2135 0.8915 0.0198 0.2198 0.9837 -0.0161 0.2169 0.9964 -0.0277 0.2197 0.9985 -0.0234 0.2168 0.9815 -0.0204 0.2190 1.0120 -0.0305 0.2163 1.0103 -0.0349 0.2089 0.9260 0.0139 0.2077 1.0001 -0.0186 0.2055 0.8737 0.0298 0.2044 0.8382 0.0507 0.2083 0.8514 0.0529 0.2155 0.9505 -0.0067 0.2031 1.0381 -0.0402 0.2021 1.0263 -0.0347 0.2000 1.0393 -0.0372 0.2174 0.8752 0.0327 0.2151 0.8583 0.0484 0.2114 0.8521 0.0538 0.2142 1.0098 -0.0369 0.2146 0.9953 -0.0294 0.2113 0.9947 -0.0298 0.2135 1.0234 -0.0438" />
                  </IndexedFaceSet>
                </Shape>
              </Transform>
            </HAnimSegment>
            <HAnimJoint DEF="Joe_l_wrist" center="0.23 0.85 -0" name="l_wrist">
              <HAnimSegment DEF="Joe_l_hand" name="l_hand">
                <Transform DEF="LeftHandSkeletonParts">
                  </Transform>
              </HAnimSegment>
            <HAnimJoint DEF="Joe_l_distal_interphalangeal_4" name="l_distal_interphalangeal_4">
<HAnimSegment DEF="Joe_l_distal_phalanx_4" name="l_distal_phalanx_4">
<TouchSensor description="l_distal_phalanx_4">
</TouchSensor>
<Shape>
                    <Appearance USE="Bone" />
                    <IndexedFaceSet coordIndex="2 3 4 -1 6 7 5 -1 25 26 22 -1 29 28 31 -1 12 38 16 -1 2 40 41 -1 42 30 31 -1 43 28 29 -1 42 44 35 -1 35 19 45 -1 27 22 39 -1 47 46 48 -1 18 23 49 -1 35 44 51 -1 22 25 53 -1 31 55 54 -1 31 30 29 -1 56 46 19 -1 22 57 58 -1 59 60 14 -1 18 62 63 -1 17 12 16 -1 64 8 12 -1 5 13 14 -1 15 0 3 -1 66 65 14 -1 67 0 2 -1 68 2 69 -1 40 57 26 -1 40 1 57 -1 69 41 70 -1 70 68 69 -1 71 6 70 -1 6 5 70 -1 72 9 13 -1 36 11 6 -1 11 7 6 -1 73 74 32 -1 21 18 20 -1 1 58 57 -1 1 49 58 -1 48 46 75 -1 12 76 47 -1 38 12 47 -1 10 9 72 -1 72 11 10 -1 56 75 46 -1 12 9 10 -1 10 76 12 -1 75 56 39 -1 75 39 37 -1 37 39 58 -1 36 28 43 -1 11 72 7 -1 74 73 6 -1 70 65 66 -1 68 66 3 -1 68 70 66 -1 41 71 70 -1 41 40 26 -1 2 41 69 -1 3 2 68 -1 20 0 62 -1 70 5 65 -1 13 9 8 -1 8 9 12 -1 13 8 64 -1 62 15 63 -1 19 27 39 -1 35 45 42 -1 50 52 35 -1 52 22 27 -1 58 39 22 -1 30 19 46 -1 31 44 42 -1 39 56 19 -1 14 61 15 -1 14 80 61 -1 13 59 14 -1 35 81 50 -1 57 22 26 -1 32 36 34 -1 32 28 36 -1 51 78 35 -1 0 15 62 -1 34 73 32 -1 3 0 4 -1 1 2 0 -1 18 24 23 -1 75 23 24 -1 19 79 82 -1 19 35 79 -1 67 4 0 -1 28 83 55 -1 54 78 51 -1 78 54 83 -1 36 6 73 -1 50 81 25 -1 17 13 64 -1 17 59 13 -1 60 61 80 -1 60 18 61 -1 16 38 24 -1 1 0 49 -1 27 35 52 -1 27 79 35 -1 81 35 78 -1 52 25 22 -1 50 25 52 -1 81 84 25 -1 42 45 30 -1 33 85 32 -1 33 84 85 -1 85 78 83 -1 82 27 19 -1 60 17 18 -1 32 41 33 -1 77 43 10 -1 36 43 77 -1 75 37 23 -1 24 48 75 -1 46 47 29 -1 76 10 47 -1 29 47 43 -1 77 11 36 -1 77 10 11 -1 10 43 47 -1 38 47 48 -1 48 24 38 -1 20 49 0 -1 49 20 18 -1 7 13 5 -1 7 72 13 -1 71 74 6 -1 71 32 74 -1 41 32 71 -1 20 62 21 -1 15 66 14 -1 3 66 15 -1 14 65 5 -1 59 17 60 -1 60 80 14 -1 29 30 46 -1 28 55 31 -1 83 32 85 -1 84 33 25 -1 25 22 53 -1 45 19 30 -1 44 54 51 -1 44 31 54 -1 84 78 85 -1 81 78 84 -1 82 79 27 -1 37 49 23 -1 37 58 49 -1 40 2 1 -1 24 18 16 -1 21 62 18 -1 61 63 15 -1 61 18 63 -1 12 17 64 -1 26 33 41 -1 33 26 25 -1 83 28 32 -1 54 55 83 -1 2 4 67 -1 36 73 34 -1 16 18 17 -1" creaseAngle="1.57">
                      <Coordinate point="0.2195 0.8311 0.0799 0.2191 0.8355 0.0762 0.2166 0.8338 0.0799 0.2170 0.8302 0.0856 0.2168 0.8314 0.0859 0.2089 0.8270 0.0825 0.2058 0.8313 0.0821 0.2050 0.8271 0.0825 0.2037 0.8207 0.0770 0.2031 0.8209 0.0771 0.2010 0.8253 0.0753 0.2028 0.8276 0.0793 0.2079 0.8232 0.0724 0.2104 0.8231 0.0786 0.2137 0.8253 0.0832 0.2188 0.8268 0.0834 0.2131 0.8257 0.0731 0.2130 0.8231 0.0737 0.2178 0.8265 0.0746 0.2085 0.8419 0.0684 0.2209 0.8311 0.0753 0.2227 0.8262 0.0751 0.2160 0.8428 0.0733 0.2141 0.8306 0.0731 0.2132 0.8297 0.0730 0.2128 0.8441 0.0787 0.2150 0.8386 0.0785 0.2122 0.8433 0.0695 0.2023 0.8357 0.0761 0.2024 0.8364 0.0733 0.2038 0.8412 0.0700 0.2018 0.8405 0.0725 0.2062 0.8370 0.0811 0.2080 0.8380 0.0816 0.2049 0.8347 0.0803 0.2067 0.8468 0.0727 0.2034 0.8314 0.0774 0.2144 0.8324 0.0734 0.2099 0.8265 0.0719 0.2116 0.8385 0.0714 0.2154 0.8375 0.0783 0.2123 0.8361 0.0810 0.2033 0.8446 0.0718 0.2013 0.8315 0.0731 0.2027 0.8447 0.0733 0.2049 0.8445 0.0696 0.2072 0.8370 0.0695 0.2056 0.8299 0.0712 0.2088 0.8286 0.0711 0.2175 0.8331 0.0751 0.2115 0.8464 0.0768 0.2029 0.8439 0.0761 0.2122 0.8459 0.0719 0.2147 0.8433 0.0780 0.2030 0.8431 0.0771 0.2013 0.8396 0.0762 0.2084 0.8379 0.0697 0.2176 0.8382 0.0750 0.2160 0.8358 0.0746 0.2118 0.8231 0.0775 0.2142 0.8240 0.0775 0.2173 0.8258 0.0811 0.2226 0.8261 0.0799 0.2201 0.8256 0.0798 0.2093 0.8211 0.0758 0.2116 0.8272 0.0846 0.2138 0.8286 0.0866 0.2172 0.8312 0.0831 0.2146 0.8328 0.0857 0.2133 0.8339 0.0839 0.2115 0.8312 0.0854 0.2098 0.8335 0.0821 0.2036 0.8243 0.0804 0.2050 0.8338 0.0804 0.2069 0.8346 0.0823 0.2108 0.8329 0.0716 0.2040 0.8254 0.0728 0.2023 0.8288 0.0758 0.2038 0.8441 0.0771 0.2071 0.8470 0.0731 0.2150 0.8250 0.0804 0.2106 0.8461 0.0776 0.2093 0.8446 0.0684 0.2039 0.8412 0.0791 0.2089 0.8432 0.0808 0.2045 0.8417 0.0794" />
                    </IndexedFaceSet>
                  </Shape>
                  <Shape>
                    <Appearance USE="Bone" />
                    <IndexedFaceSet coordIndex="3 4 5 -1 9 20 18 -1 21 22 23 -1 29 30 31 -1 32 24 35 -1 33 35 36 -1 38 39 0 -1 36 40 37 -1 41 5 4 -1 42 43 6 -1 44 37 3 -1 45 24 32 -1 47 10 29 -1 10 48 29 -1 9 18 19 -1 50 52 11 -1 0 39 53 -1 55 56 57 -1 56 58 57 -1 30 29 48 -1 23 59 60 -1 55 64 56 -1 9 67 15 -1 46 12 15 -1 12 10 68 -1 69 16 1 -1 69 7 70 -1 70 71 69 -1 73 17 69 -1 69 71 73 -1 15 20 9 -1 75 76 74 -1 77 78 79 -1 80 81 82 -1 80 83 81 -1 82 84 85 -1 82 36 35 -1 0 37 86 -1 60 53 39 -1 39 38 60 -1 59 34 42 -1 60 59 53 -1 26 27 24 -1 25 35 24 -1 45 32 87 -1 3 37 4 -1 5 41 87 -1 89 28 87 -1 87 28 45 -1 87 32 44 -1 22 35 25 -1 22 90 35 -1 34 59 91 -1 6 43 41 -1 6 53 42 -1 86 40 36 -1 86 37 40 -1 82 90 84 -1 82 81 36 -1 85 80 82 -1 56 92 54 -1 74 49 75 -1 13 2 14 -1 18 49 16 -1 16 69 17 -1 11 71 70 -1 70 7 11 -1 94 73 71 -1 10 47 95 -1 96 97 98 -1 96 78 97 -1 57 63 47 -1 92 100 61 -1 100 99 61 -1 101 66 72 -1 72 73 101 -1 61 77 23 -1 55 57 47 -1 86 38 0 -1 0 53 6 -1 76 15 74 -1 102 103 83 -1 88 43 34 -1 24 45 28 -1 44 32 37 -1 90 82 35 -1 33 36 37 -1 37 0 4 -1 28 26 24 -1 27 91 59 -1 21 23 77 -1 19 16 17 -1 72 104 17 -1 11 7 8 -1 1 2 8 -1 58 63 57 -1 58 62 63 -1 105 54 81 -1 68 10 95 -1 19 17 104 -1 16 19 18 -1 72 17 73 -1 34 26 28 -1 22 27 23 -1 43 88 41 -1 51 103 102 -1 51 63 103 -1 48 10 30 -1 72 66 30 -1 102 85 96 -1 85 102 80 -1 86 54 38 -1 61 78 77 -1 61 99 78 -1 101 65 66 -1 101 107 65 -1 23 92 61 -1 23 106 92 -1 99 108 65 -1 99 100 108 -1 30 66 31 -1 108 29 31 -1 64 29 108 -1 78 107 97 -1 97 52 98 -1 97 94 52 -1 109 63 51 -1 47 63 109 -1 98 50 51 -1 98 52 50 -1 50 11 93 -1 11 94 71 -1 52 94 11 -1 101 73 94 -1 30 46 9 -1 30 10 46 -1 95 8 68 -1 8 95 93 -1 93 11 8 -1 19 104 9 -1 76 75 49 -1 2 15 14 -1 15 2 74 -1 63 62 103 -1 92 56 100 -1 83 105 81 -1 21 79 22 -1 79 21 77 -1 84 90 22 -1 81 86 36 -1 0 6 4 -1 42 53 59 -1 27 25 24 -1 3 87 44 -1 34 89 88 -1 87 3 5 -1 89 87 88 -1 34 28 89 -1 87 41 88 -1 26 91 27 -1 26 34 91 -1 106 23 60 -1 34 43 42 -1 54 60 38 -1 54 106 60 -1 22 85 84 -1 85 22 79 -1 54 92 106 -1 79 96 85 -1 96 79 78 -1 102 83 80 -1 62 105 83 -1 16 49 74 -1 20 15 76 -1 1 16 74 -1 104 30 9 -1 30 104 72 -1 7 69 1 -1 2 13 12 -1 9 46 67 -1 109 93 95 -1 109 50 93 -1 96 51 102 -1 96 98 51 -1 94 107 101 -1 94 97 107 -1 64 100 56 -1 100 64 108 -1 31 65 108 -1 66 65 31 -1 99 107 78 -1 107 99 65 -1 29 55 47 -1 29 64 55 -1 54 58 56 -1 51 50 109 -1 83 103 62 -1 10 12 46 -1 4 6 41 -1 27 22 25 -1 32 35 33 -1 59 23 27 -1 37 32 33 -1 49 20 76 -1 20 49 18 -1 67 46 15 -1 12 14 15 -1 13 14 12 -1 68 2 12 -1 2 68 8 -1 109 95 47 -1 86 81 54 -1 62 54 105 -1 58 54 62 -1 1 74 2 -1 8 7 1 -1" creaseAngle="1.571">
                      <Coordinate point="0.2108 0.8202 0.0938 0.1983 0.7755 0.1180 0.2026 0.7726 0.1187 0.2060 0.8256 0.0940 0.2105 0.8254 0.0934 0.2086 0.8253 0.0910 0.2118 0.8242 0.0895 0.2001 0.7805 0.1188 0.2032 0.7773 0.1187 0.2007 0.7739 0.1088 0.2091 0.7773 0.1103 0.2020 0.7836 0.1185 0.2079 0.7738 0.1146 0.2058 0.7717 0.1175 0.2035 0.7697 0.1171 0.2026 0.7694 0.1142 0.1939 0.7758 0.1169 0.1949 0.7795 0.1129 0.1956 0.7725 0.1114 0.1959 0.7740 0.1114 0.1989 0.7708 0.1096 0.2009 0.8120 0.0952 0.2005 0.8131 0.0949 0.2025 0.8120 0.0926 0.1993 0.8225 0.0912 0.1989 0.8171 0.0916 0.2008 0.8205 0.0872 0.2003 0.8159 0.0888 0.2017 0.8212 0.0873 0.2061 0.7868 0.1069 0.2033 0.7799 0.1077 0.2022 0.7869 0.1057 0.2007 0.8267 0.0939 0.2028 0.8257 0.0972 0.2036 0.8185 0.0836 0.1994 0.8224 0.0971 0.2049 0.8203 0.0998 0.2092 0.8245 0.0961 0.2089 0.8159 0.0950 0.2090 0.8172 0.0921 0.2073 0.8219 0.0983 0.2079 0.8244 0.0853 0.2084 0.8207 0.0841 0.2075 0.8227 0.0837 0.2016 0.8271 0.0945 0.2002 0.8236 0.0903 0.2067 0.7737 0.1113 0.2087 0.7864 0.1091 0.2074 0.7808 0.1089 0.1949 0.7719 0.1138 0.2042 0.7883 0.1150 0.2055 0.7953 0.1106 0.2027 0.7888 0.1150 0.2089 0.8184 0.0893 0.2082 0.8103 0.0984 0.2085 0.7936 0.1061 0.2073 0.8014 0.1019 0.2085 0.7938 0.1065 0.2081 0.8022 0.1031 0.2057 0.8149 0.0870 0.2059 0.8133 0.0911 0.2032 0.8071 0.0964 0.2077 0.8026 0.1040 0.2083 0.7941 0.1070 0.2062 0.7934 0.1048 0.2023 0.7934 0.1039 0.2013 0.7871 0.1064 0.2030 0.7715 0.1116 0.2072 0.7771 0.1153 0.1960 0.7804 0.1158 0.1982 0.7822 0.1164 0.1978 0.7834 0.1132 0.1984 0.7824 0.1095 0.1979 0.7831 0.1118 0.1985 0.7695 0.1177 0.1971 0.7682 0.1153 0.1991 0.7678 0.1139 0.2021 0.8075 0.0975 0.2022 0.8005 0.1024 0.2015 0.8103 0.0969 0.2051 0.8109 0.1037 0.2063 0.8161 0.1003 0.2034 0.8162 0.1009 0.2062 0.8103 0.1024 0.2021 0.8155 0.1002 0.2036 0.8105 0.1034 0.2087 0.8169 0.0969 0.2047 0.8242 0.0902 0.2072 0.8234 0.0845 0.2042 0.8217 0.0850 0.2024 0.8169 0.1000 0.2024 0.8170 0.0860 0.2053 0.8074 0.0965 0.2052 0.7828 0.1164 0.2004 0.7884 0.1102 0.2078 0.7816 0.1133 0.2041 0.8030 0.1074 0.2013 0.7943 0.1072 0.2039 0.7955 0.1110 0.2030 0.8000 0.1006 0.2037 0.7999 0.1000 0.2003 0.7874 0.1071 0.2058 0.8033 0.1067 0.2068 0.8032 0.1057 0.1981 0.7785 0.1099 0.2072 0.8098 0.1012 0.2053 0.8104 0.0943 0.2014 0.7934 0.1045 0.2032 0.7934 0.1034 0.2069 0.7872 0.1125" />
                    </IndexedFaceSet>
                  </Shape>
                  <Shape>
                    <Appearance USE="Bone" />
                    <IndexedFaceSet coordIndex="0 1 2 -1 16 12 17 -1 19 20 18 -1 19 18 22 -1 18 0 21 -1 30 32 13 -1 31 24 29 -1 35 36 37 -1 35 38 36 -1 3 40 4 -1 43 44 45 -1 47 48 10 -1 39 12 40 -1 34 9 12 -1 25 11 46 -1 9 11 26 -1 46 53 25 -1 9 54 11 -1 9 34 54 -1 8 57 58 -1 50 8 7 -1 59 60 61 -1 61 62 59 -1 1 0 63 -1 63 64 20 -1 30 5 22 -1 31 67 68 -1 67 13 68 -1 69 68 33 -1 33 31 69 -1 70 71 72 -1 75 15 14 -1 31 33 24 -1 67 31 30 -1 63 0 64 -1 59 78 23 -1 59 62 79 -1 61 33 15 -1 81 82 80 -1 83 8 50 -1 26 11 25 -1 52 12 9 -1 51 41 35 -1 41 16 35 -1 41 40 84 -1 41 4 40 -1 4 51 50 -1 4 41 51 -1 85 86 77 -1 77 78 85 -1 66 32 30 -1 28 27 76 -1 18 64 0 -1 2 32 21 -1 88 36 87 -1 57 8 89 -1 56 73 90 -1 73 91 90 -1 22 18 21 -1 75 14 61 -1 61 15 75 -1 93 57 94 -1 93 58 57 -1 6 53 46 -1 63 20 80 -1 95 20 19 -1 95 96 20 -1 59 24 97 -1 59 23 24 -1 31 29 5 -1 47 11 48 -1 12 10 98 -1 41 12 16 -1 66 21 32 -1 21 66 22 -1 97 24 99 -1 88 100 101 -1 88 102 100 -1 103 90 91 -1 90 103 104 -1 70 89 105 -1 89 70 57 -1 106 102 44 -1 100 102 106 -1 107 44 108 -1 106 44 107 -1 71 105 81 -1 71 70 105 -1 36 101 56 -1 88 101 36 -1 85 59 109 -1 43 108 44 -1 1 74 110 -1 20 64 18 -1 2 21 0 -1 76 27 24 -1 61 60 33 -1 13 92 14 -1 48 54 98 -1 112 43 45 -1 17 113 87 -1 17 114 113 -1 9 115 52 -1 115 9 112 -1 3 116 40 -1 83 35 37 -1 83 50 35 -1 66 30 22 -1 19 117 95 -1 118 86 85 -1 118 72 86 -1 41 84 12 -1 39 116 10 -1 119 10 116 -1 10 48 98 -1 12 84 40 -1 17 115 114 -1 53 120 25 -1 53 121 120 -1 11 54 48 -1 53 6 121 -1 122 6 3 -1 122 55 6 -1 100 123 124 -1 106 123 100 -1 104 37 90 -1 37 104 83 -1 93 94 125 -1 44 113 45 -1 44 102 113 -1 87 36 38 -1 93 125 121 -1 121 125 120 -1 92 32 2 -1 63 74 1 -1 63 126 74 -1 1 128 127 -1 14 129 61 -1 14 92 129 -1 128 62 127 -1 62 128 79 -1 109 59 79 -1 99 24 33 -1 85 78 59 -1 28 71 111 -1 28 76 77 -1 117 29 27 -1 29 117 130 -1 111 80 20 -1 13 67 30 -1 131 132 124 -1 132 131 110 -1 73 126 91 -1 73 74 126 -1 81 103 82 -1 105 103 81 -1 72 71 86 -1 91 82 103 -1 91 126 82 -1 124 109 131 -1 124 123 109 -1 31 68 69 -1 30 31 5 -1 22 65 19 -1 65 22 5 -1 65 5 130 -1 29 130 5 -1 27 95 117 -1 29 24 27 -1 86 28 77 -1 86 71 28 -1 76 78 77 -1 76 23 78 -1 97 99 33 -1 79 131 109 -1 128 131 79 -1 127 61 133 -1 61 127 62 -1 129 2 133 -1 110 128 1 -1 110 131 128 -1 13 32 92 -1 129 92 2 -1 120 108 43 -1 108 120 125 -1 8 134 7 -1 134 8 58 -1 102 87 113 -1 102 88 87 -1 83 89 8 -1 83 104 89 -1 90 36 56 -1 36 90 37 -1 101 124 132 -1 100 124 101 -1 7 55 122 -1 7 6 55 -1 134 6 7 -1 12 54 34 -1 12 98 54 -1 6 11 49 -1 6 46 11 -1 9 26 112 -1 114 115 112 -1 12 39 10 -1 50 7 122 -1 42 119 49 -1 119 42 10 -1 42 47 10 -1 49 11 47 -1 42 49 47 -1 125 94 107 -1 17 52 115 -1 17 12 52 -1 19 130 117 -1 130 19 65 -1 50 51 35 -1 40 116 39 -1 116 3 119 -1 38 16 17 -1 16 38 35 -1 38 17 87 -1 114 45 113 -1 114 112 45 -1 43 112 26 -1 120 26 25 -1 43 26 120 -1 33 14 15 -1 68 14 33 -1 14 68 13 -1 59 97 60 -1 60 97 33 -1 133 61 129 -1 133 1 127 -1 133 2 1 -1 111 20 96 -1 27 111 96 -1 27 28 111 -1 73 110 74 -1 73 132 110 -1 106 118 123 -1 107 118 106 -1 85 123 118 -1 85 109 123 -1 81 111 71 -1 80 111 81 -1 107 72 118 -1 94 72 107 -1 57 72 94 -1 57 70 72 -1 105 104 103 -1 104 105 89 -1 132 56 101 -1 132 73 56 -1 107 108 125 -1 23 76 24 -1 6 134 121 -1 119 6 49 -1 3 6 119 -1 4 122 3 -1 122 4 50 -1 58 121 134 -1 58 93 121 -1 27 96 95 -1 80 126 63 -1 82 126 80 -1" creaseAngle="1.571">
                      <Coordinate point="0.2117 0.8177 0.0875 0.2150 0.8160 0.0910 0.2142 0.8200 0.0904 0.2069 0.7686 0.0915 0.2052 0.7719 0.0954 0.2065 0.8217 0.0754 0.2111 0.7705 0.0894 0.2100 0.7792 0.0922 0.2113 0.7859 0.0912 0.2183 0.7674 0.0982 0.2087 0.7629 0.0998 0.2150 0.7652 0.0940 0.2102 0.7689 0.1027 0.2156 0.8286 0.0830 0.2166 0.8296 0.0834 0.2206 0.8244 0.0812 0.2084 0.7771 0.1008 0.2126 0.7750 0.1030 0.2096 0.8182 0.0853 0.2067 0.8173 0.0813 0.2085 0.8142 0.0836 0.2113 0.8226 0.0873 0.2093 0.8216 0.0822 0.2198 0.8132 0.0807 0.2159 0.8187 0.0752 0.2182 0.7706 0.0937 0.2205 0.7717 0.0954 0.2119 0.8138 0.0748 0.2131 0.8104 0.0783 0.2108 0.8195 0.0714 0.2112 0.8247 0.0802 0.2126 0.8231 0.0748 0.2137 0.8277 0.0843 0.2225 0.8227 0.0783 0.2165 0.7657 0.1010 0.2092 0.7803 0.0992 0.2142 0.7879 0.0993 0.2115 0.7876 0.0969 0.2122 0.7813 0.1016 0.2065 0.7646 0.1001 0.2044 0.7690 0.0981 0.2059 0.7753 0.0996 0.2079 0.7624 0.0943 0.2214 0.7763 0.0949 0.2211 0.7860 0.0941 0.2203 0.7783 0.0968 0.2145 0.7666 0.0924 0.2123 0.7619 0.0939 0.2121 0.7619 0.0989 0.2110 0.7633 0.0916 0.2081 0.7787 0.0949 0.2068 0.7776 0.0977 0.2151 0.7701 0.1019 0.2122 0.7732 0.0895 0.2134 0.7626 0.0998 0.2095 0.7752 0.0907 0.2148 0.7936 0.0975 0.2130 0.7911 0.0889 0.2129 0.7853 0.0894 0.2215 0.8136 0.0830 0.2227 0.8182 0.0815 0.2200 0.8202 0.0846 0.2206 0.8160 0.0860 0.2118 0.8123 0.0873 0.2103 0.8147 0.0864 0.2051 0.8192 0.0769 0.2107 0.8235 0.0834 0.2125 0.8250 0.0799 0.2191 0.8259 0.0797 0.2180 0.8241 0.0780 0.2133 0.7960 0.0875 0.2127 0.8045 0.0840 0.2150 0.7960 0.0874 0.2151 0.7994 0.0957 0.2149 0.8081 0.0927 0.2198 0.8215 0.0840 0.2155 0.8134 0.0771 0.2162 0.8097 0.0806 0.2186 0.8105 0.0821 0.2209 0.8130 0.0872 0.2100 0.8105 0.0840 0.2116 0.8050 0.0850 0.2112 0.8055 0.0860 0.2106 0.7863 0.0927 0.2043 0.7727 0.0994 0.2203 0.8056 0.0861 0.2164 0.8043 0.0840 0.2137 0.7811 0.1017 0.2151 0.7877 0.0994 0.2118 0.7915 0.0898 0.2122 0.7931 0.0949 0.2128 0.7984 0.0930 0.2167 0.8278 0.0862 0.2145 0.7852 0.0895 0.2147 0.7909 0.0887 0.2087 0.8140 0.0777 0.2095 0.8126 0.0788 0.2221 0.8173 0.0798 0.2114 0.7632 0.1012 0.2212 0.8196 0.0775 0.2186 0.7927 0.0962 0.2156 0.7934 0.0978 0.2182 0.7872 0.0977 0.2117 0.7968 0.0893 0.2112 0.7918 0.0909 0.2121 0.7964 0.0883 0.2212 0.7917 0.0928 0.2202 0.7911 0.0908 0.2213 0.7855 0.0930 0.2212 0.8065 0.0883 0.2158 0.8081 0.0932 0.2103 0.8111 0.0801 0.2195 0.7736 0.0982 0.2168 0.7799 0.0998 0.2161 0.7755 0.1007 0.2157 0.7728 0.1013 0.2057 0.7648 0.0953 0.2082 0.8151 0.0768 0.2203 0.7968 0.0894 0.2077 0.7649 0.0915 0.2181 0.7778 0.0917 0.2139 0.7787 0.0902 0.2080 0.7755 0.0928 0.2212 0.7977 0.0914 0.2189 0.7987 0.0944 0.2165 0.7852 0.0902 0.2125 0.8072 0.0894 0.2185 0.8170 0.0887 0.2188 0.8137 0.0896 0.2178 0.8233 0.0878 0.2072 0.8188 0.0741 0.2190 0.8078 0.0917 0.2161 0.7995 0.0960 0.2181 0.8201 0.0885 0.2112 0.7788 0.0904" />
                    </IndexedFaceSet>
                  </Shape>
                  </HAnimSegment>
</HAnimJoint>
<HAnimJoint DEF="Joe_l_distal_interphalangeal_3" name="l_distal_interphalangeal_3">
<HAnimSegment DEF="Joe_l_distal_phalanx_3" name="l_distal_phalanx_3">
<TouchSensor description="l_distal_phalanx_3">
</TouchSensor>
<Shape>
                    <Appearance USE="Bone" />
                    <IndexedFaceSet coordIndex="3 17 0 -1 0 4 2 -1 28 8 14 -1 8 22 14 -1 30 7 29 -1 22 32 14 -1 23 34 30 -1 29 7 33 -1 15 16 7 -1 31 35 32 -1 31 11 35 -1 36 5 17 -1 37 34 6 -1 5 37 6 -1 38 22 8 -1 35 11 39 -1 3 0 1 -1 17 5 6 -1 34 0 17 -1 40 32 38 -1 40 31 32 -1 25 4 41 -1 24 18 25 -1 30 34 42 -1 7 43 15 -1 44 39 26 -1 15 25 33 -1 0 23 4 -1 31 5 11 -1 7 30 42 -1 11 26 39 -1 14 32 10 -1 1 25 12 -1 12 20 1 -1 20 12 21 -1 38 8 19 -1 29 33 41 -1 33 25 41 -1 33 7 16 -1 21 17 3 -1 21 1 20 -1 21 3 1 -1 42 34 48 -1 15 9 46 -1 45 9 15 -1 15 46 18 -1 26 27 14 -1 39 10 35 -1 44 14 39 -1 26 11 12 -1 47 43 48 -1 11 5 12 -1 27 46 14 -1 27 18 46 -1 18 13 25 -1 15 24 25 -1 29 23 30 -1 7 42 43 -1 47 9 43 -1 25 0 2 -1 25 1 0 -1 12 5 36 -1 19 40 38 -1 6 34 17 -1 32 35 10 -1 26 14 44 -1 12 13 26 -1 9 8 28 -1 37 47 34 -1 21 36 17 -1 36 21 12 -1 19 31 40 -1 5 31 19 -1 45 15 43 -1 48 34 47 -1 4 29 41 -1 23 29 4 -1 18 27 13 -1 38 32 22 -1 5 19 37 -1 47 37 9 -1 33 16 15 -1 46 28 14 -1 46 9 28 -1 26 13 27 -1 15 18 24 -1 43 9 45 -1 34 23 0 -1 43 42 48 -1 25 2 4 -1 19 9 37 -1 12 25 13 -1 14 10 39 -1 9 19 8 -1" creaseAngle="1.571">
                      <Coordinate point="0.2229 0.8492 0.0679 0.2196 0.8440 0.0680 0.2219 0.8460 0.0691 0.2215 0.8453 0.0650 0.2222 0.8479 0.0709 0.2140 0.8477 0.0598 0.2190 0.8518 0.0639 0.2152 0.8509 0.0750 0.2097 0.8515 0.0638 0.2117 0.8516 0.0667 0.2053 0.8444 0.0635 0.2112 0.8436 0.0605 0.2158 0.8432 0.0624 0.2160 0.8431 0.0654 0.2091 0.8454 0.0654 0.2132 0.8474 0.0725 0.2130 0.8473 0.0751 0.2231 0.8496 0.0640 0.2136 0.8459 0.0685 0.2112 0.8513 0.0623 0.2186 0.8436 0.0659 0.2204 0.8457 0.0630 0.2080 0.8499 0.0638 0.2210 0.8506 0.0716 0.2142 0.8464 0.0718 0.2184 0.8444 0.0703 0.2130 0.8428 0.0624 0.2132 0.8437 0.0639 0.2091 0.8487 0.0653 0.2183 0.8502 0.0745 0.2194 0.8514 0.0721 0.2093 0.8467 0.0601 0.2059 0.8468 0.0630 0.2168 0.8470 0.0760 0.2201 0.8518 0.0671 0.2079 0.8430 0.0613 0.2163 0.8476 0.0599 0.2156 0.8524 0.0649 0.2062 0.8490 0.0622 0.2082 0.8428 0.0638 0.2079 0.8486 0.0606 0.2200 0.8467 0.0733 0.2178 0.8521 0.0726 0.2141 0.8521 0.0708 0.2087 0.8449 0.0650 0.2121 0.8499 0.0708 0.2109 0.8472 0.0684 0.2162 0.8525 0.0678 0.2173 0.8525 0.0700" />
                    </IndexedFaceSet>
                  </Shape>
                  <Shape>
                    <Appearance USE="Bone" />
                    <IndexedFaceSet coordIndex="5 6 7 -1 8 2 9 -1 13 2 8 -1 22 23 24 -1 26 27 28 -1 29 27 26 -1 30 31 27 -1 34 0 1 -1 34 38 39 -1 6 33 15 -1 41 7 15 -1 7 41 32 -1 41 42 43 -1 48 49 36 -1 49 50 36 -1 51 52 27 -1 51 25 52 -1 0 53 15 -1 15 33 0 -1 0 14 1 -1 44 55 54 -1 38 37 56 -1 56 39 38 -1 55 48 36 -1 55 44 48 -1 58 22 43 -1 58 23 22 -1 3 59 4 -1 3 19 59 -1 11 60 3 -1 60 19 3 -1 8 9 67 -1 47 69 70 -1 13 69 2 -1 68 72 10 -1 72 66 10 -1 63 62 74 -1 48 64 49 -1 48 45 64 -1 10 4 59 -1 22 16 32 -1 43 22 32 -1 54 38 35 -1 25 16 54 -1 25 51 16 -1 0 33 14 -1 25 27 52 -1 45 48 44 -1 45 62 64 -1 43 42 78 -1 78 58 43 -1 6 14 33 -1 35 1 40 -1 53 57 41 -1 55 36 37 -1 79 42 80 -1 79 78 42 -1 2 81 9 -1 64 62 63 -1 32 41 43 -1 65 82 66 -1 53 41 15 -1 11 4 12 -1 4 11 3 -1 13 84 69 -1 21 77 85 -1 77 21 76 -1 30 25 31 -1 86 10 87 -1 88 79 89 -1 88 78 79 -1 89 71 86 -1 39 42 41 -1 80 42 39 -1 57 53 0 -1 1 35 34 -1 7 6 15 -1 18 12 90 -1 11 18 92 -1 60 61 19 -1 44 54 16 -1 31 40 6 -1 6 5 28 -1 7 29 5 -1 5 29 26 -1 1 14 40 -1 35 40 93 -1 35 93 25 -1 34 39 0 -1 32 16 17 -1 39 56 80 -1 22 44 16 -1 37 94 56 -1 37 36 94 -1 79 56 95 -1 80 56 79 -1 21 85 96 -1 97 76 75 -1 76 97 87 -1 87 19 77 -1 59 19 87 -1 87 10 59 -1 98 24 20 -1 96 74 21 -1 62 20 74 -1 99 63 74 -1 99 73 63 -1 100 64 63 -1 49 64 100 -1 73 101 84 -1 99 101 73 -1 60 92 102 -1 92 18 102 -1 66 68 65 -1 66 72 68 -1 88 87 97 -1 94 71 95 -1 36 71 94 -1 50 71 36 -1 100 103 104 -1 100 63 103 -1 50 67 71 -1 104 67 50 -1 8 103 13 -1 105 102 18 -1 105 70 102 -1 70 60 102 -1 69 60 70 -1 61 84 101 -1 69 84 61 -1 65 83 106 -1 83 65 81 -1 2 83 81 -1 2 69 47 -1 46 105 91 -1 83 47 46 -1 2 47 83 -1 83 91 106 -1 46 91 83 -1 68 81 65 -1 81 68 9 -1 69 61 60 -1 18 91 105 -1 18 106 91 -1 18 82 106 -1 8 104 103 -1 104 49 100 -1 50 49 104 -1 63 13 103 -1 67 104 8 -1 67 9 68 -1 71 67 86 -1 67 68 86 -1 89 95 71 -1 89 79 95 -1 97 78 88 -1 90 82 18 -1 90 66 82 -1 12 66 90 -1 61 99 96 -1 61 101 99 -1 84 63 73 -1 99 74 96 -1 45 20 62 -1 45 98 20 -1 20 21 74 -1 78 97 58 -1 87 77 76 -1 58 75 23 -1 75 58 97 -1 19 96 85 -1 19 61 96 -1 12 4 10 -1 95 56 94 -1 37 54 55 -1 0 39 57 -1 17 16 27 -1 93 40 25 -1 27 29 17 -1 6 28 31 -1 28 27 31 -1 27 25 30 -1 40 31 25 -1 6 40 14 -1 44 98 45 -1 44 22 98 -1 22 24 98 -1 11 92 60 -1 46 70 105 -1 47 70 46 -1 38 34 35 -1 37 38 54 -1 41 57 39 -1 87 89 86 -1 87 88 89 -1 10 86 68 -1 25 54 35 -1 17 7 32 -1 7 17 29 -1 26 28 5 -1 23 20 24 -1 75 20 23 -1 75 21 20 -1 75 76 21 -1 85 77 19 -1 16 51 27 -1 63 84 13 -1 18 11 12 -1 10 66 12 -1 106 82 65 -1" creaseAngle="1.571">
                      <Coordinate point="0.2119 0.8186 0.0671 0.2147 0.8168 0.0637 0.2208 0.7681 0.0711 0.2167 0.7696 0.0833 0.2137 0.7699 0.0822 0.2204 0.8252 0.0723 0.2171 0.8235 0.0664 0.2181 0.8206 0.0738 0.2184 0.7760 0.0697 0.2149 0.7737 0.0703 0.2117 0.7737 0.0795 0.2156 0.7639 0.0831 0.2116 0.7655 0.0815 0.2231 0.7733 0.0703 0.2127 0.8214 0.0632 0.2144 0.8209 0.0718 0.2248 0.8151 0.0749 0.2237 0.8229 0.0761 0.2141 0.7610 0.0778 0.2189 0.7734 0.0850 0.2237 0.7919 0.0787 0.2219 0.7839 0.0825 0.2213 0.8079 0.0762 0.2218 0.7998 0.0784 0.2237 0.7999 0.0778 0.2274 0.8198 0.0651 0.2243 0.8253 0.0732 0.2256 0.8221 0.0719 0.2231 0.8252 0.0689 0.2229 0.8240 0.0754 0.2258 0.8238 0.0690 0.2227 0.8242 0.0648 0.2188 0.8184 0.0753 0.2139 0.8228 0.0707 0.2153 0.8137 0.0643 0.2225 0.8140 0.0642 0.2205 0.7984 0.0705 0.2212 0.8055 0.0685 0.2189 0.8110 0.0651 0.2136 0.8118 0.0677 0.2182 0.8207 0.0628 0.2155 0.8132 0.0746 0.2165 0.8071 0.0733 0.2192 0.8077 0.0758 0.2241 0.8065 0.0718 0.2243 0.7993 0.0740 0.2161 0.7609 0.0726 0.2198 0.7621 0.0723 0.2231 0.7984 0.0709 0.2231 0.7901 0.0711 0.2206 0.7901 0.0707 0.2262 0.8195 0.0716 0.2278 0.8225 0.0676 0.2131 0.8183 0.0720 0.2248 0.8124 0.0682 0.2233 0.8059 0.0701 0.2160 0.8062 0.0691 0.2118 0.8145 0.0704 0.2174 0.7992 0.0763 0.2151 0.7743 0.0823 0.2222 0.7662 0.0805 0.2223 0.7718 0.0817 0.2249 0.7910 0.0748 0.2257 0.7802 0.0729 0.2250 0.7904 0.0725 0.2108 0.7679 0.0719 0.2095 0.7676 0.0777 0.2161 0.7803 0.0708 0.2134 0.7737 0.0724 0.2248 0.7676 0.0750 0.2210 0.7613 0.0759 0.2168 0.7904 0.0716 0.2110 0.7725 0.0756 0.2256 0.7796 0.0740 0.2242 0.7826 0.0785 0.2215 0.7921 0.0800 0.2206 0.7841 0.0823 0.2195 0.7793 0.0835 0.2166 0.7991 0.0746 0.2158 0.7991 0.0728 0.2154 0.8066 0.0716 0.2143 0.7693 0.0680 0.2103 0.7644 0.0735 0.2149 0.7651 0.0686 0.2254 0.7730 0.0747 0.2212 0.7788 0.0833 0.2141 0.7805 0.0755 0.2155 0.7823 0.0787 0.2158 0.7913 0.0755 0.2154 0.7910 0.0740 0.2111 0.7625 0.0782 0.2143 0.7608 0.0752 0.2187 0.7625 0.0813 0.2230 0.8206 0.0633 0.2180 0.7983 0.0701 0.2166 0.7986 0.0707 0.2225 0.7784 0.0813 0.2168 0.7915 0.0769 0.2244 0.7999 0.0763 0.2237 0.7780 0.0792 0.2242 0.7818 0.0706 0.2239 0.7735 0.0784 0.2198 0.7617 0.0786 0.2217 0.7781 0.0703 0.2202 0.7821 0.0704 0.2153 0.7605 0.0746 0.2120 0.7644 0.0707" />
                    </IndexedFaceSet>
                  </Shape>
                  </HAnimSegment>
</HAnimJoint>
<HAnimJoint DEF="Joe_l_proximal_interphalangeal_4" name="l_proximal_interphalangeal_4">
<HAnimSegment DEF="Joe_l_middle_phalanx_4" name="l_middle_phalanx_4">
<TouchSensor description="l_middle_phalanx_4">
</TouchSensor>
<Shape>
                    <Appearance USE="Bone" />
                    <IndexedFaceSet coordIndex="15 11 16 -1 15 18 11 -1 8 22 23 -1 27 8 26 -1 30 31 32 -1 30 33 31 -1 34 27 35 -1 27 26 35 -1 11 32 31 -1 9 16 8 -1 9 8 23 -1 15 9 19 -1 9 23 19 -1 37 38 39 -1 40 41 42 -1 7 41 43 -1 6 20 7 -1 7 14 42 -1 14 44 45 -1 1 0 24 -1 39 2 47 -1 24 0 2 -1 47 3 5 -1 5 0 4 -1 2 5 3 -1 7 20 21 -1 20 4 1 -1 1 4 0 -1 21 20 1 -1 3 47 2 -1 39 46 2 -1 6 48 5 -1 48 47 5 -1 43 6 7 -1 42 41 7 -1 49 46 50 -1 50 29 49 -1 19 18 15 -1 12 11 18 -1 12 18 51 -1 31 28 11 -1 28 35 26 -1 26 11 28 -1 52 53 54 -1 29 31 33 -1 29 28 31 -1 25 24 2 -1 21 14 7 -1 16 11 8 -1 19 17 18 -1 12 17 10 -1 51 17 12 -1 10 13 12 -1 5 2 0 -1 34 50 55 -1 34 35 50 -1 10 22 8 -1 36 30 32 -1 56 30 36 -1 56 53 52 -1 56 36 53 -1 57 54 53 -1 57 38 54 -1 58 57 13 -1 55 57 34 -1 55 38 57 -1 27 10 8 -1 27 58 10 -1 13 53 12 -1 12 32 11 -1 45 56 40 -1 56 45 30 -1 33 45 59 -1 30 45 33 -1 54 41 52 -1 55 46 39 -1 41 39 48 -1 37 39 41 -1 43 41 6 -1 60 44 1 -1 60 49 59 -1 60 25 49 -1 5 20 6 -1 4 20 5 -1 25 1 24 -1 1 25 60 -1 44 59 45 -1 59 44 60 -1 14 1 44 -1 14 40 42 -1 45 40 14 -1 48 6 41 -1 39 47 48 -1 59 29 33 -1 59 49 29 -1 38 55 39 -1 38 41 54 -1 41 38 37 -1 40 52 41 -1 40 56 52 -1 19 10 17 -1 10 19 23 -1 10 23 22 -1 32 12 36 -1 53 36 12 -1 26 8 11 -1 34 58 27 -1 34 57 58 -1 13 10 58 -1 53 13 57 -1 35 29 50 -1 35 28 29 -1 16 9 15 -1 46 25 2 -1 49 25 46 -1 21 1 14 -1 18 17 51 -1 55 50 46 -1" creaseAngle="1.571">
                      <Coordinate point="0.1915 0.8239 0.0847 0.1901 0.8247 0.0843 0.1896 0.8202 0.0939 0.1911 0.8273 0.0950 0.1917 0.8252 0.0870 0.1876 0.8293 0.0957 0.1856 0.8299 0.0959 0.1799 0.8288 0.0919 0.1760 0.7894 0.1036 0.1728 0.7870 0.1028 0.1662 0.7943 0.1083 0.1715 0.7935 0.0982 0.1645 0.8002 0.1034 0.1693 0.8004 0.1076 0.1803 0.8234 0.0891 0.1682 0.7880 0.0993 0.1759 0.7910 0.0992 0.1608 0.7928 0.1010 0.1645 0.7916 0.0964 0.1645 0.7898 0.1027 0.1872 0.8313 0.0897 0.1831 0.8288 0.0867 0.1752 0.7892 0.1092 0.1708 0.7887 0.1074 0.1912 0.8216 0.0862 0.1871 0.8185 0.0895 0.1775 0.7940 0.1010 0.1786 0.7958 0.1052 0.1769 0.8010 0.0988 0.1804 0.8085 0.0961 0.1764 0.8101 0.0956 0.1738 0.8017 0.0977 0.1720 0.8027 0.0981 0.1779 0.8092 0.0951 0.1796 0.8017 0.1027 0.1793 0.8010 0.1010 0.1679 0.8064 0.1016 0.1793 0.8195 0.1006 0.1796 0.8115 0.1030 0.1849 0.8168 0.1008 0.1750 0.8198 0.0968 0.1789 0.8232 0.0984 0.1776 0.8243 0.0948 0.1823 0.8280 0.0973 0.1847 0.8197 0.0878 0.1795 0.8151 0.0929 0.1853 0.8139 0.0958 0.1891 0.8212 0.0985 0.1861 0.8228 0.0992 0.1836 0.8135 0.0934 0.1825 0.8084 0.0982 0.1626 0.7959 0.0982 0.1712 0.8141 0.1007 0.1690 0.8067 0.1042 0.1745 0.8136 0.1027 0.1821 0.8094 0.1004 0.1717 0.8134 0.0993 0.1751 0.8045 0.1058 0.1743 0.7986 0.1073 0.1811 0.8140 0.0924 0.1861 0.8190 0.0881" />
                    </IndexedFaceSet>
                  </Shape>
                  </HAnimSegment>
</HAnimJoint>
<HAnimJoint DEF="Joe_l_proximal_interphalangeal_3" name="l_proximal_interphalangeal_3">
<HAnimSegment DEF="Joe_l_middle_phalanx_3" name="l_middle_phalanx_3">
<TouchSensor description="l_middle_phalanx_3">
</TouchSensor>
<Shape>
                    <Appearance USE="Bone" />
                    <IndexedFaceSet coordIndex="0 1 2 -1 6 7 5 -1 14 13 12 -1 15 16 17 -1 18 19 2 -1 20 21 18 -1 8 29 10 -1 30 31 27 -1 27 28 14 -1 33 34 4 -1 18 36 20 -1 37 38 39 -1 37 40 38 -1 4 3 33 -1 20 3 21 -1 45 35 4 -1 46 47 45 -1 48 17 6 -1 44 50 49 -1 49 51 44 -1 49 21 51 -1 53 54 15 -1 8 23 56 -1 8 9 23 -1 57 43 24 -1 26 58 14 -1 32 59 39 -1 59 37 39 -1 11 60 27 -1 60 61 27 -1 0 62 25 -1 31 59 27 -1 23 14 58 -1 11 27 9 -1 13 14 28 -1 36 37 63 -1 64 33 3 -1 5 3 4 -1 35 5 4 -1 50 65 15 -1 47 17 45 -1 47 15 17 -1 15 47 66 -1 47 46 66 -1 22 67 0 -1 16 6 17 -1 65 16 15 -1 40 36 18 -1 40 37 36 -1 38 32 39 -1 27 59 32 -1 26 14 12 -1 54 68 15 -1 9 10 11 -1 68 67 50 -1 44 16 50 -1 8 10 9 -1 25 69 0 -1 24 25 10 -1 29 43 57 -1 43 71 70 -1 53 30 61 -1 53 72 30 -1 68 62 67 -1 60 68 54 -1 69 13 32 -1 8 55 29 -1 59 74 37 -1 75 63 52 -1 2 1 38 -1 6 16 7 -1 22 76 67 -1 22 19 76 -1 52 77 75 -1 52 46 77 -1 66 46 78 -1 45 34 46 -1 42 5 7 -1 5 41 3 -1 41 5 42 -1 20 75 77 -1 17 48 45 -1 6 35 48 -1 16 65 50 -1 49 19 21 -1 76 19 49 -1 44 41 42 -1 21 3 41 -1 20 64 3 -1 18 2 40 -1 74 78 63 -1 67 76 50 -1 69 70 13 -1 12 43 73 -1 69 24 70 -1 23 8 56 -1 79 23 80 -1 79 73 29 -1 79 80 12 -1 60 25 62 -1 25 60 10 -1 60 11 10 -1 27 61 30 -1 38 40 2 -1 0 67 62 -1 60 53 61 -1 53 60 54 -1 74 59 31 -1 62 68 60 -1 0 2 22 -1 32 1 69 -1 38 1 32 -1 14 23 27 -1 12 58 26 -1 80 58 12 -1 12 73 79 -1 79 29 55 -1 23 9 27 -1 80 23 58 -1 55 23 79 -1 23 55 8 -1 70 24 43 -1 71 43 12 -1 2 19 22 -1 68 50 15 -1 78 72 66 -1 78 74 72 -1 52 78 46 -1 63 78 52 -1 20 33 64 -1 21 41 51 -1 41 44 51 -1 50 76 49 -1 45 48 35 -1 33 77 34 -1 33 20 77 -1 20 63 75 -1 20 36 63 -1 29 73 43 -1 42 7 16 -1 34 45 4 -1 46 34 77 -1 32 13 28 -1 74 63 37 -1 27 32 28 -1 72 31 30 -1 72 74 31 -1 69 25 24 -1 19 18 21 -1 53 66 72 -1 15 66 53 -1 42 16 44 -1 70 12 13 -1 71 12 70 -1 29 24 10 -1 29 57 24 -1 5 35 6 -1 0 69 1 -1" creaseAngle="1.571">
                      <Coordinate point="0.2230 0.7889 0.0622 0.2240 0.7890 0.0609 0.2262 0.7998 0.0585 0.2270 0.8238 0.0566 0.2236 0.8266 0.0515 0.2214 0.8276 0.0588 0.2187 0.8278 0.0585 0.2148 0.8255 0.0606 0.2093 0.7707 0.0569 0.2115 0.7769 0.0550 0.2130 0.7771 0.0592 0.2134 0.7801 0.0554 0.2216 0.7648 0.0534 0.2250 0.7721 0.0544 0.2195 0.7702 0.0481 0.2169 0.8086 0.0567 0.2149 0.8219 0.0617 0.2140 0.8191 0.0580 0.2277 0.8075 0.0545 0.2257 0.8075 0.0587 0.2274 0.8150 0.0514 0.2273 0.8145 0.0589 0.2239 0.7982 0.0612 0.2118 0.7673 0.0504 0.2188 0.7739 0.0636 0.2175 0.7797 0.0627 0.2209 0.7659 0.0510 0.2172 0.7774 0.0498 0.2189 0.7764 0.0495 0.2118 0.7670 0.0590 0.2170 0.7893 0.0530 0.2190 0.7892 0.0525 0.2250 0.7781 0.0528 0.2269 0.8232 0.0511 0.2204 0.8227 0.0487 0.2168 0.8276 0.0527 0.2264 0.8070 0.0523 0.2258 0.7972 0.0531 0.2263 0.7890 0.0546 0.2251 0.7889 0.0526 0.2271 0.7976 0.0547 0.2246 0.8235 0.0629 0.2194 0.8194 0.0630 0.2186 0.7676 0.0612 0.2205 0.8171 0.0629 0.2158 0.8193 0.0524 0.2179 0.8163 0.0519 0.2158 0.8131 0.0551 0.2149 0.8208 0.0530 0.2227 0.8109 0.0619 0.2193 0.8081 0.0610 0.2260 0.8165 0.0621 0.2189 0.8147 0.0518 0.2165 0.7975 0.0555 0.2168 0.7976 0.0571 0.2098 0.7648 0.0559 0.2109 0.7706 0.0514 0.2132 0.7712 0.0606 0.2153 0.7692 0.0474 0.2221 0.7891 0.0526 0.2157 0.7894 0.0570 0.2154 0.7894 0.0551 0.2186 0.7895 0.0620 0.2233 0.8068 0.0527 0.2275 0.8193 0.0523 0.2172 0.8117 0.0600 0.2183 0.8067 0.0538 0.2216 0.7979 0.0612 0.2180 0.7976 0.0591 0.2234 0.7768 0.0605 0.2233 0.7726 0.0595 0.2226 0.7701 0.0598 0.2179 0.7974 0.0540 0.2182 0.7638 0.0604 0.2197 0.7973 0.0535 0.2242 0.8129 0.0513 0.2240 0.8071 0.0608 0.2235 0.8176 0.0496 0.2202 0.8066 0.0532 0.2145 0.7619 0.0554 0.2164 0.7638 0.0496" />
                    </IndexedFaceSet>
                  </Shape>
                  </HAnimSegment>
</HAnimJoint>
<HAnimJoint DEF="Joe_l_distal_interphalangeal_5" name="l_distal_interphalangeal_5">
<HAnimSegment DEF="Joe_l_distal_phalanx_5" name="l_distal_phalanx_5">
<TouchSensor description="l_distal_phalanx_5">
</TouchSensor>
<Shape>
                    <Appearance USE="Bone" />
                    <IndexedFaceSet coordIndex="4 5 6 -1 8 2 9 -1 11 10 12 -1 17 18 19 -1 20 7 6 -1 21 22 16 -1 23 24 3 -1 22 25 26 -1 25 7 26 -1 29 30 31 -1 32 33 18 -1 18 13 32 -1 32 0 33 -1 32 12 0 -1 35 0 24 -1 11 30 36 -1 11 37 30 -1 4 27 28 -1 4 15 5 -1 4 28 15 -1 20 6 2 -1 20 2 8 -1 17 23 38 -1 13 34 14 -1 26 7 39 -1 0 40 24 -1 40 3 24 -1 6 7 4 -1 2 3 40 -1 41 40 0 -1 0 8 9 -1 14 34 16 -1 32 13 42 -1 15 43 38 -1 37 11 14 -1 16 34 17 -1 35 33 0 -1 0 1 10 -1 45 20 8 -1 40 41 2 -1 16 17 46 -1 29 0 30 -1 0 9 41 -1 31 45 29 -1 16 26 31 -1 16 22 26 -1 17 43 46 -1 9 2 41 -1 38 5 15 -1 23 5 38 -1 25 27 7 -1 6 5 2 -1 28 27 15 -1 12 10 1 -1 10 11 36 -1 16 31 30 -1 24 19 35 -1 24 17 19 -1 12 1 0 -1 42 11 12 -1 11 42 13 -1 11 13 14 -1 11 44 13 -1 14 30 37 -1 14 16 30 -1 27 4 7 -1 20 39 7 -1 15 46 43 -1 15 27 46 -1 46 27 21 -1 20 26 39 -1 26 20 45 -1 23 17 24 -1 21 16 46 -1 31 26 45 -1 25 21 27 -1 21 25 22 -1 45 0 29 -1 45 8 0 -1 44 11 13 -1 36 0 10 -1 0 36 30 -1 35 18 33 -1 19 18 35 -1 13 18 34 -1 17 34 18 -1 17 38 43 -1 42 12 32 -1 23 2 5 -1 23 3 2 -1" creaseAngle="1.571">
                      <Coordinate point="0.1755 0.7306 0.1257 0.1753 0.7304 0.1258 0.1854 0.7396 0.1282 0.1814 0.7356 0.1261 0.1895 0.7367 0.1274 0.1867 0.7386 0.1256 0.1877 0.7381 0.1301 0.1902 0.7354 0.1311 0.1811 0.7349 0.1294 0.1805 0.7360 0.1285 0.1717 0.7269 0.1256 0.1719 0.7247 0.1232 0.1706 0.7281 0.1230 0.1747 0.7255 0.1190 0.1761 0.7235 0.1212 0.1888 0.7365 0.1233 0.1804 0.7268 0.1239 0.1800 0.7283 0.1220 0.1770 0.7272 0.1209 0.1779 0.7289 0.1221 0.1859 0.7379 0.1323 0.1864 0.7301 0.1255 0.1859 0.7305 0.1278 0.1828 0.7343 0.1243 0.1777 0.7315 0.1244 0.1904 0.7329 0.1293 0.1850 0.7312 0.1293 0.1913 0.7339 0.1260 0.1904 0.7358 0.1251 0.1777 0.7286 0.1273 0.1762 0.7272 0.1262 0.1774 0.7280 0.1268 0.1730 0.7274 0.1211 0.1752 0.7285 0.1224 0.1778 0.7263 0.1208 0.1767 0.7297 0.1233 0.1754 0.7270 0.1262 0.1726 0.7245 0.1235 0.1843 0.7327 0.1229 0.1887 0.7344 0.1314 0.1808 0.7362 0.1271 0.1806 0.7363 0.1275 0.1724 0.7268 0.1210 0.1855 0.7313 0.1229 0.1733 0.7234 0.1206 0.1826 0.7332 0.1303 0.1859 0.7307 0.1242" />
                    </IndexedFaceSet>
                  </Shape>
                  </HAnimSegment>
</HAnimJoint>
<HAnimJoint DEF="Joe_l_distal_interphalangeal_2" name="l_distal_interphalangeal_2">
<HAnimSegment DEF="Joe_l_distal_phalanx_2" name="l_distal_phalanx_2">
<TouchSensor description="l_distal_phalanx_2">
</TouchSensor>
<Shape>
                    <Appearance USE="Bone" />
                    <IndexedFaceSet coordIndex="4 6 5 -1 8 9 7 -1 18 16 14 -1 23 24 0 -1 18 10 17 -1 22 15 10 -1 32 33 34 -1 8 36 9 -1 38 4 5 -1 24 30 3 -1 39 11 40 -1 11 39 19 -1 20 41 42 -1 20 43 41 -1 3 30 46 -1 3 6 47 -1 48 38 5 -1 49 5 37 -1 26 37 10 -1 50 37 26 -1 36 8 51 -1 49 38 48 -1 0 24 1 -1 28 35 52 -1 23 30 24 -1 23 31 30 -1 4 38 53 -1 53 32 34 -1 53 38 32 -1 15 17 10 -1 1 43 0 -1 41 43 1 -1 33 51 8 -1 54 31 55 -1 21 15 27 -1 13 21 3 -1 13 14 16 -1 21 16 15 -1 21 25 3 -1 41 2 47 -1 2 41 1 -1 6 53 42 -1 6 4 53 -1 38 37 56 -1 37 38 49 -1 50 18 30 -1 50 26 18 -1 31 45 30 -1 42 34 20 -1 53 34 42 -1 36 57 58 -1 36 56 57 -1 52 55 31 -1 40 29 39 -1 40 28 29 -1 33 32 51 -1 52 35 59 -1 52 31 28 -1 28 40 11 -1 33 8 11 -1 11 8 44 -1 12 11 44 -1 15 22 10 -1 17 16 18 -1 17 15 16 -1 13 16 21 -1 10 18 26 -1 5 15 10 -1 15 5 27 -1 18 13 3 -1 13 18 14 -1 12 44 7 -1 28 11 12 -1 59 7 9 -1 7 59 35 -1 59 55 52 -1 11 19 33 -1 31 29 28 -1 54 59 58 -1 55 59 54 -1 38 51 32 -1 54 45 31 -1 46 30 18 -1 56 50 57 -1 37 50 56 -1 1 24 2 -1 3 46 18 -1 5 21 27 -1 5 25 21 -1 20 33 19 -1 20 34 33 -1 39 0 43 -1 0 39 29 -1 23 29 31 -1 23 0 29 -1 9 58 59 -1 36 58 9 -1 58 45 54 -1 57 45 58 -1 25 5 3 -1 47 42 41 -1 47 6 42 -1 56 51 38 -1 56 36 51 -1 49 48 5 -1 6 3 5 -1 47 2 3 -1 3 2 24 -1 30 57 50 -1 30 45 57 -1 7 28 12 -1 28 7 35 -1 44 8 7 -1 37 5 10 -1 19 43 20 -1 19 39 43 -1" creaseAngle="1.571">
                      <Coordinate point="0.1813 0.7257 0.0920 0.1745 0.7239 0.0924 0.1713 0.7227 0.0916 0.1671 0.7213 0.0901 0.1710 0.7243 0.0966 0.1646 0.7228 0.0956 0.1704 0.7238 0.0943 0.1885 0.7252 0.1012 0.1846 0.7254 0.1023 0.1859 0.7236 0.1012 0.1649 0.7194 0.0958 0.1857 0.7299 0.0998 0.1883 0.7270 0.0959 0.1644 0.7212 0.0872 0.1630 0.7185 0.0876 0.1606 0.7209 0.0945 0.1622 0.7193 0.0896 0.1630 0.7180 0.0933 0.1656 0.7176 0.0907 0.1829 0.7291 0.0972 0.1797 0.7279 0.0966 0.1632 0.7223 0.0905 0.1639 0.7195 0.0960 0.1816 0.7250 0.0910 0.1739 0.7211 0.0902 0.1646 0.7224 0.0925 0.1684 0.7188 0.0937 0.1622 0.7238 0.0938 0.1882 0.7267 0.0940 0.1847 0.7277 0.0927 0.1735 0.7203 0.0908 0.1836 0.7231 0.0914 0.1793 0.7272 0.0997 0.1832 0.7283 0.1016 0.1792 0.7280 0.0988 0.1893 0.7229 0.0960 0.1807 0.7234 0.1003 0.1695 0.7215 0.0968 0.1721 0.7241 0.0974 0.1832 0.7289 0.0962 0.1859 0.7299 0.0973 0.1740 0.7246 0.0938 0.1735 0.7250 0.0951 0.1801 0.7275 0.0954 0.1871 0.7276 0.1001 0.1761 0.7201 0.0922 0.1696 0.7188 0.0900 0.1708 0.7233 0.0931 0.1711 0.7236 0.0972 0.1713 0.7231 0.0973 0.1720 0.7194 0.0947 0.1798 0.7257 0.1002 0.1888 0.7224 0.0948 0.1720 0.7248 0.0965 0.1828 0.7206 0.0949 0.1878 0.7218 0.0950 0.1743 0.7220 0.0980 0.1756 0.7199 0.0959 0.1821 0.7209 0.0976 0.1872 0.7222 0.0990" />
                    </IndexedFaceSet>
                  </Shape>
                  </HAnimSegment>
</HAnimJoint>
<HAnimJoint DEF="Joe_l_proximal_interphalangeal_2" name="l_proximal_interphalangeal_2">
<HAnimSegment DEF="Joe_l_middle_phalanx_2" name="l_middle_phalanx_2">
<TouchSensor description="l_middle_phalanx_2">
</TouchSensor>
<Shape>
                    <Appearance USE="Bone" />
                    <IndexedFaceSet coordIndex="3 4 2 -1 3 15 4 -1 10 2 17 -1 14 19 20 -1 19 21 20 -1 22 23 24 -1 23 25 24 -1 15 26 27 -1 13 14 9 -1 18 12 29 -1 12 16 29 -1 16 12 6 -1 9 8 13 -1 31 32 25 -1 17 18 10 -1 33 32 31 -1 12 8 9 -1 30 1 28 -1 21 36 37 -1 38 36 21 -1 14 25 19 -1 14 35 25 -1 14 13 35 -1 39 13 17 -1 13 39 35 -1 2 41 3 -1 44 45 46 -1 45 44 47 -1 43 47 48 -1 46 3 41 -1 34 31 25 -1 39 27 49 -1 40 27 39 -1 12 9 20 -1 51 5 1 -1 24 25 32 -1 15 52 26 -1 52 15 3 -1 17 8 18 -1 6 11 10 -1 34 53 31 -1 34 49 53 -1 5 45 43 -1 5 52 45 -1 54 55 56 -1 55 54 22 -1 33 22 24 -1 33 31 57 -1 58 53 26 -1 58 57 53 -1 29 16 6 -1 18 29 10 -1 8 17 13 -1 57 1 33 -1 59 5 51 -1 58 5 59 -1 34 25 35 -1 40 15 27 -1 44 37 36 -1 44 42 37 -1 22 38 23 -1 22 54 38 -1 46 52 3 -1 54 60 61 -1 54 56 60 -1 56 50 30 -1 55 50 56 -1 60 30 0 -1 50 1 30 -1 1 0 30 -1 6 62 20 -1 62 6 12 -1 29 6 10 -1 12 18 8 -1 11 6 7 -1 5 0 1 -1 57 51 1 -1 59 51 57 -1 55 1 50 -1 33 1 55 -1 56 30 60 -1 48 60 0 -1 47 36 61 -1 36 47 44 -1 37 20 21 -1 46 42 44 -1 46 41 42 -1 15 40 4 -1 49 35 39 -1 49 34 35 -1 19 25 23 -1 57 58 59 -1 20 9 14 -1 26 5 58 -1 57 31 53 -1 22 33 55 -1 48 61 60 -1 48 47 61 -1 61 38 54 -1 61 36 38 -1 26 52 5 -1 24 32 33 -1 11 2 10 -1 20 62 12 -1 26 49 27 -1 26 53 49 -1 52 46 45 -1 6 11 7 -1 2 11 6 -1 48 0 43 -1 43 45 47 -1 5 43 0 -1 42 20 37 -1 6 20 42 -1 41 6 42 -1 2 6 41 -1 17 4 40 -1 17 2 4 -1 17 40 39 -1 21 23 38 -1 23 21 19 -1 30 28 1 -1" creaseAngle="1.571">
                      <Coordinate point="0.1941 0.7279 0.0776 0.1937 0.7307 0.0697 0.1696 0.7273 0.0751 0.1758 0.7277 0.0757 0.1746 0.7282 0.0744 0.1902 0.7319 0.0781 0.1683 0.7234 0.0747 0.1689 0.7238 0.0750 0.1681 0.7241 0.0662 0.1695 0.7234 0.0666 0.1665 0.7283 0.0736 0.1664 0.7271 0.0752 0.1682 0.7219 0.0692 0.1709 0.7260 0.0680 0.1710 0.7239 0.0670 0.1782 0.7289 0.0743 0.1665 0.7227 0.0721 0.1700 0.7269 0.0711 0.1658 0.7256 0.0699 0.1766 0.7245 0.0682 0.1723 0.7228 0.0706 0.1767 0.7232 0.0704 0.1870 0.7263 0.0683 0.1800 0.7249 0.0683 0.1866 0.7275 0.0676 0.1777 0.7265 0.0675 0.1850 0.7314 0.0761 0.1785 0.7288 0.0729 0.1940 0.7291 0.0716 0.1647 0.7254 0.0724 0.1953 0.7269 0.0731 0.1860 0.7298 0.0693 0.1862 0.7291 0.0681 0.1907 0.7297 0.0679 0.1789 0.7281 0.0704 0.1753 0.7271 0.0699 0.1802 0.7234 0.0734 0.1763 0.7233 0.0727 0.1805 0.7233 0.0707 0.1750 0.7277 0.0716 0.1748 0.7279 0.0730 0.1761 0.7268 0.0759 0.1755 0.7252 0.0753 0.1913 0.7278 0.0792 0.1793 0.7254 0.0760 0.1856 0.7283 0.0784 0.1771 0.7276 0.0760 0.1863 0.7262 0.0776 0.1910 0.7260 0.0775 0.1787 0.7287 0.0719 0.1951 0.7264 0.0704 0.1920 0.7331 0.0722 0.1853 0.7297 0.0778 0.1855 0.7310 0.0725 0.1876 0.7239 0.0713 0.1921 0.7257 0.0691 0.1928 0.7247 0.0717 0.1897 0.7323 0.0714 0.1900 0.7330 0.0766 0.1904 0.7328 0.0723 0.1929 0.7249 0.0749 0.1873 0.7240 0.0743 0.1696 0.7224 0.0714" />
                    </IndexedFaceSet>
                  </Shape>
                  </HAnimSegment>
</HAnimJoint>
<HAnimJoint DEF="Joe_l_metacarpophalangeal_3" name="l_metacarpophalangeal_3">
<HAnimSegment DEF="Joe_l_proximal_phalanx_3" name="l_proximal_phalanx_3">
<TouchSensor description="l_proximal_phalanx_3">
</TouchSensor>
<Shape>
                    <Appearance USE="Bone" />
                    <IndexedFaceSet coordIndex="8 9 7 -1 10 11 12 -1 12 13 10 -1 18 20 19 -1 1 6 21 -1 22 23 16 -1 23 24 16 -1 25 11 7 -1 23 27 26 -1 6 1 3 -1 5 28 4 -1 3 29 6 -1 20 18 14 -1 22 30 31 -1 31 27 22 -1 11 10 7 -1 7 32 25 -1 12 33 14 -1 21 6 26 -1 7 10 13 -1 34 29 3 -1 34 17 29 -1 5 35 34 -1 36 37 28 -1 3 1 38 -1 12 11 14 -1 25 15 14 -1 32 16 15 -1 32 7 16 -1 41 42 43 -1 37 42 41 -1 0 36 28 -1 0 42 36 -1 1 42 0 -1 44 42 1 -1 6 19 26 -1 37 4 28 -1 16 9 8 -1 33 12 14 -1 37 18 19 -1 45 37 41 -1 42 31 43 -1 26 24 40 -1 46 20 47 -1 19 20 46 -1 16 24 15 -1 39 31 30 -1 39 43 31 -1 12 41 13 -1 41 12 45 -1 18 12 14 -1 14 47 20 -1 14 15 47 -1 44 26 42 -1 0 28 2 -1 26 19 46 -1 4 35 5 -1 2 3 38 -1 2 34 3 -1 29 17 6 -1 4 34 35 -1 4 17 34 -1 15 24 47 -1 12 18 45 -1 13 43 39 -1 26 47 24 -1 46 47 26 -1 23 22 27 -1 31 26 27 -1 31 42 26 -1 18 37 45 -1 4 37 19 -1 19 6 4 -1 21 44 1 -1 21 26 44 -1 34 2 5 -1 42 37 36 -1 41 43 13 -1 0 38 1 -1 40 23 26 -1 40 24 23 -1 22 8 30 -1 16 8 22 -1 30 13 39 -1 13 30 8 -1 15 25 32 -1 25 14 11 -1 13 8 7 -1 7 9 16 -1 17 4 6 -1 38 0 2 -1 2 28 5 -1" creaseAngle="1.571">
                      <Coordinate point="0.1885 0.7223 0.0496 0.1878 0.7226 0.0466 0.1863 0.7218 0.0508 0.1857 0.7219 0.0465 0.1847 0.7263 0.0525 0.1836 0.7232 0.0520 0.1868 0.7257 0.0477 0.1995 0.7330 0.0496 0.2024 0.7315 0.0489 0.2003 0.7333 0.0468 0.2008 0.7313 0.0526 0.1977 0.7330 0.0539 0.1969 0.7324 0.0560 0.2011 0.7310 0.0529 0.1954 0.7350 0.0544 0.1964 0.7359 0.0491 0.1989 0.7345 0.0461 0.1848 0.7254 0.0492 0.1926 0.7305 0.0537 0.1891 0.7277 0.0514 0.1923 0.7316 0.0527 0.1888 0.7241 0.0467 0.1997 0.7335 0.0457 0.1948 0.7307 0.0466 0.1943 0.7311 0.0472 0.1972 0.7352 0.0507 0.1911 0.7266 0.0473 0.1961 0.7290 0.0470 0.1889 0.7242 0.0524 0.1850 0.7244 0.0469 0.2024 0.7309 0.0486 0.1971 0.7273 0.0483 0.1986 0.7340 0.0495 0.1964 0.7332 0.0559 0.1849 0.7224 0.0497 0.1832 0.7249 0.0512 0.1903 0.7250 0.0525 0.1906 0.7258 0.0528 0.1875 0.7211 0.0487 0.2018 0.7305 0.0523 0.1908 0.7273 0.0475 0.1963 0.7269 0.0525 0.1923 0.7244 0.0501 0.1967 0.7269 0.0513 0.1917 0.7241 0.0493 0.1944 0.7282 0.0542 0.1906 0.7284 0.0499 0.1931 0.7317 0.0501" />
                    </IndexedFaceSet>
                  </Shape>
                  </HAnimSegment>
</HAnimJoint>
<HAnimJoint DEF="Joe_l_metacarpophalangeal_4" name="l_metacarpophalangeal_4">
<HAnimSegment DEF="Joe_l_proximal_phalanx_4" name="l_proximal_phalanx_4">
<TouchSensor description="l_proximal_phalanx_4">
</TouchSensor>
<Shape>
                    <Appearance USE="Bone" />
                    <IndexedFaceSet coordIndex="7 5 6 -1 8 5 7 -1 9 5 8 -1 4 16 17 -1 4 15 16 -1 4 18 15 -1 4 21 20 -1 4 22 23 -1 4 24 22 -1 4 13 24 -1 4 25 13 -1 1 2 3 -1 28 29 30 -1 28 31 29 -1 31 32 29 -1 35 12 36 -1 0 28 29 -1 3 27 42 -1 34 33 36 -1 44 43 45 -1 46 45 47 -1 48 49 46 -1 48 50 49 -1 38 52 39 -1 52 53 39 -1 52 54 53 -1 26 43 44 -1 51 0 56 -1 54 5 53 -1 55 46 57 -1 46 58 59 -1 46 49 58 -1 56 0 60 -1 61 26 44 -1 62 44 55 -1 55 57 63 -1 25 26 64 -1 64 61 65 -1 66 63 67 -1 66 55 63 -1 68 58 69 -1 71 64 65 -1 72 65 73 -1 74 67 75 -1 74 66 67 -1 69 76 68 -1 77 70 29 -1 28 53 78 -1 25 64 79 -1 79 65 72 -1 79 71 65 -1 80 75 81 -1 80 74 75 -1 69 82 76 -1 82 69 77 -1 53 5 78 -1 79 13 25 -1 83 79 72 -1 72 73 80 -1 80 81 84 -1 77 85 82 -1 31 28 32 -1 86 72 87 -1 86 83 72 -1 87 80 88 -1 87 72 80 -1 84 89 80 -1 89 84 90 -1 77 91 85 -1 91 77 92 -1 29 93 77 -1 93 29 94 -1 87 88 95 -1 96 90 97 -1 96 89 90 -1 92 98 91 -1 98 92 99 -1 14 86 87 -1 95 97 100 -1 95 96 97 -1 101 99 102 -1 101 98 99 -1 33 32 103 -1 104 87 95 -1 100 105 95 -1 105 100 106 -1 102 107 101 -1 107 102 108 -1 33 78 109 -1 5 109 78 -1 104 95 105 -1 33 109 112 -1 5 112 109 -1 113 14 110 -1 114 14 113 -1 115 104 105 -1 116 106 107 -1 116 105 106 -1 107 108 117 -1 34 36 111 -1 112 35 33 -1 113 115 118 -1 119 107 120 -1 119 116 107 -1 120 117 121 -1 120 107 117 -1 122 114 113 -1 122 113 118 -1 118 119 120 -1 112 124 35 -1 118 120 125 -1 120 121 126 -1 112 127 124 -1 128 22 122 -1 129 22 128 -1 130 125 131 -1 130 118 125 -1 132 126 133 -1 132 120 126 -1 12 134 123 -1 1 12 127 -1 127 112 135 -1 5 135 112 -1 135 5 9 -1 136 128 122 -1 129 128 136 -1 137 131 138 -1 137 130 131 -1 133 139 132 -1 139 133 140 -1 127 135 2 -1 141 138 142 -1 141 137 138 -1 143 139 140 -1 144 139 143 -1 134 3 145 -1 134 1 3 -1 2 135 146 -1 129 136 147 -1 148 141 142 -1 149 144 143 -1 150 144 149 -1 2 146 151 -1 135 9 146 -1 153 129 147 -1 154 141 148 -1 155 141 154 -1 156 150 149 -1 157 150 156 -1 145 3 158 -1 2 159 3 -1 2 160 159 -1 2 151 160 -1 146 8 151 -1 146 9 8 -1 161 129 153 -1 161 152 129 -1 162 147 163 -1 162 153 147 -1 164 155 154 -1 158 3 19 -1 159 160 165 -1 151 8 160 -1 166 157 156 -1 154 157 166 -1 158 19 167 -1 3 159 27 -1 159 165 27 -1 160 7 165 -1 160 8 7 -1 169 162 163 -1 170 162 169 -1 164 171 172 -1 164 154 171 -1 173 154 166 -1 167 19 42 -1 174 170 169 -1 175 170 174 -1 172 176 177 -1 172 171 176 -1 173 178 179 -1 173 166 178 -1 180 167 42 -1 42 27 181 -1 27 165 181 -1 165 7 6 -1 183 175 174 -1 182 175 183 -1 177 184 185 -1 177 176 184 -1 179 186 187 -1 179 178 186 -1 42 188 41 -1 42 181 188 -1 189 168 182 -1 190 182 183 -1 191 185 184 -1 192 185 191 -1 187 193 194 -1 187 186 193 -1 165 188 181 -1 196 189 182 -1 197 189 196 -1 192 198 199 -1 192 191 198 -1 194 200 201 -1 194 193 200 -1 195 180 40 -1 40 41 202 -1 165 202 188 -1 202 165 6 -1 203 197 196 -1 204 199 198 -1 205 199 204 -1 206 201 200 -1 207 201 206 -1 208 203 196 -1 209 196 190 -1 208 196 209 -1 210 205 204 -1 211 205 210 -1 10 207 206 -1 212 207 10 -1 202 10 40 -1 10 202 213 -1 6 213 202 -1 203 208 214 -1 215 208 209 -1 216 211 210 -1 217 211 216 -1 218 212 10 -1 219 208 215 -1 220 217 216 -1 221 217 220 -1 218 222 223 -1 218 10 222 -1 213 11 10 -1 11 213 224 -1 6 224 213 -1 224 6 225 -1 5 225 6 -1 226 16 214 -1 226 219 227 -1 227 221 220 -1 223 228 229 -1 223 222 228 -1 225 52 224 -1 52 225 5 -1 43 16 226 -1 229 50 48 -1 229 228 50 -1 224 38 11 -1 38 224 52 -1 52 5 54 -1 45 226 227 -1 43 226 45 -1 47 227 48 -1 45 227 47 -1 11 38 51 -1 50 11 51 -1 17 16 43 -1 228 11 50 -1 227 229 48 -1 222 11 228 -1 222 10 11 -1 220 229 227 -1 220 223 229 -1 227 219 221 -1 226 214 219 -1 223 216 218 -1 220 216 223 -1 221 215 217 -1 219 215 221 -1 214 208 219 -1 218 210 212 -1 216 210 218 -1 217 209 211 -1 215 209 217 -1 214 16 203 -1 10 206 40 -1 212 204 207 -1 210 204 212 -1 211 190 205 -1 209 190 211 -1 16 15 203 -1 206 200 40 -1 207 198 201 -1 204 198 207 -1 205 190 199 -1 203 15 197 -1 188 202 41 -1 180 41 40 -1 193 40 200 -1 193 195 40 -1 191 201 198 -1 191 194 201 -1 190 192 199 -1 196 182 190 -1 197 15 189 -1 195 186 180 -1 193 186 195 -1 184 194 191 -1 184 187 194 -1 192 183 185 -1 190 183 192 -1 189 15 168 -1 42 41 180 -1 178 180 186 -1 176 187 184 -1 176 179 187 -1 185 174 177 -1 183 174 185 -1 182 168 175 -1 166 180 178 -1 166 167 180 -1 171 179 176 -1 171 173 179 -1 177 169 172 -1 174 169 177 -1 175 168 170 -1 15 161 168 -1 15 18 161 -1 42 19 3 -1 154 173 171 -1 163 172 169 -1 163 164 172 -1 170 161 162 -1 168 161 170 -1 18 20 161 -1 4 20 18 -1 156 167 166 -1 156 158 167 -1 161 153 162 -1 163 155 164 -1 163 147 155 -1 20 152 161 -1 149 158 156 -1 149 145 158 -1 157 148 150 -1 154 148 157 -1 147 141 155 -1 20 129 152 -1 20 21 129 -1 143 145 149 -1 150 142 144 -1 148 142 150 -1 147 136 141 -1 21 23 129 -1 4 23 21 -1 140 145 143 -1 140 134 145 -1 144 138 139 -1 142 138 144 -1 136 137 141 -1 23 22 129 -1 127 2 1 -1 134 140 133 -1 138 132 139 -1 138 131 132 -1 137 122 130 -1 136 122 137 -1 134 12 1 -1 123 133 126 -1 133 123 134 -1 131 120 132 -1 131 125 120 -1 122 118 130 -1 12 124 127 -1 123 126 121 -1 12 35 124 -1 123 36 12 -1 121 36 123 -1 122 22 114 -1 36 121 117 -1 118 116 119 -1 118 115 116 -1 22 24 114 -1 111 117 108 -1 117 111 36 -1 115 105 116 -1 113 104 115 -1 113 110 104 -1 114 24 14 -1 108 34 111 -1 110 14 104 -1 24 13 14 -1 78 33 103 -1 94 108 102 -1 108 94 34 -1 101 106 100 -1 106 101 107 -1 14 87 104 -1 78 103 32 -1 32 34 94 -1 102 99 94 -1 100 98 101 -1 100 97 98 -1 14 13 86 -1 94 29 32 -1 93 99 92 -1 99 93 94 -1 97 91 98 -1 97 90 91 -1 95 89 96 -1 95 88 89 -1 32 28 78 -1 92 77 93 -1 85 90 84 -1 90 85 91 -1 88 80 89 -1 13 83 86 -1 13 79 83 -1 82 84 81 -1 84 82 85 -1 76 81 75 -1 81 76 82 -1 73 74 80 -1 79 64 71 -1 70 37 29 -1 69 70 77 -1 75 68 76 -1 75 67 68 -1 73 66 74 -1 73 65 66 -1 0 53 28 -1 60 37 70 -1 60 0 37 -1 60 69 58 -1 69 60 70 -1 67 58 68 -1 67 63 58 -1 65 55 66 -1 65 62 55 -1 65 61 62 -1 64 26 61 -1 4 26 25 -1 63 59 58 -1 63 57 59 -1 61 44 62 -1 39 53 0 -1 49 60 58 -1 49 56 60 -1 57 46 59 -1 4 17 26 -1 51 38 0 -1 49 51 56 -1 55 44 46 -1 26 17 43 -1 50 51 49 -1 47 48 46 -1 44 45 46 -1 33 35 36 -1 38 39 0 -1 28 30 29 -1 29 37 0 -1 32 33 34 -1" creaseAngle="1.571">
                      <Coordinate point="0.2123 0.8329 0.0598 0.2157 0.8340 0.0559 0.2158 0.8334 0.0567 0.2165 0.8328 0.0560 0.2106 0.8296 0.0544 0.2143 0.8327 0.0583 0.2146 0.8326 0.0582 0.2144 0.8329 0.0581 0.2144 0.8329 0.0581 0.2144 0.8329 0.0581 0.2145 0.8297 0.0594 0.2137 0.8308 0.0600 0.2150 0.8347 0.0559 0.2099 0.8307 0.0546 0.2101 0.8319 0.0542 0.2114 0.8285 0.0548 0.2110 0.8287 0.0555 0.2102 0.8296 0.0557 0.2116 0.8290 0.0540 0.2169 0.8318 0.0563 0.2115 0.8292 0.0538 0.2114 0.8295 0.0536 0.2111 0.8301 0.0535 0.2112 0.8298 0.0536 0.2104 0.8306 0.0538 0.2099 0.8304 0.0550 0.2099 0.8298 0.0558 0.2164 0.8323 0.0569 0.2126 0.8340 0.0589 0.2120 0.8345 0.0586 0.2120 0.8340 0.0592 0.2122 0.8348 0.0583 0.2125 0.8351 0.0577 0.2135 0.8351 0.0568 0.2130 0.8354 0.0565 0.2142 0.8349 0.0565 0.2137 0.8352 0.0555 0.2118 0.8343 0.0589 0.2131 0.8316 0.0601 0.2132 0.8324 0.0598 0.2158 0.8297 0.0588 0.2165 0.8307 0.0583 0.2170 0.8310 0.0571 0.2104 0.8292 0.0571 0.2097 0.8302 0.0577 0.2109 0.8297 0.0584 0.2109 0.8310 0.0589 0.2115 0.8302 0.0590 0.2121 0.8301 0.0592 0.2117 0.8315 0.0595 0.2122 0.8305 0.0594 0.2126 0.8317 0.0600 0.2139 0.8319 0.0597 0.2136 0.8329 0.0589 0.2141 0.8324 0.0588 0.2098 0.8309 0.0583 0.2121 0.8318 0.0598 0.2108 0.8312 0.0590 0.2108 0.8321 0.0591 0.2108 0.8315 0.0590 0.2116 0.8329 0.0596 0.2093 0.8305 0.0564 0.2095 0.8311 0.0580 0.2100 0.8320 0.0586 0.2095 0.8305 0.0557 0.2090 0.8317 0.0566 0.2094 0.8321 0.0579 0.2097 0.8325 0.0583 0.2102 0.8329 0.0586 0.2106 0.8334 0.0588 0.2114 0.8335 0.0593 0.2092 0.8309 0.0562 0.2090 0.8320 0.0561 0.2089 0.8321 0.0563 0.2092 0.8326 0.0576 0.2096 0.8330 0.0579 0.2100 0.8333 0.0583 0.2109 0.8343 0.0583 0.2135 0.8339 0.0579 0.2095 0.8309 0.0552 0.2092 0.8331 0.0567 0.2096 0.8334 0.0575 0.2100 0.8338 0.0579 0.2092 0.8314 0.0556 0.2097 0.8338 0.0570 0.2101 0.8342 0.0574 0.2096 0.8317 0.0548 0.2095 0.8327 0.0550 0.2093 0.8332 0.0562 0.2096 0.8337 0.0561 0.2099 0.8342 0.0565 0.2104 0.8345 0.0568 0.2108 0.8348 0.0572 0.2113 0.8351 0.0576 0.2118 0.8353 0.0572 0.2103 0.8337 0.0549 0.2100 0.8340 0.0556 0.2103 0.8344 0.0559 0.2107 0.8348 0.0563 0.2111 0.8351 0.0567 0.2107 0.8345 0.0554 0.2111 0.8349 0.0558 0.2115 0.8352 0.0561 0.2131 0.8351 0.0573 0.2106 0.8333 0.0544 0.2108 0.8337 0.0545 0.2118 0.8345 0.0548 0.2121 0.8346 0.0548 0.2122 0.8349 0.0551 0.2140 0.8339 0.0575 0.2106 0.8324 0.0539 0.2128 0.8354 0.0557 0.2144 0.8337 0.0574 0.2113 0.8323 0.0536 0.2109 0.8316 0.0536 0.2115 0.8331 0.0538 0.2114 0.8341 0.0545 0.2130 0.8349 0.0550 0.2126 0.8329 0.0537 0.2123 0.8332 0.0538 0.2131 0.8340 0.0544 0.2133 0.8342 0.0546 0.2120 0.8317 0.0534 0.2145 0.8346 0.0552 0.2148 0.8344 0.0566 0.2131 0.8337 0.0542 0.2140 0.8342 0.0548 0.2154 0.8339 0.0565 0.2123 0.8311 0.0532 0.2128 0.8305 0.0532 0.2129 0.8327 0.0536 0.2139 0.8329 0.0540 0.2143 0.8332 0.0543 0.2147 0.8336 0.0547 0.2154 0.8339 0.0552 0.2149 0.8335 0.0572 0.2137 0.8313 0.0534 0.2141 0.8318 0.0537 0.2143 0.8324 0.0540 0.2147 0.8328 0.0543 0.2152 0.8332 0.0547 0.2145 0.8312 0.0538 0.2147 0.8319 0.0540 0.2156 0.8326 0.0548 0.2152 0.8323 0.0544 0.2163 0.8329 0.0557 0.2151 0.8333 0.0572 0.2142 0.8305 0.0536 0.2151 0.8314 0.0541 0.2160 0.8321 0.0549 0.2156 0.8317 0.0545 0.2153 0.8329 0.0573 0.2128 0.8294 0.0535 0.2134 0.8297 0.0534 0.2158 0.8304 0.0547 0.2148 0.8307 0.0539 0.2164 0.8312 0.0552 0.2159 0.8307 0.0548 0.2167 0.8316 0.0556 0.2163 0.8326 0.0568 0.2154 0.8327 0.0575 0.2129 0.8291 0.0537 0.2140 0.8294 0.0538 0.2146 0.8297 0.0540 0.2155 0.8303 0.0545 0.2154 0.8324 0.0577 0.2166 0.8305 0.0557 0.2168 0.8310 0.0561 0.2131 0.8281 0.0546 0.2147 0.8289 0.0546 0.2141 0.8287 0.0543 0.2158 0.8295 0.0552 0.2153 0.8292 0.0549 0.2163 0.8299 0.0556 0.2147 0.8284 0.0551 0.2140 0.8282 0.0548 0.2157 0.8291 0.0557 0.2152 0.8287 0.0554 0.2165 0.8298 0.0565 0.2161 0.8295 0.0561 0.2167 0.8300 0.0576 0.2163 0.8314 0.0580 0.2134 0.8278 0.0551 0.2145 0.8279 0.0555 0.2155 0.8286 0.0563 0.2150 0.8282 0.0559 0.2163 0.8295 0.0570 0.2159 0.8291 0.0567 0.2164 0.8311 0.0581 0.2124 0.8279 0.0549 0.2138 0.8275 0.0560 0.2152 0.8283 0.0568 0.2147 0.8279 0.0564 0.2160 0.8292 0.0576 0.2156 0.8288 0.0572 0.2166 0.8299 0.0579 0.2126 0.8274 0.0563 0.2122 0.8278 0.0554 0.2148 0.8281 0.0574 0.2144 0.8277 0.0569 0.2156 0.8291 0.0581 0.2152 0.8286 0.0578 0.2158 0.8310 0.0588 0.2120 0.8278 0.0556 0.2144 0.8281 0.0579 0.2140 0.8276 0.0574 0.2152 0.8290 0.0586 0.2148 0.8286 0.0583 0.2124 0.8276 0.0565 0.2131 0.8275 0.0574 0.2139 0.8282 0.0582 0.2135 0.8278 0.0578 0.2143 0.8287 0.0586 0.2150 0.8311 0.0594 0.2114 0.8282 0.0565 0.2126 0.8279 0.0577 0.2134 0.8286 0.0585 0.2130 0.8282 0.0581 0.2138 0.8290 0.0589 0.2120 0.8282 0.0577 0.2129 0.8290 0.0587 0.2125 0.8286 0.0583 0.2139 0.8298 0.0596 0.2134 0.8293 0.0591 0.2146 0.8312 0.0596 0.2147 0.8320 0.0586 0.2111 0.8287 0.0575 0.2118 0.8291 0.0584 0.2132 0.8300 0.0596 0.2128 0.8297 0.0592" />
                    </IndexedFaceSet>
                  </Shape>
                  </HAnimSegment>
</HAnimJoint>
<HAnimJoint DEF="Joe_l_proximal_interphalangeal_5" name="l_proximal_interphalangeal_5">
<HAnimSegment DEF="Joe_l_middle_phalanx_5" name="l_middle_phalanx_5">
<TouchSensor description="l_middle_phalanx_5">
</TouchSensor>
<Shape>
                    <Appearance USE="Bone" />
                    <IndexedFaceSet coordIndex="0 1 2 -1 4 5 3 -1 7 6 2 -1 9 10 8 -1 12 3 5 -1 16 17 18 -1 19 2 17 -1 16 19 17 -1 16 20 19 -1 21 17 2 -1 2 3 22 -1 4 2 13 -1 23 13 7 -1 23 4 13 -1 7 24 12 -1 26 8 27 -1 20 31 19 -1 32 33 31 -1 30 33 34 -1 37 15 38 -1 39 37 10 -1 28 26 27 -1 2 7 13 -1 5 4 12 -1 4 23 12 -1 35 30 36 -1 24 7 0 -1 7 1 0 -1 40 32 20 -1 20 16 40 -1 7 2 1 -1 2 24 0 -1 2 6 7 -1 8 32 40 -1 30 41 29 -1 35 41 30 -1 15 2 22 -1 2 15 21 -1 7 12 23 -1 19 24 2 -1 24 19 42 -1 8 10 27 -1 36 28 10 -1 10 37 11 -1 15 25 43 -1 38 41 35 -1 43 41 38 -1 11 35 36 -1 11 38 35 -1 25 29 41 -1 25 42 29 -1 30 34 36 -1 29 33 30 -1 33 29 31 -1 33 8 34 -1 8 33 32 -1 8 40 44 -1 17 45 18 -1 17 21 45 -1 14 21 15 -1 21 14 45 -1 9 46 47 -1 46 9 48 -1 45 46 44 -1 26 36 34 -1 48 9 8 -1 36 10 11 -1 44 48 8 -1 44 46 48 -1 45 47 46 -1 45 14 47 -1 9 39 10 -1 47 39 9 -1 44 18 45 -1 44 16 18 -1 44 40 16 -1 32 31 20 -1 29 19 31 -1 29 42 19 -1 38 11 37 -1 25 41 43 -1 28 27 10 -1 12 24 25 -1 24 42 25 -1 3 2 4 -1 22 3 15 -1 28 36 26 -1 47 14 39 -1 39 15 37 -1 39 14 15 -1 3 25 15 -1 12 25 3 -1 34 8 26 -1 43 38 15 -1" creaseAngle="1.571">
                      <Coordinate point="0.1629 0.7689 0.1137 0.1619 0.7664 0.1147 0.1624 0.7669 0.1094 0.1569 0.7721 0.1100 0.1547 0.7670 0.1078 0.1550 0.7699 0.1117 0.1616 0.7641 0.1111 0.1598 0.7653 0.1126 0.1722 0.7850 0.1019 0.1654 0.7879 0.0999 0.1647 0.7889 0.1006 0.1625 0.7903 0.1041 0.1572 0.7691 0.1133 0.1601 0.7651 0.1110 0.1607 0.7784 0.1064 0.1598 0.7774 0.1075 0.1683 0.7774 0.1069 0.1652 0.7734 0.1082 0.1674 0.7773 0.1059 0.1651 0.7722 0.1101 0.1681 0.7776 0.1077 0.1640 0.7738 0.1077 0.1588 0.7714 0.1083 0.1550 0.7665 0.1115 0.1622 0.7710 0.1131 0.1601 0.7751 0.1114 0.1701 0.7890 0.1067 0.1673 0.7886 0.1030 0.1662 0.7906 0.1049 0.1660 0.7792 0.1108 0.1668 0.7843 0.1102 0.1671 0.7784 0.1093 0.1705 0.7810 0.1065 0.1695 0.7828 0.1092 0.1706 0.7884 0.1087 0.1649 0.7852 0.1096 0.1663 0.7909 0.1080 0.1615 0.7848 0.1041 0.1616 0.7857 0.1064 0.1617 0.7844 0.1028 0.1707 0.7804 0.1046 0.1631 0.7803 0.1105 0.1633 0.7754 0.1120 0.1608 0.7805 0.1087 0.1699 0.7807 0.1037 0.1661 0.7776 0.1055 0.1666 0.7821 0.1020 0.1643 0.7830 0.1020 0.1680 0.7850 0.0994" />
                    </IndexedFaceSet>
                  </Shape>
                  </HAnimSegment>
</HAnimJoint>
<HAnimJoint DEF="Joe_l_interphalangeal_1" name="l_interphalangeal_1">
<HAnimSegment DEF="Joe_l_distal_phalanx_1" name="l_distal_phalanx_1">
<TouchSensor description="l_distal_phalanx_1">
</TouchSensor>
<Shape>
                    <Appearance USE="Bone" />
                    <IndexedFaceSet coordIndex="4 5 6 -1 4 12 13 -1 14 7 15 -1 9 12 11 -1 13 5 4 -1 22 8 18 -1 1 0 19 -1 24 25 20 -1 15 27 26 -1 28 10 29 -1 10 31 9 -1 32 30 10 -1 19 0 20 -1 35 36 5 -1 35 37 36 -1 38 6 5 -1 41 2 3 -1 7 18 8 -1 16 42 41 -1 16 17 42 -1 18 41 23 -1 18 16 41 -1 14 47 7 -1 14 46 47 -1 44 48 49 -1 21 23 3 -1 29 10 30 -1 21 50 7 -1 25 29 20 -1 1 19 51 -1 9 52 10 -1 32 33 30 -1 43 22 18 -1 44 21 3 -1 17 16 46 -1 16 47 46 -1 11 4 26 -1 11 12 4 -1 4 14 26 -1 14 15 26 -1 11 26 53 -1 33 34 55 -1 9 13 12 -1 41 3 23 -1 8 21 7 -1 43 18 23 -1 19 40 33 -1 40 19 20 -1 56 2 54 -1 56 55 57 -1 51 55 56 -1 27 58 26 -1 50 49 7 -1 10 28 25 -1 19 55 51 -1 33 55 19 -1 46 14 4 -1 42 38 60 -1 42 17 38 -1 1 42 61 -1 1 62 42 -1 61 36 37 -1 61 60 36 -1 9 63 13 -1 64 9 53 -1 9 64 65 -1 32 39 33 -1 37 25 24 -1 59 25 35 -1 63 9 31 -1 65 52 9 -1 65 10 52 -1 2 44 3 -1 2 62 54 -1 2 41 62 -1 27 49 48 -1 7 47 18 -1 21 49 50 -1 43 23 45 -1 8 45 21 -1 53 58 64 -1 53 26 58 -1 58 48 34 -1 58 27 48 -1 45 8 22 -1 22 43 45 -1 23 21 45 -1 44 49 21 -1 47 16 18 -1 62 41 42 -1 7 27 15 -1 10 39 32 -1 39 10 65 -1 35 31 59 -1 35 63 31 -1 37 35 25 -1 0 24 20 -1 0 37 24 -1 65 33 39 -1 64 33 65 -1 53 9 11 -1 5 60 38 -1 5 36 60 -1 0 61 37 -1 0 1 61 -1 61 42 60 -1 51 54 1 -1 51 56 54 -1 46 4 6 -1 34 64 58 -1 33 64 34 -1 40 30 33 -1 40 20 30 -1 10 59 31 -1 10 25 59 -1 30 20 29 -1 29 25 28 -1 57 2 56 -1 57 44 2 -1 49 27 7 -1 62 1 54 -1 63 5 13 -1 63 35 5 -1 57 34 48 -1 57 55 34 -1 48 44 57 -1 6 17 46 -1 38 17 6 -1" creaseAngle="1.571">
                      <Coordinate point="0.1998 0.7656 0.1226 0.1949 0.7574 0.1252 0.1893 0.7433 0.1297 0.1868 0.7400 0.1281 0.1989 0.7538 0.1189 0.2028 0.7604 0.1173 0.2000 0.7543 0.1200 0.1931 0.7396 0.1224 0.1906 0.7347 0.1219 0.1995 0.7642 0.1101 0.1987 0.7677 0.1109 0.1982 0.7581 0.1143 0.1995 0.7581 0.1141 0.2010 0.7589 0.1151 0.1969 0.7473 0.1210 0.1952 0.7475 0.1208 0.1954 0.7397 0.1261 0.1983 0.7479 0.1235 0.1926 0.7371 0.1289 0.1938 0.7654 0.1234 0.1954 0.7734 0.1204 0.1847 0.7380 0.1280 0.1912 0.7319 0.1258 0.1902 0.7371 0.1305 0.2023 0.7686 0.1196 0.2036 0.7677 0.1183 0.1967 0.7539 0.1185 0.1938 0.7480 0.1217 0.2026 0.7685 0.1149 0.1979 0.7708 0.1172 0.1945 0.7714 0.1159 0.2033 0.7647 0.1108 0.1917 0.7693 0.1145 0.1909 0.7657 0.1203 0.1914 0.7572 0.1224 0.2046 0.7634 0.1162 0.2025 0.7625 0.1213 0.2018 0.7653 0.1216 0.2005 0.7545 0.1210 0.1906 0.7657 0.1166 0.1921 0.7719 0.1213 0.1930 0.7420 0.1293 0.1961 0.7499 0.1270 0.1928 0.7355 0.1286 0.1877 0.7431 0.1273 0.1873 0.7344 0.1279 0.1976 0.7476 0.1222 0.1955 0.7411 0.1244 0.1902 0.7504 0.1247 0.1896 0.7435 0.1256 0.1895 0.7398 0.1249 0.1926 0.7576 0.1246 0.1953 0.7656 0.1108 0.1970 0.7587 0.1150 0.1926 0.7511 0.1272 0.1916 0.7576 0.1237 0.1911 0.7513 0.1265 0.1903 0.7511 0.1258 0.1935 0.7552 0.1205 0.2051 0.7657 0.1134 0.2002 0.7558 0.1241 0.1971 0.7571 0.1257 0.1943 0.7506 0.1275 0.2026 0.7621 0.1125 0.1936 0.7608 0.1172 0.1932 0.7644 0.1146" />
                    </IndexedFaceSet>
                  </Shape>
                  </HAnimSegment>
</HAnimJoint>
<HAnimJoint DEF="Joe_l_metacarpophalangeal_2" name="l_metacarpophalangeal_2">
<HAnimSegment DEF="Joe_l_proximal_phalanx_2" name="l_proximal_phalanx_2">
<TouchSensor description="l_proximal_phalanx_2">
</TouchSensor>
<Shape>
                    <Appearance USE="Bone" />
                    <IndexedFaceSet coordIndex="2 3 1 -1 1 11 12 -1 1 13 11 -1 14 15 16 -1 23 24 14 -1 23 25 24 -1 15 3 27 -1 3 2 27 -1 10 5 9 -1 5 10 4 -1 30 31 9 -1 30 32 31 -1 26 4 9 -1 33 9 34 -1 33 35 9 -1 9 35 39 -1 35 22 39 -1 22 40 39 -1 21 40 22 -1 8 7 6 -1 36 34 5 -1 18 28 43 -1 17 28 18 -1 16 15 27 -1 16 44 45 -1 16 27 44 -1 40 45 44 -1 21 45 40 -1 22 46 47 -1 46 22 48 -1 49 50 48 -1 50 24 25 -1 50 49 24 -1 1 7 0 -1 37 43 38 -1 51 41 52 -1 51 36 41 -1 7 8 42 -1 41 54 52 -1 41 55 54 -1 20 18 37 -1 18 20 19 -1 37 56 20 -1 56 37 57 -1 58 28 59 -1 48 22 33 -1 21 61 60 -1 21 47 61 -1 47 58 61 -1 47 46 58 -1 58 50 38 -1 48 51 49 -1 25 53 50 -1 25 57 53 -1 13 14 11 -1 32 44 27 -1 29 23 16 -1 29 20 23 -1 16 62 29 -1 29 62 17 -1 5 34 9 -1 33 34 51 -1 55 11 54 -1 12 11 55 -1 1 12 55 -1 14 54 11 -1 54 14 24 -1 1 41 6 -1 55 41 1 -1 36 6 41 -1 36 5 6 -1 2 1 32 -1 9 0 26 -1 0 9 31 -1 26 42 4 -1 0 42 26 -1 44 39 40 -1 44 30 39 -1 30 44 32 -1 1 0 31 -1 1 31 32 -1 39 30 9 -1 8 5 4 -1 5 8 6 -1 51 34 36 -1 21 17 62 -1 23 20 56 -1 14 16 23 -1 16 45 62 -1 21 62 45 -1 32 27 2 -1 56 25 23 -1 25 56 57 -1 57 37 53 -1 52 24 49 -1 46 50 58 -1 37 50 53 -1 50 37 38 -1 33 51 48 -1 58 59 61 -1 17 61 59 -1 61 17 60 -1 33 22 35 -1 60 17 21 -1 38 28 58 -1 17 59 28 -1 20 29 19 -1 19 29 18 -1 43 37 18 -1 24 52 54 -1 42 8 4 -1 0 7 42 -1 52 49 51 -1 43 28 38 -1 1 3 13 -1 6 7 1 -1 46 48 50 -1 22 47 21 -1 17 18 29 -1 13 15 14 -1 13 3 15 -1 4 10 9 -1" creaseAngle="1.571">
                      <Coordinate point="0.1924 0.7309 0.0947 0.1960 0.7317 0.0943 0.2006 0.7421 0.0942 0.2016 0.7418 0.0934 0.1867 0.7283 0.1006 0.1933 0.7285 0.1019 0.1950 0.7275 0.0969 0.1903 0.7261 0.0925 0.1894 0.7251 0.0960 0.1933 0.7348 0.1010 0.1896 0.7287 0.1026 0.2038 0.7409 0.0944 0.1968 0.7315 0.0944 0.2025 0.7414 0.0937 0.2075 0.7492 0.0928 0.2066 0.7496 0.0924 0.2071 0.7551 0.0919 0.2072 0.7633 0.1000 0.2133 0.7607 0.0968 0.2111 0.7623 0.0912 0.2143 0.7606 0.0915 0.2019 0.7574 0.1010 0.2012 0.7509 0.1026 0.2095 0.7534 0.0913 0.2092 0.7467 0.0956 0.2129 0.7505 0.0960 0.1908 0.7328 0.1011 0.2037 0.7491 0.0934 0.2092 0.7618 0.1050 0.2080 0.7620 0.0937 0.1985 0.7432 0.0993 0.1940 0.7348 0.0991 0.1996 0.7427 0.0967 0.2000 0.7432 0.1031 0.1950 0.7327 0.1030 0.1981 0.7440 0.1025 0.1987 0.7326 0.1005 0.2167 0.7575 0.0985 0.2142 0.7596 0.1040 0.1978 0.7438 0.1010 0.2007 0.7508 0.1006 0.1988 0.7325 0.0982 0.1885 0.7290 0.0951 0.2163 0.7600 0.1013 0.2015 0.7502 0.0988 0.2032 0.7548 0.0976 0.2066 0.7535 0.1047 0.2038 0.7549 0.1040 0.2062 0.7484 0.1036 0.2089 0.7471 0.1016 0.2115 0.7527 0.1031 0.2034 0.7414 0.1023 0.2049 0.7405 0.0984 0.2147 0.7539 0.1005 0.2048 0.7406 0.0959 0.1976 0.7314 0.0951 0.2141 0.7562 0.0918 0.2159 0.7552 0.0959 0.2083 0.7598 0.1054 0.2058 0.7632 0.1018 0.2029 0.7595 0.1028 0.2068 0.7592 0.1049 0.2043 0.7586 0.0972" />
                    </IndexedFaceSet>
                  </Shape>
                  <Shape>
                    <Appearance USE="Bone" />
                    <IndexedFaceSet coordIndex="3 4 5 -1 16 17 18 -1 16 19 17 -1 20 21 22 -1 23 24 25 -1 32 33 6 -1 11 35 32 -1 5 7 3 -1 8 9 11 -1 39 5 10 -1 13 1 12 -1 25 14 15 -1 24 0 40 -1 24 41 0 -1 30 1 2 -1 1 30 0 -1 12 42 22 -1 12 0 42 -1 23 43 15 -1 14 24 45 -1 44 14 45 -1 45 2 44 -1 2 37 44 -1 2 38 37 -1 17 19 26 -1 23 18 20 -1 21 18 17 -1 22 41 20 -1 12 1 0 -1 41 42 0 -1 43 25 15 -1 25 43 23 -1 32 1 13 -1 32 2 1 -1 8 5 4 -1 11 10 8 -1 37 38 11 -1 4 3 29 -1 11 6 34 -1 6 11 32 -1 31 12 17 -1 31 6 12 -1 29 3 27 -1 15 18 23 -1 26 16 15 -1 26 19 16 -1 26 31 17 -1 5 8 10 -1 15 16 18 -1 27 36 28 -1 36 27 47 -1 47 44 49 -1 27 3 31 -1 11 9 37 -1 7 39 34 -1 6 7 34 -1 50 39 10 -1 4 46 8 -1 4 29 46 -1 47 31 26 -1 47 27 31 -1 27 28 29 -1 28 48 8 -1 36 47 49 -1 49 44 37 -1 50 34 39 -1 6 13 12 -1 33 13 6 -1 34 50 11 -1 33 32 13 -1 24 23 41 -1 20 41 23 -1 24 40 45 -1 40 30 51 -1 40 0 30 -1 51 30 2 -1 21 12 22 -1 21 17 12 -1 21 20 18 -1 14 26 15 -1 14 44 26 -1 2 45 51 -1 51 45 40 -1 32 38 2 -1 38 32 11 -1 10 11 50 -1 28 37 48 -1 39 7 5 -1 31 3 7 -1 46 28 8 -1 31 7 6 -1 37 28 36 -1 36 49 37 -1 44 47 26 -1 29 28 46 -1 22 42 41 -1 25 24 14 -1 32 35 11 -1 48 9 8 -1 48 37 9 -1" creaseAngle="1.571">
                      <Coordinate point="0.2030 0.8331 0.0838 0.2067 0.8377 0.0836 0.2076 0.8432 0.0835 0.2027 0.8471 0.0657 0.2084 0.8495 0.0628 0.2078 0.8479 0.0651 0.2038 0.8417 0.0731 0.2044 0.8452 0.0671 0.2126 0.8517 0.0691 0.2091 0.8514 0.0796 0.2117 0.8491 0.0703 0.2121 0.8468 0.0775 0.2028 0.8393 0.0748 0.2060 0.8400 0.0800 0.1965 0.8431 0.0832 0.1941 0.8433 0.0790 0.1937 0.8423 0.0778 0.1980 0.8405 0.0740 0.1943 0.8383 0.0757 0.1976 0.8458 0.0748 0.1946 0.8326 0.0782 0.1956 0.8371 0.0750 0.2007 0.8355 0.0763 0.1913 0.8354 0.0795 0.1963 0.8366 0.0846 0.1923 0.8399 0.0826 0.1979 0.8472 0.0754 0.2025 0.8510 0.0686 0.2062 0.8535 0.0720 0.2059 0.8511 0.0647 0.2056 0.8368 0.0844 0.2007 0.8456 0.0695 0.2091 0.8440 0.0798 0.2064 0.8428 0.0785 0.2063 0.8449 0.0737 0.2127 0.8449 0.0795 0.2044 0.8530 0.0755 0.2083 0.8517 0.0793 0.2113 0.8469 0.0806 0.2079 0.8465 0.0695 0.1974 0.8372 0.0849 0.1974 0.8344 0.0836 0.2008 0.8325 0.0803 0.1899 0.8375 0.0793 0.2028 0.8477 0.0821 0.2015 0.8431 0.0854 0.2099 0.8537 0.0697 0.1990 0.8501 0.0765 0.2131 0.8529 0.0757 0.2040 0.8514 0.0792 0.2091 0.8471 0.0729 0.2041 0.8398 0.0853" />
                    </IndexedFaceSet>
                  </Shape>
                  </HAnimSegment>
</HAnimJoint>
<HAnimJoint DEF="Joe_l_carpometacarpal_3" name="l_carpometacarpal_3">
<HAnimSegment DEF="Joe_l_metacarpal_3" name="l_metacarpal_3">
<TouchSensor description="l_metacarpal_3">
</TouchSensor>
<Shape>
                    <Appearance USE="Bone" />
                    <IndexedFaceSet coordIndex="10 11 12 -1 21 19 22 -1 25 26 27 -1 5 7 6 -1 5 28 7 -1 30 31 32 -1 31 33 32 -1 34 35 32 -1 34 36 35 -1 3 1 4 -1 29 9 4 -1 38 29 4 -1 38 39 29 -1 9 40 41 -1 1 42 24 -1 7 8 6 -1 0 1 3 -1 28 43 7 -1 24 4 1 -1 24 23 4 -1 10 45 11 -1 8 0 46 -1 46 6 8 -1 2 3 4 -1 7 0 8 -1 30 47 48 -1 30 49 47 -1 50 28 31 -1 28 50 51 -1 43 51 42 -1 43 28 51 -1 14 13 16 -1 14 15 13 -1 55 56 5 -1 57 58 24 -1 58 57 59 -1 10 60 61 -1 37 12 13 -1 12 11 13 -1 16 13 11 -1 61 63 45 -1 64 63 61 -1 10 61 45 -1 24 65 57 -1 66 67 14 -1 66 63 67 -1 26 65 27 -1 26 57 65 -1 52 15 69 -1 25 47 68 -1 25 48 47 -1 49 54 52 -1 54 49 35 -1 33 62 32 -1 17 54 70 -1 17 70 20 -1 22 36 34 -1 22 19 36 -1 71 72 58 -1 21 72 73 -1 72 21 56 -1 74 73 71 -1 71 60 75 -1 60 71 59 -1 44 75 10 -1 44 74 75 -1 10 12 44 -1 37 44 12 -1 16 66 14 -1 65 24 27 -1 24 42 51 -1 28 62 33 -1 6 39 5 -1 6 29 39 -1 55 72 56 -1 72 39 58 -1 58 39 24 -1 4 23 38 -1 4 41 2 -1 4 9 41 -1 2 41 40 -1 0 42 1 -1 0 2 40 -1 0 9 46 -1 0 40 9 -1 38 24 39 -1 24 38 23 -1 5 72 55 -1 39 72 5 -1 9 29 6 -1 62 5 56 -1 62 28 5 -1 31 28 33 -1 27 51 50 -1 24 51 27 -1 16 11 66 -1 13 15 53 -1 18 13 53 -1 67 15 14 -1 69 15 67 -1 37 19 44 -1 44 19 74 -1 10 75 60 -1 71 75 74 -1 19 73 74 -1 73 19 21 -1 71 73 72 -1 58 59 71 -1 36 20 70 -1 20 36 19 -1 34 56 22 -1 56 34 62 -1 54 36 70 -1 35 36 54 -1 62 34 32 -1 32 49 30 -1 49 32 35 -1 50 48 25 -1 69 47 52 -1 69 68 47 -1 68 69 67 -1 50 25 27 -1 63 68 67 -1 63 64 68 -1 61 26 64 -1 26 61 57 -1 45 66 11 -1 63 66 45 -1 17 37 13 -1 17 13 18 -1 64 25 68 -1 64 26 25 -1 59 61 60 -1 59 57 61 -1 56 21 22 -1 19 17 20 -1 19 37 17 -1 17 18 54 -1 53 54 18 -1 54 53 52 -1 53 15 52 -1 9 6 46 -1 3 2 0 -1 42 7 43 -1 31 48 50 -1 31 30 48 -1 49 52 47 -1 0 7 42 -1" creaseAngle="1.571">
                      <Coordinate point="0.1966 0.7280 0.0785 0.2012 0.7318 0.0782 0.1932 0.7331 0.0790 0.1968 0.7308 0.0799 0.1947 0.7342 0.0774 0.2059 0.7365 0.0711 0.2000 0.7311 0.0697 0.2029 0.7308 0.0735 0.2001 0.7283 0.0749 0.1951 0.7301 0.0697 0.2131 0.7610 0.0808 0.2163 0.7648 0.0824 0.2152 0.7638 0.0772 0.2210 0.7630 0.0765 0.2220 0.7597 0.0828 0.2240 0.7582 0.0805 0.2216 0.7635 0.0809 0.2196 0.7621 0.0689 0.2233 0.7624 0.0702 0.2134 0.7558 0.0710 0.2156 0.7584 0.0693 0.2100 0.7490 0.0718 0.2103 0.7486 0.0707 0.2021 0.7398 0.0797 0.2043 0.7390 0.0795 0.2131 0.7459 0.0801 0.2119 0.7468 0.0807 0.2096 0.7412 0.0795 0.2070 0.7366 0.0717 0.1971 0.7342 0.0725 0.2156 0.7442 0.0747 0.2119 0.7399 0.0754 0.2145 0.7450 0.0730 0.2116 0.7403 0.0731 0.2134 0.7458 0.0714 0.2184 0.7503 0.0728 0.2171 0.7514 0.0710 0.2170 0.7642 0.0702 0.2015 0.7388 0.0757 0.2027 0.7398 0.0752 0.1946 0.7290 0.0754 0.1943 0.7325 0.0729 0.2040 0.7333 0.0772 0.2060 0.7337 0.0754 0.2147 0.7617 0.0746 0.2143 0.7590 0.0825 0.1981 0.7272 0.0736 0.2199 0.7491 0.0762 0.2157 0.7441 0.0760 0.2197 0.7493 0.0747 0.2108 0.7406 0.0774 0.2079 0.7375 0.0778 0.2242 0.7550 0.0762 0.2258 0.7601 0.0765 0.2228 0.7569 0.0710 0.2041 0.7384 0.0706 0.2067 0.7426 0.0709 0.2083 0.7494 0.0808 0.2041 0.7420 0.0780 0.2081 0.7501 0.0792 0.2104 0.7552 0.0811 0.2111 0.7547 0.0814 0.2088 0.7386 0.0720 0.2169 0.7575 0.0827 0.2155 0.7522 0.0814 0.2054 0.7413 0.0800 0.2187 0.7614 0.0837 0.2196 0.7558 0.0819 0.2170 0.7513 0.0807 0.2217 0.7545 0.0803 0.2214 0.7565 0.0704 0.2089 0.7497 0.0764 0.2054 0.7432 0.0751 0.2098 0.7493 0.0737 0.2125 0.7548 0.0736 0.2116 0.7554 0.0782" />
                    </IndexedFaceSet>
                  </Shape>
                  <Shape>
                    <Appearance USE="Bone" />
                    <IndexedFaceSet coordIndex="5 7 6 -1 16 17 18 -1 16 19 17 -1 21 20 22 -1 7 25 26 -1 7 27 25 -1 0 30 31 -1 32 13 14 -1 33 34 35 -1 20 36 33 -1 8 38 6 -1 2 39 40 -1 24 2 4 -1 15 13 12 -1 15 14 13 -1 40 20 2 -1 43 44 12 -1 31 45 46 -1 2 48 39 -1 48 25 39 -1 7 5 49 -1 14 3 4 -1 52 51 8 -1 24 48 2 -1 40 27 22 -1 6 38 5 -1 1 47 5 -1 10 37 14 -1 4 3 24 -1 37 3 14 -1 39 25 27 -1 17 19 20 -1 20 21 17 -1 27 40 39 -1 29 41 21 -1 1 54 0 -1 1 0 55 -1 20 40 22 -1 6 24 3 -1 11 23 56 -1 57 37 11 -1 3 52 8 -1 3 37 52 -1 8 6 3 -1 56 58 11 -1 15 59 10 -1 60 61 12 -1 50 36 16 -1 41 62 21 -1 41 63 62 -1 45 64 65 -1 66 64 45 -1 61 67 59 -1 23 68 9 -1 68 23 69 -1 8 9 5 -1 49 28 27 -1 29 0 31 -1 2 14 4 -1 2 32 14 -1 52 57 58 -1 57 11 58 -1 67 30 70 -1 67 66 30 -1 63 53 62 -1 0 28 55 -1 67 70 71 -1 63 41 50 -1 72 44 50 -1 19 36 20 -1 61 59 12 -1 65 50 46 -1 50 65 72 -1 29 46 42 -1 73 21 62 -1 21 27 29 -1 11 67 71 -1 11 10 67 -1 54 71 70 -1 54 23 71 -1 5 69 1 -1 27 28 29 -1 49 47 28 -1 26 6 7 -1 32 35 13 -1 15 10 14 -1 18 17 53 -1 5 9 68 -1 12 13 35 -1 60 12 44 -1 47 1 55 -1 29 42 41 -1 42 50 41 -1 17 21 73 -1 48 24 6 -1 55 28 47 -1 27 21 22 -1 63 50 16 -1 50 44 36 -1 45 31 30 -1 23 58 56 -1 9 8 58 -1 51 52 58 -1 6 25 48 -1 26 25 6 -1 49 5 47 -1 30 0 54 -1 23 54 1 -1 23 11 71 -1 59 15 12 -1 66 45 30 -1 50 42 46 -1 65 60 72 -1 65 64 60 -1 60 44 72 -1 20 33 2 -1 31 46 29 -1 53 16 18 -1 53 63 16 -1 64 61 60 -1 70 30 54 -1 69 5 68 -1 5 38 8 -1 9 58 23 -1 36 43 34 -1 43 36 44 -1 33 36 34 -1 12 34 43 -1 12 35 34 -1 2 33 32 -1 32 33 35 -1 0 29 28 -1 49 27 7 -1 69 23 1 -1 10 59 67 -1 67 64 66 -1 67 61 64 -1 46 45 65 -1 17 62 53 -1 17 73 62 -1 36 19 16 -1 58 8 51 -1 52 37 57 -1 11 37 10 -1" creaseAngle="1.571">
                      <Coordinate point="0.2236 0.8342 0.0590 0.2229 0.8310 0.0566 0.2145 0.8375 0.0653 0.2143 0.8323 0.0611 0.2138 0.8349 0.0623 0.2211 0.8309 0.0603 0.2172 0.8318 0.0625 0.2212 0.8332 0.0618 0.2170 0.8305 0.0598 0.2185 0.8294 0.0570 0.2150 0.8365 0.0553 0.2180 0.8345 0.0545 0.2144 0.8407 0.0596 0.2135 0.8388 0.0601 0.2134 0.8356 0.0593 0.2140 0.8387 0.0563 0.2189 0.8431 0.0682 0.2183 0.8407 0.0708 0.2189 0.8421 0.0697 0.2163 0.8413 0.0690 0.2158 0.8392 0.0677 0.2201 0.8386 0.0688 0.2206 0.8375 0.0667 0.2206 0.8313 0.0542 0.2152 0.8341 0.0650 0.2180 0.8346 0.0640 0.2180 0.8318 0.0626 0.2217 0.8360 0.0642 0.2239 0.8360 0.0617 0.2239 0.8372 0.0621 0.2208 0.8368 0.0575 0.2230 0.8378 0.0599 0.2142 0.8377 0.0625 0.2152 0.8398 0.0637 0.2162 0.8420 0.0628 0.2145 0.8407 0.0613 0.2170 0.8421 0.0658 0.2138 0.8342 0.0578 0.2179 0.8315 0.0623 0.2176 0.8361 0.0651 0.2170 0.8373 0.0665 0.2228 0.8410 0.0646 0.2228 0.8412 0.0641 0.2161 0.8425 0.0619 0.2184 0.8436 0.0617 0.2212 0.8399 0.0599 0.2225 0.8415 0.0623 0.2235 0.8319 0.0590 0.2158 0.8339 0.0653 0.2233 0.8340 0.0614 0.2209 0.8436 0.0644 0.2168 0.8311 0.0566 0.2156 0.8331 0.0566 0.2204 0.8415 0.0691 0.2219 0.8332 0.0561 0.2235 0.8334 0.0587 0.2192 0.8318 0.0536 0.2158 0.8337 0.0560 0.2174 0.8315 0.0558 0.2159 0.8385 0.0561 0.2168 0.8415 0.0591 0.2156 0.8405 0.0581 0.2213 0.8403 0.0682 0.2214 0.8418 0.0669 0.2186 0.8405 0.0587 0.2204 0.8414 0.0605 0.2194 0.8391 0.0582 0.2177 0.8381 0.0565 0.2212 0.8299 0.0576 0.2226 0.8306 0.0573 0.2199 0.8361 0.0565 0.2191 0.8355 0.0557 0.2196 0.8428 0.0611 0.2206 0.8385 0.0689" />
                    </IndexedFaceSet>
                  </Shape>
                  </HAnimSegment>
</HAnimJoint>
<HAnimJoint DEF="Joe_l_carpometacarpal_4" name="l_carpometacarpal_4">
<HAnimSegment DEF="Joe_l_metacarpal_4" name="l_metacarpal_4">
<TouchSensor description="l_metacarpal_4">
</TouchSensor>
<Shape>
                    <Appearance USE="Bone" />
                    <IndexedFaceSet coordIndex="12 13 14 -1 13 12 15 -1 12 16 15 -1 17 1 18 -1 20 18 21 -1 21 22 20 -1 5 19 4 -1 5 4 6 -1 2 10 25 -1 1 17 2 -1 11 25 10 -1 31 32 27 -1 3 33 34 -1 3 35 33 -1 9 37 36 -1 19 5 38 -1 14 2 39 -1 23 38 5 -1 42 43 44 -1 45 31 46 -1 45 40 31 -1 1 0 18 -1 2 14 10 -1 14 13 10 -1 3 38 23 -1 23 9 3 -1 7 6 4 -1 4 48 7 -1 44 49 50 -1 44 51 49 -1 39 2 28 -1 12 14 29 -1 49 51 35 -1 41 5 7 -1 48 4 58 -1 19 38 3 -1 17 20 24 -1 17 18 20 -1 47 0 11 -1 46 59 24 -1 46 31 59 -1 40 45 41 -1 33 44 43 -1 42 60 61 -1 62 60 42 -1 43 63 33 -1 4 19 3 -1 8 5 56 -1 53 65 64 -1 66 67 68 -1 37 9 56 -1 69 54 64 -1 71 70 16 -1 15 16 21 -1 39 26 14 -1 39 28 26 -1 26 17 24 -1 16 67 22 -1 24 27 26 -1 24 59 27 -1 72 41 73 -1 40 41 72 -1 74 33 63 -1 74 75 33 -1 50 49 76 -1 53 64 54 -1 41 77 52 -1 77 41 45 -1 5 8 9 -1 53 5 52 -1 5 53 55 -1 49 37 54 -1 36 37 49 -1 9 57 3 -1 57 9 36 -1 57 35 3 -1 57 49 35 -1 58 75 48 -1 33 75 58 -1 7 75 73 -1 48 75 7 -1 45 66 77 -1 45 46 66 -1 70 64 68 -1 69 78 76 -1 69 71 78 -1 44 30 42 -1 74 63 61 -1 61 72 74 -1 61 32 72 -1 67 66 24 -1 31 27 59 -1 60 32 61 -1 32 60 27 -1 78 12 30 -1 12 71 16 -1 12 78 71 -1 21 16 22 -1 62 29 14 -1 17 28 2 -1 11 1 2 -1 11 0 1 -1 62 30 29 -1 30 62 42 -1 0 47 11 -1 0 11 10 -1 14 27 60 -1 26 27 14 -1 68 16 70 -1 67 16 68 -1 66 46 24 -1 32 40 72 -1 32 31 40 -1 50 30 44 -1 76 30 50 -1 76 78 30 -1 66 65 77 -1 7 73 41 -1 58 4 33 -1 36 49 57 -1 56 9 8 -1 54 56 53 -1 54 37 56 -1 52 65 53 -1 65 52 77 -1 54 76 49 -1 76 54 69 -1 33 51 44 -1 74 73 75 -1 72 73 74 -1 67 24 20 -1 26 28 17 -1 21 0 15 -1 64 71 69 -1 64 70 71 -1 9 23 5 -1 21 18 0 -1 22 67 20 -1 68 65 66 -1 64 65 68 -1 55 53 56 -1 15 10 13 -1 15 0 10 -1 61 43 42 -1 61 63 43 -1 14 60 62 -1 34 33 4 -1 2 25 11 -1 34 4 3 -1 51 33 35 -1 5 41 52 -1 55 56 5 -1 5 6 7 -1 29 30 12 -1" creaseAngle="1.571">
                      <Coordinate point="0.2016 0.7327 0.0514 0.1978 0.7346 0.0542 0.2005 0.7367 0.0479 0.2221 0.7613 0.0502 0.2188 0.7642 0.0526 0.2208 0.7609 0.0593 0.2176 0.7637 0.0566 0.2160 0.7622 0.0571 0.2249 0.7594 0.0555 0.2244 0.7598 0.0524 0.2023 0.7339 0.0475 0.1991 0.7343 0.0491 0.2087 0.7388 0.0508 0.2077 0.7381 0.0499 0.2043 0.7388 0.0495 0.2058 0.7350 0.0509 0.2085 0.7386 0.0532 0.2002 0.7379 0.0545 0.2026 0.7357 0.0564 0.2210 0.7632 0.0530 0.2044 0.7400 0.0565 0.2042 0.7346 0.0539 0.2065 0.7369 0.0541 0.2240 0.7607 0.0533 0.2042 0.7404 0.0561 0.2003 0.7346 0.0464 0.2035 0.7396 0.0535 0.2056 0.7426 0.0544 0.2015 0.7376 0.0520 0.2078 0.7419 0.0494 0.2127 0.7477 0.0501 0.2095 0.7489 0.0567 0.2098 0.7490 0.0537 0.2157 0.7595 0.0491 0.2186 0.7629 0.0502 0.2211 0.7583 0.0494 0.2223 0.7562 0.0504 0.2229 0.7557 0.0522 0.2232 0.7614 0.0534 0.2023 0.7376 0.0499 0.2120 0.7536 0.0574 0.2146 0.7583 0.0589 0.2114 0.7490 0.0492 0.2133 0.7543 0.0484 0.2144 0.7538 0.0483 0.2121 0.7533 0.0582 0.2102 0.7483 0.0576 0.2005 0.7328 0.0510 0.2154 0.7622 0.0536 0.2213 0.7559 0.0498 0.2172 0.7518 0.0491 0.2179 0.7572 0.0485 0.2176 0.7566 0.0597 0.2206 0.7546 0.0577 0.2214 0.7542 0.0562 0.2208 0.7597 0.0596 0.2237 0.7566 0.0556 0.2224 0.7574 0.0500 0.2152 0.7618 0.0511 0.2053 0.7427 0.0558 0.2066 0.7428 0.0502 0.2105 0.7494 0.0503 0.2073 0.7425 0.0493 0.2129 0.7544 0.0487 0.2176 0.7496 0.0552 0.2160 0.7508 0.0580 0.2118 0.7472 0.0568 0.2079 0.7401 0.0553 0.2135 0.7461 0.0561 0.2181 0.7494 0.0539 0.2142 0.7456 0.0548 0.2146 0.7457 0.0523 0.2123 0.7543 0.0543 0.2142 0.7589 0.0548 0.2125 0.7546 0.0514 0.2143 0.7594 0.0524 0.2181 0.7504 0.0509 0.2143 0.7521 0.0586 0.2140 0.7465 0.0510" />
                    </IndexedFaceSet>
                  </Shape>
                  </HAnimSegment>
</HAnimJoint>
<HAnimJoint DEF="Joe_l_carpometacarpal_5" name="l_carpometacarpal_5">
<HAnimSegment DEF="Joe_l_metacarpal_5" name="l_metacarpal_5">
<TouchSensor description="l_metacarpal_5">
</TouchSensor>
<Shape>
                    <Appearance USE="Bone" />
                    <IndexedFaceSet coordIndex="0 1 2 -1 4 6 7 -1 12 13 11 -1 16 17 18 -1 22 23 5 -1 5 24 22 -1 5 25 26 -1 30 31 17 -1 32 0 19 -1 24 26 22 -1 18 17 35 -1 37 7 36 -1 38 9 11 -1 40 1 41 -1 40 42 1 -1 44 45 1 -1 35 17 31 -1 31 46 35 -1 4 34 18 -1 20 21 22 -1 20 47 44 -1 44 47 48 -1 0 41 1 -1 49 0 32 -1 39 21 40 -1 39 8 21 -1 9 38 8 -1 16 36 10 -1 18 34 7 -1 7 37 18 -1 36 7 12 -1 36 12 9 -1 27 3 2 -1 14 4 15 -1 17 10 32 -1 4 18 15 -1 5 26 24 -1 11 13 50 -1 1 27 2 -1 16 37 36 -1 9 10 36 -1 19 17 32 -1 5 50 13 -1 10 9 51 -1 4 43 6 -1 23 22 21 -1 43 25 5 -1 47 25 48 -1 37 16 18 -1 47 20 22 -1 27 43 3 -1 43 4 3 -1 14 46 3 -1 30 0 28 -1 51 8 52 -1 8 51 9 -1 40 53 39 -1 52 49 32 -1 49 52 53 -1 0 49 41 -1 40 20 42 -1 21 20 40 -1 45 27 1 -1 2 28 0 -1 25 43 27 -1 5 6 43 -1 44 48 27 -1 47 26 25 -1 23 33 5 -1 5 33 50 -1 33 8 38 -1 33 23 8 -1 3 29 2 -1 19 0 30 -1 46 15 35 -1 3 31 29 -1 3 46 31 -1 38 50 33 -1 38 11 50 -1 44 27 45 -1 1 42 44 -1 42 20 44 -1 10 52 32 -1 52 10 51 -1 40 49 53 -1 49 40 41 -1 39 52 8 -1 39 53 52 -1 23 21 8 -1 7 5 13 -1 6 5 7 -1 15 18 35 -1 12 7 13 -1 4 7 34 -1 10 17 16 -1 47 22 26 -1 29 30 28 -1 29 31 30 -1 28 2 29 -1 48 25 27 -1 15 46 14 -1 14 3 4 -1 11 9 12 -1 19 30 17 -1" creaseAngle="1.571">
                      <Coordinate point="0.2078 0.8309 0.0704 0.2079 0.8379 0.0678 0.2078 0.8317 0.0644 0.2080 0.8259 0.0605 0.2093 0.8233 0.0573 0.2216 0.8321 0.0620 0.2176 0.8274 0.0582 0.2185 0.8249 0.0597 0.2204 0.8316 0.0737 0.2217 0.8254 0.0693 0.2188 0.8246 0.0695 0.2236 0.8260 0.0659 0.2230 0.8258 0.0659 0.2234 0.8279 0.0610 0.2025 0.8208 0.0607 0.2061 0.8188 0.0591 0.2142 0.8232 0.0678 0.2127 0.8228 0.0704 0.2109 0.8199 0.0634 0.2095 0.8262 0.0708 0.2162 0.8400 0.0716 0.2179 0.8379 0.0738 0.2199 0.8370 0.0685 0.2209 0.8354 0.0704 0.2209 0.8331 0.0628 0.2146 0.8333 0.0629 0.2170 0.8340 0.0635 0.2109 0.8336 0.0632 0.2077 0.8290 0.0682 0.2073 0.8264 0.0620 0.2096 0.8254 0.0688 0.2097 0.8245 0.0667 0.2127 0.8266 0.0723 0.2225 0.8326 0.0658 0.2131 0.8213 0.0597 0.2104 0.8201 0.0641 0.2177 0.8249 0.0652 0.2145 0.8228 0.0643 0.2233 0.8289 0.0697 0.2167 0.8325 0.0739 0.2137 0.8351 0.0728 0.2099 0.8338 0.0716 0.2121 0.8388 0.0716 0.2161 0.8280 0.0593 0.2129 0.8389 0.0669 0.2076 0.8380 0.0664 0.2070 0.8231 0.0624 0.2171 0.8376 0.0672 0.2144 0.8358 0.0643 0.2114 0.8303 0.0726 0.2237 0.8295 0.0642 0.2180 0.8247 0.0731 0.2158 0.8281 0.0730 0.2140 0.8313 0.0731" />
                    </IndexedFaceSet>
                  </Shape>
                  </HAnimSegment>
</HAnimJoint>
<HAnimJoint DEF="Joe_l_carpometacarpal_2" name="l_carpometacarpal_2">
<HAnimSegment DEF="Joe_l_metacarpal_2" name="l_metacarpal_2">
<TouchSensor description="l_metacarpal_2">
</TouchSensor>
<Shape>
                    <Appearance USE="Bone" />
                    <IndexedFaceSet coordIndex="12 13 14 -1 20 21 22 -1 25 8 12 -1 6 5 30 -1 30 1 6 -1 31 32 33 -1 34 35 36 -1 28 24 41 -1 46 37 47 -1 46 48 37 -1 51 52 20 -1 17 45 53 -1 54 55 4 -1 16 56 17 -1 46 35 48 -1 13 0 59 -1 8 15 11 -1 12 0 13 -1 59 2 35 -1 59 0 1 -1 31 10 32 -1 31 62 10 -1 7 64 6 -1 7 65 64 -1 35 46 36 -1 53 52 17 -1 53 45 52 -1 59 34 13 -1 49 50 22 -1 66 23 40 -1 34 18 13 -1 0 9 1 -1 67 38 46 -1 20 22 63 -1 63 51 20 -1 40 37 24 -1 24 44 40 -1 38 46 47 -1 17 55 54 -1 44 66 40 -1 60 36 46 -1 41 24 37 -1 47 40 38 -1 16 70 71 -1 16 72 70 -1 60 73 36 -1 23 66 61 -1 14 13 18 -1 46 38 39 -1 67 46 38 -1 74 16 77 -1 72 32 15 -1 54 45 17 -1 23 26 40 -1 18 25 14 -1 60 78 73 -1 43 77 19 -1 43 79 77 -1 23 3 26 -1 66 27 23 -1 44 80 66 -1 44 29 80 -1 24 29 44 -1 75 30 81 -1 40 26 82 -1 71 83 16 -1 57 3 27 -1 57 58 3 -1 84 57 27 -1 86 85 81 -1 31 63 62 -1 8 76 15 -1 15 71 70 -1 71 15 76 -1 57 20 69 -1 21 20 57 -1 6 64 62 -1 35 2 87 -1 21 88 49 -1 68 39 19 -1 37 40 47 -1 42 68 19 -1 68 42 60 -1 57 69 4 -1 52 51 63 -1 48 87 75 -1 75 37 48 -1 37 75 41 -1 21 57 88 -1 28 81 85 -1 17 63 31 -1 17 52 63 -1 17 56 55 -1 83 78 16 -1 32 10 15 -1 65 11 10 -1 65 8 11 -1 5 62 63 -1 5 6 62 -1 61 66 23 -1 28 85 50 -1 22 50 89 -1 75 28 41 -1 1 2 59 -1 16 32 72 -1 43 19 39 -1 20 52 45 -1 16 33 32 -1 16 17 33 -1 4 26 3 -1 77 16 78 -1 64 10 62 -1 65 10 64 -1 23 27 3 -1 87 1 75 -1 29 50 49 -1 89 50 85 -1 63 89 86 -1 63 22 89 -1 80 29 49 -1 18 8 25 -1 8 18 76 -1 18 36 76 -1 76 73 83 -1 76 36 73 -1 15 70 72 -1 59 35 34 -1 87 48 35 -1 7 8 65 -1 58 4 3 -1 74 26 4 -1 26 39 82 -1 78 83 73 -1 16 74 56 -1 74 77 79 -1 43 26 74 -1 4 69 45 -1 69 20 45 -1 31 33 17 -1 89 85 86 -1 28 50 29 -1 57 84 88 -1 49 22 21 -1 86 5 63 -1 27 80 84 -1 82 39 38 -1 39 26 43 -1 79 43 74 -1 74 55 56 -1 46 68 60 -1 68 46 39 -1 80 49 84 -1 34 36 18 -1 84 49 88 -1 87 2 1 -1 1 7 6 -1 9 7 1 -1 5 81 30 -1 5 86 81 -1 76 83 71 -1 55 74 4 -1 4 58 57 -1 40 82 38 -1 1 30 75 -1 75 81 28 -1 28 29 24 -1 66 80 27 -1 19 78 60 -1 19 77 78 -1 12 14 25 -1 12 7 0 -1 12 8 7 -1 42 19 60 -1 4 45 54 -1 11 15 10 -1 7 9 0 -1" creaseAngle="1.571">
                      <Coordinate point="0.1942 0.8243 0.0929 0.1916 0.8271 0.0917 0.1922 0.8259 0.0893 0.1852 0.8363 0.0777 0.1884 0.8377 0.0813 0.1893 0.8305 0.0919 0.1918 0.8301 0.0931 0.1949 0.8285 0.0949 0.1981 0.8279 0.0939 0.1942 0.8259 0.0943 0.1965 0.8327 0.0934 0.1980 0.8305 0.0944 0.1966 0.8244 0.0922 0.1960 0.8236 0.0885 0.1964 0.8238 0.0889 0.1979 0.8317 0.0920 0.1955 0.8351 0.0840 0.1922 0.8375 0.0877 0.1973 0.8264 0.0875 0.1928 0.8319 0.0781 0.1859 0.8381 0.0888 0.1845 0.8375 0.0877 0.1847 0.8357 0.0914 0.1853 0.8337 0.0763 0.1845 0.8289 0.0844 0.1980 0.8252 0.0905 0.1886 0.8352 0.0776 0.1835 0.8347 0.0800 0.1841 0.8298 0.0877 0.1836 0.8307 0.0864 0.1892 0.8291 0.0907 0.1923 0.8356 0.0908 0.1959 0.8355 0.0878 0.1930 0.8374 0.0878 0.1944 0.8252 0.0861 0.1935 0.8260 0.0854 0.1954 0.8266 0.0851 0.1869 0.8279 0.0819 0.1887 0.8292 0.0782 0.1898 0.8312 0.0789 0.1865 0.8298 0.0766 0.1863 0.8283 0.0852 0.1947 0.8300 0.0800 0.1917 0.8340 0.0770 0.1851 0.8293 0.0812 0.1897 0.8386 0.0854 0.1919 0.8272 0.0826 0.1877 0.8278 0.0795 0.1913 0.8271 0.0835 0.1836 0.8340 0.0863 0.1832 0.8322 0.0896 0.1884 0.8362 0.0908 0.1896 0.8377 0.0881 0.1923 0.8385 0.0864 0.1901 0.8388 0.0846 0.1916 0.8370 0.0827 0.1936 0.8375 0.0840 0.1844 0.8375 0.0817 0.1848 0.8379 0.0810 0.1938 0.8246 0.0885 0.1949 0.8287 0.0813 0.1844 0.8335 0.0763 0.1928 0.8337 0.0924 0.1888 0.8356 0.0912 0.1931 0.8320 0.0933 0.1950 0.8309 0.0940 0.1845 0.8310 0.0787 0.1885 0.8288 0.0779 0.1928 0.8305 0.0790 0.1865 0.8385 0.0841 0.1962 0.8341 0.0876 0.1964 0.8326 0.0871 0.1961 0.8348 0.0871 0.1958 0.8294 0.0834 0.1923 0.8354 0.0806 0.1885 0.8282 0.0877 0.1977 0.8294 0.0894 0.1944 0.8337 0.0803 0.1955 0.8318 0.0827 0.1932 0.8342 0.0783 0.1838 0.8327 0.0828 0.1874 0.8298 0.0901 0.1878 0.8316 0.0770 0.1962 0.8316 0.0861 0.1836 0.8346 0.0828 0.1847 0.8309 0.0904 0.1875 0.8312 0.0915 0.1910 0.8273 0.0871 0.1842 0.8365 0.0847 0.1853 0.8324 0.0917" />
                    </IndexedFaceSet>
                  </Shape>
                  <Shape>
                    <Appearance USE="Bone" />
                    <IndexedFaceSet coordIndex="5 6 7 -1 1 8 9 -1 15 14 16 -1 17 18 7 -1 20 14 21 -1 25 26 27 -1 30 31 3 -1 30 18 26 -1 26 29 30 -1 13 33 12 -1 13 8 33 -1 0 2 1 -1 1 2 36 -1 2 34 11 -1 11 37 36 -1 37 24 36 -1 13 12 38 -1 21 14 39 -1 40 20 21 -1 10 15 4 -1 15 10 19 -1 10 11 34 -1 12 6 38 -1 17 6 26 -1 7 18 3 -1 6 17 7 -1 10 34 19 -1 27 32 22 -1 4 40 42 -1 4 15 16 -1 24 8 1 -1 11 36 2 -1 12 23 26 -1 33 23 12 -1 32 26 23 -1 30 3 18 -1 26 18 17 -1 1 36 24 -1 4 16 14 -1 42 22 43 -1 9 35 1 -1 13 35 9 -1 33 8 23 -1 11 4 41 -1 11 10 4 -1 34 0 5 -1 34 2 0 -1 19 3 44 -1 15 19 14 -1 27 21 25 -1 30 28 31 -1 20 4 14 -1 14 3 31 -1 30 29 26 -1 42 27 22 -1 40 27 42 -1 32 23 22 -1 45 43 46 -1 45 41 43 -1 24 41 45 -1 41 24 37 -1 8 22 23 -1 19 5 7 -1 34 5 19 -1 11 41 37 -1 43 41 4 -1 22 8 45 -1 46 43 22 -1 40 21 27 -1 39 14 31 -1 8 13 9 -1 13 5 0 -1 38 5 13 -1 45 8 24 -1 13 0 35 -1 5 38 6 -1 4 20 40 -1 32 27 26 -1 12 26 6 -1 28 39 31 -1 21 39 28 -1 25 30 26 -1 21 30 25 -1 28 30 21 -1 45 46 22 -1 14 44 3 -1 44 14 19 -1 19 7 3 -1 35 0 1 -1 42 43 4 -1" creaseAngle="1.571">
                      <Coordinate point="0.1999 0.8233 0.0800 0.1966 0.8253 0.0808 0.1990 0.8218 0.0832 0.2110 0.8287 0.0871 0.2033 0.8263 0.0943 0.2036 0.8243 0.0839 0.2040 0.8283 0.0835 0.2092 0.8285 0.0854 0.1971 0.8311 0.0842 0.1967 0.8298 0.0788 0.2022 0.8238 0.0902 0.2024 0.8235 0.0871 0.2016 0.8312 0.0823 0.2012 0.8284 0.0778 0.2104 0.8267 0.0945 0.2075 0.8251 0.0936 0.2096 0.8262 0.0960 0.2062 0.8310 0.0851 0.2090 0.8322 0.0858 0.2077 0.8263 0.0891 0.2050 0.8281 0.0962 0.2075 0.8306 0.0935 0.1976 0.8329 0.0901 0.1974 0.8346 0.0854 0.1969 0.8270 0.0851 0.2061 0.8326 0.0911 0.2033 0.8338 0.0876 0.2022 0.8327 0.0920 0.2089 0.8313 0.0914 0.2055 0.8330 0.0877 0.2112 0.8309 0.0891 0.2120 0.8292 0.0905 0.2005 0.8343 0.0883 0.1980 0.8317 0.0819 0.2034 0.8236 0.0863 0.2000 0.8271 0.0782 0.1978 0.8235 0.0856 0.1979 0.8257 0.0887 0.2029 0.8269 0.0812 0.2100 0.8273 0.0953 0.2017 0.8306 0.0951 0.1994 0.8263 0.0912 0.2005 0.8302 0.0954 0.2000 0.8292 0.0950 0.2117 0.8274 0.0904 0.1976 0.8299 0.0874 0.1982 0.8309 0.0912" />
                    </IndexedFaceSet>
                  </Shape>
                  <Shape>
                    <Appearance USE="Bone" />
                    <IndexedFaceSet coordIndex="4 2 5 -1 1 3 18 -1 18 0 1 -1 2 17 5 -1 19 21 23 -1 19 22 21 -1 15 11 12 -1 5 19 23 -1 2 26 27 -1 2 4 26 -1 0 18 3 -1 16 28 4 -1 29 30 6 -1 6 31 29 -1 32 21 25 -1 32 23 21 -1 3 16 25 -1 14 15 16 -1 16 1 14 -1 16 4 25 -1 28 12 11 -1 11 8 28 -1 8 36 34 -1 35 37 14 -1 8 10 30 -1 9 6 30 -1 10 8 37 -1 30 36 8 -1 7 13 6 -1 34 28 8 -1 11 15 14 -1 28 29 26 -1 29 28 34 -1 33 13 14 -1 0 2 33 -1 17 24 0 -1 13 33 27 -1 16 12 28 -1 4 23 32 -1 17 3 22 -1 3 17 0 -1 37 8 11 -1 16 3 1 -1 25 4 32 -1 7 35 14 -1 37 11 14 -1 23 4 5 -1 34 30 29 -1 5 17 20 -1 26 4 28 -1 13 31 6 -1 0 24 17 -1 13 7 14 -1 25 22 3 -1 25 21 22 -1 20 22 19 -1 17 22 20 -1 5 20 19 -1 16 15 12 -1 2 27 33 -1 33 14 1 -1 1 0 33 -1 31 26 29 -1 31 27 26 -1 13 27 31 -1 10 37 35 -1 7 10 35 -1 6 9 7 -1 10 7 9 -1 10 9 30 -1 36 30 34 -1 0 17 2 -1" creaseAngle="1.571">
                      <Coordinate point="0.1752 0.7233 0.0490 0.1779 0.7226 0.0497 0.1759 0.7239 0.0470 0.1750 0.7243 0.0508 0.1777 0.7255 0.0477 0.1747 0.7249 0.0464 0.1837 0.7245 0.0453 0.1837 0.7224 0.0470 0.1837 0.7265 0.0513 0.1843 0.7247 0.0474 0.1836 0.7239 0.0494 0.1816 0.7243 0.0526 0.1811 0.7257 0.0515 0.1817 0.7226 0.0456 0.1811 0.7216 0.0497 0.1805 0.7232 0.0517 0.1785 0.7246 0.0505 0.1726 0.7247 0.0488 0.1754 0.7235 0.0500 0.1736 0.7280 0.0485 0.1725 0.7268 0.0482 0.1740 0.7273 0.0498 0.1740 0.7249 0.0508 0.1755 0.7269 0.0477 0.1746 0.7231 0.0496 0.1761 0.7261 0.0501 0.1805 0.7256 0.0475 0.1799 0.7239 0.0466 0.1809 0.7263 0.0496 0.1824 0.7265 0.0472 0.1847 0.7267 0.0478 0.1821 0.7229 0.0454 0.1755 0.7272 0.0483 0.1789 0.7224 0.0478 0.1830 0.7275 0.0491 0.1825 0.7218 0.0500 0.1837 0.7266 0.0514 0.1821 0.7234 0.0521" />
                    </IndexedFaceSet>
                  </Shape>
                </HAnimSegment>
</HAnimJoint>
<HAnimJoint DEF="Joe_l_metacarpophalangeal_1" name="l_metacarpophalangeal_1">
<HAnimSegment DEF="Joe_l_proximal_phalanx_1" name="l_proximal_phalanx_1">
<TouchSensor description="l_proximal_phalanx_1">
</TouchSensor>
<Shape>
                    <Appearance USE="Bone" />
                    <IndexedFaceSet coordIndex="3 4 5 -1 6 10 11 -1 12 13 14 -1 1 2 18 -1 1 0 2 -1 19 21 20 -1 22 23 2 -1 17 25 0 -1 18 21 1 -1 27 17 1 -1 1 17 26 -1 11 10 8 -1 30 10 14 -1 14 20 30 -1 23 22 7 -1 25 24 31 -1 24 5 31 -1 21 19 4 -1 2 34 33 -1 1 26 17 -1 27 4 3 -1 9 8 10 -1 7 36 6 -1 20 35 30 -1 35 20 9 -1 32 12 36 -1 35 10 30 -1 15 9 20 -1 9 15 8 -1 8 15 38 -1 22 32 7 -1 33 32 22 -1 6 38 23 -1 6 11 38 -1 20 21 15 -1 23 38 16 -1 37 10 36 -1 15 18 16 -1 15 21 18 -1 29 13 12 -1 28 13 29 -1 12 34 29 -1 12 33 34 -1 2 0 34 -1 28 31 5 -1 39 31 28 -1 28 5 4 -1 4 1 21 -1 1 17 0 -1 23 7 6 -1 15 16 38 -1 11 8 38 -1 10 12 14 -1 10 37 12 -1 32 36 7 -1 17 3 24 -1 33 12 32 -1 19 28 4 -1 10 35 9 -1 39 29 34 -1 1 4 27 -1 3 5 24 -1 24 25 17 -1 29 39 28 -1 33 22 2 -1 19 13 28 -1 16 2 23 -1 18 2 16 -1 39 0 31 -1 0 39 34 -1 25 31 0 -1 14 19 20 -1 14 13 19 -1 12 37 36 -1 10 6 36 -1 17 27 3 -1" creaseAngle="1.571">
                      <Coordinate point="0.1560 0.7565 0.1183 0.1554 0.7580 0.1189 0.1580 0.7603 0.1172 0.1526 0.7542 0.1176 0.1534 0.7582 0.1173 0.1542 0.7560 0.1161 0.1602 0.7665 0.1136 0.1624 0.7643 0.1148 0.1549 0.7676 0.1133 0.1528 0.7666 0.1122 0.1556 0.7661 0.1105 0.1578 0.7674 0.1146 0.1586 0.7624 0.1130 0.1554 0.7621 0.1135 0.1556 0.7631 0.1119 0.1543 0.7655 0.1153 0.1555 0.7651 0.1160 0.1543 0.7529 0.1196 0.1569 0.7617 0.1175 0.1531 0.7614 0.1161 0.1522 0.7639 0.1144 0.1537 0.7613 0.1167 0.1613 0.7625 0.1156 0.1602 0.7653 0.1165 0.1539 0.7522 0.1172 0.1562 0.7531 0.1185 0.1547 0.7553 0.1200 0.1531 0.7558 0.1190 0.1558 0.7589 0.1154 0.1575 0.7610 0.1141 0.1525 0.7640 0.1123 0.1564 0.7561 0.1172 0.1613 0.7640 0.1130 0.1606 0.7621 0.1150 0.1584 0.7599 0.1163 0.1532 0.7660 0.1117 0.1606 0.7655 0.1114 0.1582 0.7648 0.1106 0.1574 0.7664 0.1158 0.1578 0.7595 0.1160" />
                    </IndexedFaceSet>
                  </Shape>
                  </HAnimSegment>
</HAnimJoint>
<HAnimJoint DEF="Joe_l_carpometacarpal_1" name="l_carpometacarpal_1">
<HAnimSegment DEF="Joe_l_metacarpal_1" name="l_metacarpal_1">
<TouchSensor description="l_metacarpal_1">
</TouchSensor>
<Shape>
                    <Appearance USE="Bone" />
                    <IndexedFaceSet coordIndex="8 9 10 -1 5 11 6 -1 6 9 8 -1 0 2 1 -1 13 11 14 -1 14 2 13 -1 15 16 17 -1 22 12 20 -1 17 24 1 -1 20 18 23 -1 26 27 28 -1 28 29 26 -1 22 4 3 -1 17 16 18 -1 30 0 31 -1 11 32 34 -1 32 15 34 -1 35 11 5 -1 3 0 22 -1 12 19 21 -1 27 36 7 -1 9 38 37 -1 9 7 10 -1 8 5 6 -1 27 10 36 -1 10 27 8 -1 8 27 33 -1 28 7 39 -1 33 35 5 -1 39 31 40 -1 32 26 41 -1 26 32 33 -1 17 34 15 -1 32 11 35 -1 13 25 38 -1 3 31 0 -1 12 0 19 -1 30 31 25 -1 41 15 32 -1 3 16 15 -1 20 4 22 -1 1 19 0 -1 17 18 24 -1 16 23 18 -1 30 2 0 -1 37 38 25 -1 17 14 34 -1 17 2 14 -1 16 3 4 -1 33 27 26 -1 21 20 12 -1 33 32 35 -1 3 15 40 -1 7 28 27 -1 39 29 28 -1 25 31 39 -1 4 23 16 -1 20 23 4 -1 18 1 24 -1 18 19 1 -1 21 19 18 -1 20 21 18 -1 17 1 2 -1 34 14 11 -1 40 15 41 -1 13 30 25 -1 30 13 2 -1 3 40 31 -1 37 39 7 -1 29 41 26 -1 29 40 41 -1 39 40 29 -1 6 11 13 -1 39 37 25 -1 8 33 5 -1 9 37 7 -1 7 36 10 -1 9 13 38 -1 6 13 9 -1 0 12 22 -1" creaseAngle="1.571">
                      <Coordinate point="0.1641 0.7214 0.1188 0.1639 0.7231 0.1190 0.1664 0.7231 0.1204 0.1665 0.7216 0.1176 0.1654 0.7214 0.1156 0.1700 0.7284 0.1220 0.1701 0.7260 0.1228 0.1732 0.7226 0.1197 0.1725 0.7267 0.1202 0.1712 0.7239 0.1224 0.1728 0.7259 0.1199 0.1680 0.7266 0.1220 0.1624 0.7212 0.1161 0.1686 0.7234 0.1228 0.1667 0.7243 0.1206 0.1676 0.7248 0.1191 0.1658 0.7233 0.1164 0.1656 0.7243 0.1180 0.1630 0.7244 0.1156 0.1618 0.7232 0.1173 0.1639 0.7214 0.1143 0.1621 0.7229 0.1149 0.1649 0.7207 0.1164 0.1645 0.7232 0.1145 0.1637 0.7243 0.1178 0.1699 0.7224 0.1223 0.1710 0.7253 0.1182 0.1721 0.7271 0.1192 0.1724 0.7233 0.1182 0.1712 0.7214 0.1191 0.1676 0.7218 0.1201 0.1678 0.7215 0.1199 0.1692 0.7261 0.1194 0.1715 0.7278 0.1197 0.1671 0.7250 0.1198 0.1696 0.7279 0.1204 0.1736 0.7244 0.1190 0.1721 0.7222 0.1216 0.1707 0.7231 0.1228 0.1718 0.7215 0.1195 0.1691 0.7222 0.1184 0.1698 0.7244 0.1184" />
                    </IndexedFaceSet>
                  </Shape>
                  <Shape>
                    <Appearance USE="Bone" />
                    <IndexedFaceSet coordIndex="7 11 10 -1 12 9 13 -1 16 17 18 -1 23 2 21 -1 2 15 21 -1 20 15 2 -1 24 19 21 -1 25 10 26 -1 10 11 26 -1 18 27 4 -1 14 9 12 -1 10 28 29 -1 10 25 28 -1 19 24 22 -1 30 31 32 -1 32 33 30 -1 23 6 5 -1 0 2 34 -1 2 5 37 -1 26 16 18 -1 8 31 39 -1 38 35 7 -1 35 11 7 -1 15 2 3 -1 14 40 9 -1 9 8 13 -1 7 13 38 -1 13 7 12 -1 8 33 32 -1 38 36 35 -1 31 36 39 -1 32 31 8 -1 9 33 41 -1 9 28 33 -1 40 28 9 -1 10 29 40 -1 35 30 43 -1 30 35 36 -1 26 11 35 -1 28 42 33 -1 5 34 37 -1 20 2 15 -1 29 28 40 -1 34 28 0 -1 43 16 35 -1 16 26 35 -1 0 25 18 -1 5 17 16 -1 37 34 2 -1 18 17 19 -1 21 6 23 -1 4 15 3 -1 21 19 17 -1 23 5 2 -1 7 10 40 -1 17 5 6 -1 18 19 27 -1 19 22 15 -1 36 31 30 -1 8 39 13 -1 22 21 15 -1 5 16 42 -1 4 3 0 -1 21 17 6 -1 19 4 27 -1 19 15 4 -1 21 22 24 -1 18 4 0 -1 18 25 26 -1 42 16 43 -1 42 28 34 -1 25 0 28 -1 0 1 2 -1 34 5 42 -1 9 41 8 -1 33 43 30 -1 33 42 43 -1 36 38 39 -1 41 33 8 -1 12 7 40 -1 14 12 40 -1 13 39 38 -1 2 0 3 -1 1 0 2 -1" creaseAngle="1.571">
                      <Coordinate point="0.1556 0.7188 0.0901 0.1537 0.7183 0.0892 0.1527 0.7182 0.0869 0.1524 0.7181 0.0880 0.1528 0.7197 0.0894 0.1551 0.7191 0.0867 0.1533 0.7193 0.0852 0.1596 0.7220 0.0938 0.1630 0.7198 0.0882 0.1622 0.7188 0.0898 0.1586 0.7203 0.0935 0.1589 0.7227 0.0925 0.1611 0.7216 0.0922 0.1626 0.7220 0.0902 0.1621 0.7200 0.0905 0.1502 0.7192 0.0870 0.1570 0.7213 0.0887 0.1540 0.7209 0.0862 0.1562 0.7212 0.0896 0.1524 0.7217 0.0873 0.1501 0.7194 0.0874 0.1517 0.7206 0.0845 0.1499 0.7215 0.0862 0.1530 0.7184 0.0858 0.1511 0.7224 0.0855 0.1576 0.7206 0.0925 0.1573 0.7215 0.0903 0.1522 0.7215 0.0881 0.1592 0.7175 0.0906 0.1589 0.7180 0.0917 0.1604 0.7220 0.0879 0.1618 0.7227 0.0880 0.1619 0.7198 0.0870 0.1598 0.7175 0.0885 0.1568 0.7179 0.0887 0.1593 0.7229 0.0902 0.1609 0.7236 0.0895 0.1531 0.7180 0.0874 0.1615 0.7241 0.0920 0.1627 0.7234 0.0899 0.1602 0.7183 0.0919 0.1620 0.7177 0.0879 0.1575 0.7182 0.0881 0.1591 0.7211 0.0881" />
                    </IndexedFaceSet>
                  </Shape>
                  <Shape>
                    <Appearance USE="Bone" />
                    <IndexedFaceSet coordIndex="5 8 11 -1 12 8 5 -1 2 0 1 -1 4 13 18 -1 19 16 3 -1 20 21 13 -1 19 3 18 -1 22 10 23 -1 10 9 23 -1 6 9 10 -1 10 5 6 -1 1 3 2 -1 10 25 26 -1 10 22 25 -1 28 29 27 -1 1 21 30 -1 11 8 24 -1 23 33 32 -1 6 23 9 -1 4 3 14 -1 12 36 35 -1 5 36 12 -1 8 27 24 -1 5 11 6 -1 7 29 28 -1 6 31 23 -1 27 31 24 -1 34 29 7 -1 34 37 29 -1 35 26 37 -1 23 27 38 -1 27 23 31 -1 25 29 37 -1 3 32 33 -1 35 36 26 -1 30 29 25 -1 4 30 20 -1 4 14 30 -1 29 30 14 -1 14 39 29 -1 38 15 23 -1 33 23 15 -1 20 30 21 -1 13 2 17 -1 2 13 0 -1 36 5 10 -1 26 25 37 -1 36 10 26 -1 3 40 32 -1 3 1 40 -1 16 19 17 -1 18 13 19 -1 14 3 15 -1 28 27 7 -1 0 13 21 -1 33 15 3 -1 18 3 4 -1 3 17 2 -1 3 16 17 -1 13 17 19 -1 32 22 23 -1 32 40 22 -1 39 15 38 -1 15 39 14 -1 22 1 25 -1 1 22 40 -1 30 25 1 -1 1 0 21 -1 29 38 27 -1 29 39 38 -1 35 37 34 -1 31 6 24 -1 24 6 11 -1 7 35 34 -1 35 7 8 -1 27 8 7 -1 12 35 8 -1 20 13 4 -1" creaseAngle="1.571">
                      <Coordinate point="0.1549 0.7254 0.0696 0.1579 0.7260 0.0705 0.1565 0.7268 0.0699 0.1571 0.7279 0.0684 0.1561 0.7257 0.0670 0.1651 0.7259 0.0732 0.1662 0.7279 0.0720 0.1650 0.7224 0.0668 0.1658 0.7240 0.0688 0.1637 0.7275 0.0720 0.1630 0.7250 0.0738 0.1662 0.7263 0.0714 0.1655 0.7243 0.0704 0.1529 0.7270 0.0682 0.1591 0.7248 0.0675 0.1607 0.7266 0.0689 0.1548 0.7297 0.0690 0.1534 0.7280 0.0701 0.1545 0.7285 0.0659 0.1537 0.7299 0.0677 0.1559 0.7248 0.0682 0.1557 0.7250 0.0691 0.1616 0.7254 0.0729 0.1635 0.7275 0.0709 0.1668 0.7269 0.0689 0.1616 0.7225 0.0708 0.1631 0.7230 0.0725 0.1660 0.7263 0.0675 0.1647 0.7244 0.0663 0.1623 0.7231 0.0668 0.1594 0.7235 0.0689 0.1653 0.7281 0.0694 0.1604 0.7267 0.0707 0.1606 0.7269 0.0699 0.1649 0.7219 0.0686 0.1645 0.7224 0.0703 0.1639 0.7232 0.0721 0.1627 0.7218 0.0686 0.1625 0.7262 0.0680 0.1616 0.7247 0.0672 0.1589 0.7256 0.0709" />
                    </IndexedFaceSet>
                  </Shape>
                  </HAnimSegment>
</HAnimJoint>
</HAnimJoint>
          </HAnimJoint>
        </HAnimJoint>
        <HAnimJoint DEF="Joe_r_shoulder" center="-0.2 1.44 -0.04" name="r_shoulder">
          <HAnimSegment DEF="Joe_r_upperarm" name="r_upperarm">
            <Transform DEF="RightHumerusParts">
              <Shape>
                <Appearance USE="Bone" />
                <IndexedFaceSet coordIndex="1 3 4 -1 8 6 2 -1 13 11 14 -1 15 13 14 -1 18 19 20 -1 12 16 11 -1 22 23 24 -1 25 26 27 -1 28 29 16 -1 12 30 16 -1 31 32 33 -1 35 36 37 -1 42 43 44 -1 45 46 47 -1 48 49 50 -1 51 52 53 -1 58 59 60 -1 63 39 38 -1 42 65 66 -1 67 32 31 -1 67 68 32 -1 70 71 56 -1 73 72 74 -1 75 37 76 -1 76 77 75 -1 78 79 80 -1 79 81 80 -1 82 41 83 -1 43 72 73 -1 84 85 86 -1 25 87 26 -1 92 93 94 -1 53 95 96 -1 97 98 51 -1 51 53 97 -1 103 104 105 -1 109 107 110 -1 113 10 13 -1 117 118 114 -1 121 118 120 -1 117 122 123 -1 125 89 126 -1 127 129 128 -1 130 131 101 -1 111 91 89 -1 135 136 137 -1 138 139 22 -1 22 140 138 -1 141 93 92 -1 141 142 93 -1 143 144 145 -1 146 147 148 -1 145 149 143 -1 145 150 149 -1 145 151 152 -1 145 144 151 -1 76 153 56 -1 76 37 153 -1 153 156 56 -1 36 153 37 -1 159 160 161 -1 63 155 39 -1 162 64 163 -1 162 164 64 -1 165 166 167 -1 165 84 166 -1 42 64 168 -1 42 169 64 -1 170 171 146 -1 172 148 173 -1 172 174 148 -1 172 175 163 -1 177 178 179 -1 144 181 182 -1 144 143 181 -1 187 188 189 -1 188 190 189 -1 186 184 199 -1 74 31 196 -1 186 199 33 -1 184 44 196 -1 71 203 202 -1 204 78 80 -1 204 205 78 -1 47 46 34 -1 213 212 11 -1 212 5 28 -1 18 134 19 -1 214 119 91 -1 222 221 223 -1 55 224 54 -1 55 224 206 -1 132 221 225 -1 132 226 221 -1 227 228 217 -1 122 229 6 -1 6 7 122 -1 219 227 217 -1 236 233 55 -1 240 233 234 -1 241 132 222 -1 234 236 239 -1 70 67 31 -1 40 41 66 -1 66 41 42 -1 243 198 56 -1 178 244 245 -1 245 191 178 -1 246 180 57 -1 56 246 57 -1 186 248 200 -1 249 251 252 -1 75 255 256 -1 256 254 75 -1 71 257 255 -1 255 203 71 -1 141 258 259 -1 141 92 258 -1 260 262 261 -1 264 265 266 -1 264 182 265 -1 94 260 92 -1 94 267 260 -1 171 262 146 -1 166 268 164 -1 166 269 268 -1 149 270 271 -1 149 272 270 -1 141 273 142 -1 274 146 275 -1 274 147 146 -1 84 269 166 -1 276 277 58 -1 276 278 277 -1 139 279 280 -1 281 278 276 -1 281 282 278 -1 283 284 285 -1 283 23 284 -1 280 286 22 -1 287 140 97 -1 288 283 289 -1 288 290 283 -1 291 22 24 -1 50 49 292 -1 293 294 295 -1 294 296 295 -1 136 24 297 -1 298 294 125 -1 136 297 137 -1 89 299 128 -1 300 301 302 -1 300 303 301 -1 99 301 100 -1 99 304 301 -1 306 125 126 -1 298 307 308 -1 130 309 131 -1 311 303 135 -1 311 310 303 -1 310 113 312 -1 310 313 113 -1 133 13 15 -1 314 18 315 -1 221 132 225 -1 213 11 10 -1 11 13 10 -1 207 21 17 -1 1 4 211 -1 9 8 0 -1 105 123 103 -1 123 316 120 -1 237 317 235 -1 318 227 235 -1 112 121 120 -1 91 320 126 -1 321 123 120 -1 7 123 122 -1 120 124 123 -1 91 119 320 -1 119 322 320 -1 90 214 91 -1 108 120 316 -1 108 112 120 -1 106 110 107 -1 28 5 211 -1 313 213 10 -1 9 6 8 -1 9 7 6 -1 213 110 102 -1 207 20 19 -1 15 19 134 -1 300 135 303 -1 311 135 137 -1 137 130 311 -1 137 309 130 -1 125 305 89 -1 302 301 304 -1 310 311 130 -1 128 299 323 -1 324 136 135 -1 135 300 324 -1 137 297 309 -1 294 292 305 -1 323 299 49 -1 49 25 323 -1 52 99 325 -1 99 326 325 -1 136 324 291 -1 291 24 136 -1 325 25 27 -1 291 97 140 -1 327 58 160 -1 327 276 58 -1 328 329 330 -1 328 331 329 -1 165 148 147 -1 165 173 148 -1 146 174 170 -1 146 148 174 -1 144 264 151 -1 144 182 264 -1 164 268 64 -1 62 332 157 -1 157 333 62 -1 62 333 38 -1 249 334 197 -1 75 203 255 -1 193 249 253 -1 253 249 252 -1 335 336 337 -1 336 338 337 -1 247 187 339 -1 340 190 188 -1 198 180 56 -1 153 243 156 -1 341 81 39 -1 81 79 39 -1 341 39 155 -1 44 201 196 -1 116 219 217 -1 116 217 218 -1 238 344 343 -1 227 318 228 -1 28 211 29 -1 222 223 241 -1 18 20 54 -1 314 91 89 -1 124 120 117 -1 115 215 116 -1 214 219 116 -1 212 28 11 -1 30 12 28 -1 28 16 30 -1 104 106 107 -1 251 347 348 -1 251 249 347 -1 73 44 43 -1 196 201 74 -1 169 42 44 -1 186 163 183 -1 186 349 163 -1 154 153 36 -1 154 36 158 -1 191 154 176 -1 191 180 154 -1 185 248 186 -1 33 185 186 -1 182 350 265 -1 182 181 350 -1 351 352 353 -1 191 180 192 -1 63 333 157 -1 191 179 178 -1 171 349 200 -1 171 170 349 -1 65 42 168 -1 162 175 167 -1 308 354 296 -1 308 355 354 -1 131 108 101 -1 63 38 333 -1 84 160 159 -1 159 269 84 -1 63 157 158 -1 177 179 176 -1 156 243 56 -1 155 158 36 -1 155 63 158 -1 76 56 71 -1 154 243 153 -1 49 356 25 -1 356 87 25 -1 167 173 165 -1 22 139 280 -1 357 330 138 -1 22 291 140 -1 125 294 305 -1 89 91 111 -1 100 129 127 -1 100 358 129 -1 123 124 117 -1 120 123 321 -1 118 117 120 -1 115 114 116 -1 108 107 109 -1 102 110 106 -1 102 212 213 -1 345 90 91 -1 97 359 287 -1 260 267 275 -1 165 360 361 -1 49 48 356 -1 82 43 41 -1 75 77 202 -1 67 70 56 -1 31 34 70 -1 40 66 65 -1 160 362 161 -1 88 49 299 -1 250 34 46 -1 43 42 41 -1 363 139 138 -1 363 279 139 -1 24 290 297 -1 17 11 16 -1 21 15 17 -1 19 15 21 -1 211 5 1 -1 0 2 1 -1 1 2 3 -1 102 1 5 -1 364 60 59 -1 364 365 60 -1 65 38 40 -1 34 74 47 -1 71 202 77 -1 37 366 35 -1 366 37 75 -1 81 35 366 -1 81 341 35 -1 367 78 368 -1 367 79 78 -1 41 368 83 -1 41 367 368 -1 85 369 86 -1 369 85 370 -1 371 361 360 -1 371 372 361 -1 328 330 357 -1 329 275 267 -1 274 275 329 -1 95 331 96 -1 95 373 331 -1 328 96 331 -1 328 359 96 -1 91 346 345 -1 346 91 314 -1 313 10 113 -1 358 15 18 -1 18 314 374 -1 115 116 215 -1 116 119 214 -1 119 116 375 -1 376 307 306 -1 15 134 18 -1 330 363 138 -1 286 150 284 -1 150 286 377 -1 191 176 179 -1 159 268 269 -1 268 159 378 -1 355 307 131 -1 307 355 308 -1 288 296 354 -1 296 288 295 -1 289 278 282 -1 289 379 278 -1 352 152 151 -1 277 152 352 -1 370 361 372 -1 370 85 361 -1 64 268 378 -1 168 61 65 -1 64 61 168 -1 271 380 381 -1 271 270 380 -1 191 192 180 -1 62 353 332 -1 62 351 353 -1 332 382 157 -1 332 266 382 -1 184 186 183 -1 44 184 183 -1 383 384 385 -1 185 247 248 -1 245 190 191 -1 244 386 245 -1 180 191 190 -1 180 246 56 -1 75 254 388 -1 184 196 199 -1 201 73 74 -1 201 44 73 -1 200 349 186 -1 340 68 57 -1 340 188 68 -1 175 162 163 -1 64 183 163 -1 195 34 250 -1 248 261 200 -1 261 248 247 -1 32 185 33 -1 83 368 390 -1 204 391 388 -1 204 80 391 -1 47 392 45 -1 392 47 393 -1 348 394 383 -1 348 347 394 -1 396 389 395 -1 55 54 20 -1 6 208 232 -1 209 210 16 -1 11 28 12 -1 207 19 21 -1 345 346 90 -1 221 90 346 -1 89 88 299 -1 315 132 346 -1 132 221 346 -1 233 224 55 -1 240 234 235 -1 240 401 233 -1 399 220 90 -1 132 401 222 -1 219 90 220 -1 2 6 3 -1 122 230 229 -1 115 217 230 -1 55 20 207 -1 238 55 207 -1 6 232 231 -1 230 403 343 -1 403 217 342 -1 398 232 397 -1 319 317 237 -1 343 317 319 -1 343 342 317 -1 122 117 115 -1 234 239 235 -1 3 211 4 -1 238 398 397 -1 404 239 405 -1 238 242 55 -1 223 132 241 -1 132 223 226 -1 44 183 64 -1 341 36 35 -1 341 155 36 -1 158 176 154 -1 189 245 406 -1 56 68 67 -1 189 339 187 -1 189 406 339 -1 407 247 339 -1 261 247 407 -1 250 389 195 -1 394 46 45 -1 46 394 395 -1 249 396 347 -1 384 393 82 -1 392 393 384 -1 385 408 383 -1 409 408 385 -1 383 252 251 -1 410 252 383 -1 410 337 338 -1 410 408 337 -1 83 411 409 -1 412 337 411 -1 412 335 337 -1 336 252 338 -1 252 413 253 -1 414 336 335 -1 336 414 415 -1 412 205 416 -1 412 390 205 -1 417 414 416 -1 417 418 414 -1 419 413 415 -1 419 253 413 -1 193 253 194 -1 387 418 254 -1 419 418 387 -1 388 417 204 -1 417 388 254 -1 193 254 420 -1 421 420 256 -1 421 422 420 -1 334 249 193 -1 334 422 197 -1 421 257 422 -1 257 34 195 -1 34 257 71 -1 422 195 389 -1 38 61 62 -1 61 38 65 -1 177 350 178 -1 265 350 177 -1 380 423 386 -1 380 259 423 -1 258 261 407 -1 174 349 170 -1 62 364 351 -1 270 259 380 -1 270 141 259 -1 351 59 352 -1 59 351 364 -1 352 58 277 -1 58 352 59 -1 142 279 363 -1 273 279 142 -1 424 274 373 -1 424 147 274 -1 327 84 86 -1 327 160 84 -1 425 373 95 -1 425 424 373 -1 86 426 327 -1 369 426 86 -1 27 371 425 -1 27 26 371 -1 50 281 426 -1 50 293 281 -1 325 53 52 -1 53 325 27 -1 302 51 98 -1 302 304 51 -1 25 326 323 -1 325 326 25 -1 292 88 305 -1 49 88 292 -1 355 297 354 -1 355 309 297 -1 98 300 302 -1 324 300 98 -1 376 320 112 -1 376 126 320 -1 127 323 326 -1 127 128 323 -1 89 91 126 -1 128 374 314 -1 18 129 358 -1 109 101 108 -1 101 109 313 -1 15 303 133 -1 303 15 301 -1 206 224 55 -1 315 346 314 -1 213 109 110 -1 109 213 313 -1 3 209 211 -1 6 209 3 -1 8 2 0 -1 104 102 106 -1 104 103 102 -1 104 107 105 -1 108 316 107 -1 221 222 220 -1 398 16 210 -1 16 398 17 -1 229 343 344 -1 229 230 343 -1 320 121 112 -1 121 320 322 -1 116 322 375 -1 114 322 116 -1 217 115 218 -1 216 218 115 -1 216 115 218 -1 116 218 115 -1 115 230 122 -1 230 217 403 -1 114 121 322 -1 121 114 118 -1 322 119 375 -1 229 208 6 -1 229 344 208 -1 232 344 238 -1 232 208 344 -1 319 239 404 -1 239 319 237 -1 398 238 207 -1 105 316 123 -1 105 107 316 -1 0 102 103 -1 123 0 103 -1 7 0 123 -1 209 6 231 -1 102 5 212 -1 29 211 402 -1 398 207 17 -1 16 29 402 -1 224 400 132 -1 133 312 113 -1 312 133 303 -1 101 313 310 -1 100 15 358 -1 100 301 15 -1 128 18 374 -1 128 129 18 -1 314 89 128 -1 355 131 309 -1 298 306 307 -1 125 306 298 -1 89 305 88 -1 100 326 99 -1 100 127 326 -1 112 307 376 -1 298 296 294 -1 298 308 296 -1 354 290 288 -1 354 297 290 -1 294 50 292 -1 50 294 293 -1 324 97 291 -1 324 98 97 -1 290 23 283 -1 290 24 23 -1 281 295 282 -1 293 295 281 -1 369 50 426 -1 48 50 369 -1 425 53 27 -1 53 425 95 -1 22 284 23 -1 22 286 284 -1 285 289 283 -1 285 379 289 -1 276 426 281 -1 426 276 327 -1 360 425 371 -1 425 360 424 -1 140 357 138 -1 140 287 357 -1 377 280 279 -1 286 280 377 -1 147 360 165 -1 424 360 147 -1 377 273 272 -1 377 279 273 -1 58 362 160 -1 58 60 362 -1 330 267 94 -1 330 329 267 -1 141 272 273 -1 141 270 272 -1 353 151 264 -1 353 352 151 -1 362 365 263 -1 362 60 365 -1 262 275 146 -1 275 262 260 -1 181 381 350 -1 181 271 381 -1 332 264 266 -1 353 264 332 -1 62 263 365 -1 263 62 61 -1 262 200 261 -1 262 171 200 -1 260 258 92 -1 260 261 258 -1 259 407 423 -1 259 258 407 -1 244 350 381 -1 350 244 178 -1 389 197 422 -1 195 422 257 -1 193 422 334 -1 422 193 420 -1 256 257 421 -1 257 256 255 -1 254 256 420 -1 254 418 417 -1 194 419 387 -1 253 419 194 -1 418 415 414 -1 418 419 415 -1 204 416 205 -1 204 417 416 -1 416 335 412 -1 335 416 414 -1 415 252 336 -1 252 415 413 -1 390 411 83 -1 390 412 411 -1 409 337 408 -1 409 411 337 -1 338 252 410 -1 410 383 408 -1 82 409 385 -1 83 409 82 -1 383 392 384 -1 348 383 251 -1 347 395 394 -1 395 347 396 -1 339 423 407 -1 406 423 339 -1 68 56 57 -1 340 57 180 -1 406 386 423 -1 406 245 386 -1 198 154 180 -1 198 243 154 -1 31 69 196 -1 169 44 64 -1 235 239 237 -1 228 235 317 -1 318 235 228 -1 317 342 228 -1 217 228 342 -1 234 233 236 -1 55 242 236 -1 209 16 402 -1 404 238 319 -1 343 319 238 -1 236 405 239 -1 405 236 242 -1 405 238 404 -1 405 242 238 -1 210 232 398 -1 232 238 397 -1 403 342 343 -1 232 209 231 -1 232 210 209 -1 209 402 211 -1 9 0 7 -1 0 1 102 -1 227 220 222 -1 90 219 214 -1 401 240 222 -1 240 227 222 -1 219 220 227 -1 227 240 235 -1 401 132 233 -1 132 224 233 -1 132 400 224 -1 224 132 18 -1 54 224 18 -1 221 220 399 -1 221 399 90 -1 221 226 223 -1 132 315 18 -1 396 197 389 -1 249 197 396 -1 46 389 250 -1 395 389 46 -1 383 45 392 -1 383 394 45 -1 203 75 202 -1 47 72 393 -1 390 78 205 -1 390 368 78 -1 72 82 393 -1 188 32 68 -1 188 185 32 -1 33 199 196 -1 74 34 31 -1 33 69 31 -1 33 196 69 -1 180 190 340 -1 388 391 75 -1 193 387 254 -1 193 194 387 -1 386 381 380 -1 381 386 244 -1 189 190 245 -1 185 187 247 -1 185 188 187 -1 82 385 384 -1 157 382 177 -1 382 265 177 -1 382 266 265 -1 143 271 181 -1 271 143 149 -1 172 167 175 -1 173 167 172 -1 172 349 174 -1 172 163 349 -1 378 61 64 -1 378 263 61 -1 165 85 84 -1 361 85 165 -1 356 372 87 -1 356 370 372 -1 166 162 167 -1 166 164 162 -1 379 277 278 -1 379 152 277 -1 282 288 289 -1 295 288 282 -1 161 378 159 -1 161 263 378 -1 157 176 158 -1 176 157 177 -1 152 285 145 -1 285 152 379 -1 150 272 149 -1 150 377 272 -1 150 285 284 -1 150 145 285 -1 93 363 330 -1 142 363 93 -1 310 312 303 -1 130 101 310 -1 306 126 376 -1 114 115 117 -1 133 113 13 -1 112 131 307 -1 112 108 131 -1 96 97 53 -1 96 359 97 -1 373 329 331 -1 373 274 329 -1 94 93 330 -1 287 328 357 -1 359 328 287 -1 87 371 26 -1 371 87 372 -1 48 370 356 -1 48 369 370 -1 70 34 71 -1 72 43 82 -1 40 367 41 -1 40 38 367 -1 38 79 367 -1 38 39 79 -1 80 366 391 -1 80 81 366 -1 391 366 75 -1 71 77 76 -1 74 72 47 -1 62 365 364 -1 362 263 161 -1 304 52 51 -1 304 99 52 -1 14 17 15 -1 14 11 17 -1" creaseAngle="1.571">
                  <Coordinate point="-0.2355 1.0795 -0.0454 -0.2388 1.0826 -0.0349 -0.2356 1.0737 -0.0399 -0.2329 1.0714 -0.0316 -0.2360 1.0795 -0.0323 -0.2375 1.0878 -0.0338 -0.2222 1.0733 -0.0473 -0.2269 1.0788 -0.0510 -0.2275 1.0731 -0.0460 -0.2263 1.0774 -0.0503 -0.2278 1.1034 -0.0412 -0.2248 1.0980 -0.0386 -0.2267 1.0895 -0.0293 -0.2215 1.1097 -0.0403 -0.2207 1.1057 -0.0388 -0.2121 1.1070 -0.0371 -0.2249 1.0873 -0.0286 -0.2167 1.0903 -0.0325 -0.1978 1.1034 -0.0380 -0.2101 1.0958 -0.0392 -0.2006 1.0902 -0.0362 -0.2122 1.0958 -0.0383 -0.2163 1.2433 -0.0385 -0.2150 1.2430 -0.0432 -0.2158 1.2148 -0.0437 -0.1964 1.1803 -0.0412 -0.1952 1.2124 -0.0373 -0.1993 1.2121 -0.0344 -0.2319 1.0901 -0.0301 -0.2335 1.0866 -0.0251 -0.2302 1.0909 -0.0299 -0.1954 1.4294 -0.0104 -0.1984 1.4282 -0.0111 -0.1980 1.4210 -0.0096 -0.1921 1.4347 -0.0100 -0.2002 1.4252 -0.0487 -0.2008 1.4222 -0.0479 -0.2030 1.4310 -0.0431 -0.1825 1.4003 -0.0472 -0.1869 1.4085 -0.0519 -0.1739 1.4007 -0.0396 -0.1700 1.4022 -0.0340 -0.1772 1.4042 -0.0207 -0.1753 1.4109 -0.0147 -0.1846 1.4091 -0.0081 -0.1752 1.4257 -0.0133 -0.1808 1.4319 -0.0111 -0.1813 1.4260 -0.0091 -0.1930 1.2127 -0.0405 -0.1938 1.1801 -0.0445 -0.1948 1.2132 -0.0488 -0.2082 1.1804 -0.0347 -0.2068 1.1802 -0.0342 -0.2069 1.2125 -0.0315 -0.2004 1.0877 -0.0336 -0.1988 1.0829 -0.0302 -0.2056 1.4335 -0.0272 -0.2078 1.4294 -0.0215 -0.1946 1.3105 -0.0481 -0.1942 1.3416 -0.0466 -0.1916 1.3418 -0.0444 -0.1816 1.3858 -0.0350 -0.1875 1.3852 -0.0441 -0.1965 1.4108 -0.0476 -0.1849 1.3864 -0.0214 -0.1781 1.3969 -0.0323 -0.1739 1.4008 -0.0307 -0.1990 1.4352 -0.0163 -0.2043 1.4310 -0.0144 -0.1930 1.4255 -0.0061 -0.1986 1.4369 -0.0177 -0.1995 1.4392 -0.0207 -0.1776 1.4180 -0.0105 -0.1799 1.4197 -0.0097 -0.1853 1.4281 -0.0087 -0.1993 1.4357 -0.0448 -0.2030 1.4360 -0.0275 -0.2029 1.4372 -0.0312 -0.1839 1.4108 -0.0545 -0.1843 1.4102 -0.0541 -0.1924 1.4186 -0.0550 -0.1927 1.4180 -0.0543 -0.1718 1.4075 -0.0191 -0.1684 1.4034 -0.0355 -0.1901 1.3082 -0.0339 -0.1916 1.2746 -0.0363 -0.1915 1.2747 -0.0374 -0.1940 1.2125 -0.0376 -0.1962 1.1460 -0.0494 -0.1956 1.1215 -0.0531 -0.1857 1.0970 -0.0534 -0.1928 1.1080 -0.0530 -0.2103 1.3710 -0.0207 -0.2107 1.3415 -0.0222 -0.2099 1.3413 -0.0213 -0.2075 1.2438 -0.0280 -0.2088 1.2437 -0.0276 -0.2092 1.2128 -0.0320 -0.2094 1.1808 -0.0354 -0.2073 1.1470 -0.0360 -0.2053 1.1237 -0.0365 -0.2328 1.1174 -0.0496 -0.2408 1.0898 -0.0406 -0.2351 1.0848 -0.0480 -0.2362 1.0884 -0.0479 -0.2305 1.0879 -0.0534 -0.2403 1.0945 -0.0444 -0.2368 1.1067 -0.0506 -0.2306 1.1106 -0.0569 -0.2362 1.1101 -0.0508 -0.2388 1.1022 -0.0448 -0.1898 1.1110 -0.0510 -0.2210 1.1097 -0.0568 -0.2194 1.1111 -0.0397 -0.2091 1.0967 -0.0449 -0.2065 1.0831 -0.0462 -0.1973 1.0884 -0.0487 -0.2149 1.0918 -0.0450 -0.2136 1.0978 -0.0484 -0.2017 1.1036 -0.0523 -0.2204 1.0980 -0.0552 -0.2139 1.1033 -0.0530 -0.2139 1.0836 -0.0479 -0.2264 1.0865 -0.0541 -0.2163 1.0912 -0.0467 -0.2077 1.1458 -0.0565 -0.2074 1.1216 -0.0553 -0.1993 1.1253 -0.0400 -0.1947 1.1226 -0.0454 -0.1987 1.1195 -0.0407 -0.2301 1.1271 -0.0513 -0.2287 1.1243 -0.0557 -0.1866 1.0898 -0.0395 -0.2150 1.1098 -0.0381 -0.2077 1.1051 -0.0371 -0.2173 1.1485 -0.0449 -0.2158 1.1811 -0.0450 -0.2208 1.1487 -0.0491 -0.2159 1.2755 -0.0297 -0.2160 1.2756 -0.0317 -0.2132 1.2435 -0.0299 -0.2135 1.3716 -0.0260 -0.2124 1.3419 -0.0278 -0.2107 1.3424 -0.0449 -0.2084 1.3422 -0.0463 -0.2099 1.3101 -0.0482 -0.2009 1.3401 -0.0219 -0.2000 1.3083 -0.0254 -0.1979 1.3401 -0.0230 -0.2118 1.3424 -0.0417 -0.2128 1.3103 -0.0447 -0.2047 1.3418 -0.0486 -0.2044 1.3095 -0.0505 -0.2062 1.4293 -0.0398 -0.2090 1.4225 -0.0445 -0.1935 1.4138 -0.0501 -0.2038 1.4337 -0.0324 -0.2006 1.4033 -0.0470 -0.2015 1.4088 -0.0474 -0.1887 1.3417 -0.0362 -0.1903 1.3092 -0.0414 -0.1885 1.3421 -0.0381 -0.1882 1.3723 -0.0213 -0.1890 1.3858 -0.0164 -0.1876 1.3723 -0.0220 -0.1917 1.3080 -0.0309 -0.1897 1.3401 -0.0271 -0.1909 1.3399 -0.0256 -0.1813 1.3935 -0.0251 -0.1824 1.4003 -0.0145 -0.1978 1.3722 -0.0185 -0.2000 1.3723 -0.0188 -0.1914 1.3722 -0.0196 -0.1927 1.3400 -0.0249 -0.1947 1.3722 -0.0191 -0.1890 1.3723 -0.0208 -0.2124 1.4126 -0.0433 -0.2104 1.4013 -0.0426 -0.2140 1.3981 -0.0360 -0.2143 1.4051 -0.0383 -0.2092 1.4275 -0.0294 -0.2111 1.3716 -0.0389 -0.2081 1.3717 -0.0423 -0.1853 1.3993 -0.0102 -0.1903 1.4094 -0.0052 -0.1987 1.4218 -0.0106 -0.1938 1.4050 -0.0078 -0.2094 1.4132 -0.0151 -0.2059 1.4206 -0.0130 -0.2129 1.4136 -0.0208 -0.2112 1.4210 -0.0266 -0.2120 1.4199 -0.0309 -0.2120 1.4199 -0.0323 -0.1845 1.4422 -0.0408 -0.1849 1.4378 -0.0478 -0.1895 1.4402 -0.0152 -0.1909 1.4231 -0.0051 -0.1792 1.4414 -0.0328 -0.2088 1.4275 -0.0309 -0.1976 1.4174 -0.0062 -0.1983 1.3884 -0.0161 -0.1847 1.4261 -0.0092 -0.2029 1.4382 -0.0316 -0.2024 1.4390 -0.0325 -0.1915 1.4195 -0.0555 -0.1830 1.4125 -0.0548 -0.2006 1.0848 -0.0317 -0.2050 1.0859 -0.0336 -0.2191 1.0687 -0.0366 -0.2284 1.0727 -0.0289 -0.2200 1.0768 -0.0289 -0.2356 1.0786 -0.0261 -0.2363 1.0948 -0.0378 -0.2348 1.1017 -0.0420 -0.1935 1.0997 -0.0530 -0.1994 1.0945 -0.0461 -0.2022 1.0898 -0.0428 -0.1978 1.0831 -0.0506 -0.2007 1.0846 -0.0477 -0.1892 1.0865 -0.0536 -0.1862 1.0850 -0.0541 -0.1783 1.0910 -0.0509 -0.1802 1.0760 -0.0469 -0.1762 1.0837 -0.0494 -0.1936 1.0911 -0.0346 -0.1799 1.0914 -0.0456 -0.1777 1.0867 -0.0440 -0.1898 1.0762 -0.0496 -0.1959 1.0704 -0.0516 -0.2134 1.0747 -0.0459 -0.2074 1.0795 -0.0463 -0.2260 1.0701 -0.0348 -0.2202 1.0694 -0.0346 -0.1907 1.0819 -0.0352 -0.1901 1.0747 -0.0368 -0.1913 1.0717 -0.0395 -0.1941 1.0762 -0.0271 -0.1961 1.0641 -0.0346 -0.2081 1.0750 -0.0314 -0.1927 1.0690 -0.0292 -0.1872 1.0734 -0.0423 -0.1804 1.0799 -0.0425 -0.2026 1.0740 -0.0299 -0.2070 1.4296 -0.0375 -0.2151 1.3979 -0.0314 -0.2148 1.4108 -0.0285 -0.2071 1.4317 -0.0275 -0.2048 1.4083 -0.0134 -0.1996 1.4074 -0.0117 -0.1786 1.4403 -0.0360 -0.1862 1.4361 -0.0118 -0.1739 1.4366 -0.0343 -0.1719 1.4331 -0.0396 -0.1788 1.4356 -0.0464 -0.1946 1.4368 -0.0472 -0.2009 1.4421 -0.0341 -0.1983 1.4437 -0.0355 -0.1977 1.4415 -0.0217 -0.2107 1.3863 -0.0195 -0.2147 1.3859 -0.0239 -0.2074 1.3722 -0.0190 -0.2074 1.3918 -0.0175 -0.2039 1.3723 -0.0195 -0.1848 1.3724 -0.0352 -0.2051 1.3718 -0.0460 -0.2096 1.3866 -0.0418 -0.2056 1.3865 -0.0452 -0.2070 1.3407 -0.0204 -0.1869 1.3720 -0.0247 -0.1894 1.3406 -0.0300 -0.2130 1.3714 -0.0321 -0.2127 1.3714 -0.0358 -0.2133 1.3424 -0.0367 -0.2136 1.3422 -0.0319 -0.2061 1.3081 -0.0224 -0.2056 1.3405 -0.0206 -0.1970 1.2759 -0.0499 -0.2004 1.3095 -0.0508 -0.1998 1.2759 -0.0524 -0.2148 1.3104 -0.0348 -0.2162 1.2758 -0.0360 -0.1984 1.2425 -0.0519 -0.2011 1.2434 -0.0534 -0.2119 1.2437 -0.0494 -0.2146 1.2757 -0.0447 -0.2118 1.2763 -0.0487 -0.2158 1.2759 -0.0404 -0.2110 1.2436 -0.0283 -0.2076 1.2150 -0.0557 -0.2049 1.2439 -0.0532 -0.2124 1.2146 -0.0507 -0.2149 1.2146 -0.0383 -0.1972 1.1798 -0.0517 -0.2011 1.2138 -0.0544 -0.2036 1.1810 -0.0582 -0.2042 1.2146 -0.0562 -0.2096 1.1815 -0.0583 -0.2172 1.1817 -0.0523 -0.2145 1.1463 -0.0580 -0.1963 1.1462 -0.0475 -0.2140 1.1478 -0.0414 -0.2103 1.1234 -0.0372 -0.2107 1.1468 -0.0374 -0.2178 1.1246 -0.0415 -0.2089 1.1469 -0.0365 -0.1983 1.1451 -0.0538 -0.2125 1.1261 -0.0559 -0.2223 1.1245 -0.0582 -0.2187 1.1478 -0.0582 -0.2236 1.1493 -0.0523 -0.2262 1.1249 -0.0478 -0.2225 1.1380 -0.0487 -0.2215 1.1205 -0.0431 -0.2313 1.1119 -0.0454 -0.1895 1.1102 -0.0472 -0.1868 1.1007 -0.0452 -0.2288 1.1000 -0.0573 -0.1958 1.0627 -0.0428 -0.1932 1.0710 -0.0467 -0.2034 1.0674 -0.0369 -0.2092 1.1118 -0.0545 -0.2202 1.0932 -0.0540 -0.2048 1.1034 -0.0512 -0.1980 1.1463 -0.0434 -0.2135 1.1808 -0.0393 -0.1999 1.1807 -0.0368 -0.2018 1.1467 -0.0393 -0.1914 1.2754 -0.0444 -0.2104 1.2748 -0.0258 -0.2074 1.3081 -0.0222 -0.2118 1.3076 -0.0245 -0.2086 1.2749 -0.0254 -0.2004 1.3859 -0.0464 -0.1938 1.3992 -0.0474 -0.1850 1.4436 -0.0376 -0.1707 1.4184 -0.0482 -0.1705 1.4242 -0.0465 -0.1660 1.4161 -0.0423 -0.1675 1.4224 -0.0417 -0.2108 1.4070 -0.0164 -0.2090 1.4237 -0.0209 -0.1929 1.4175 -0.0534 -0.1968 1.0673 -0.0505 -0.2060 1.0717 -0.0452 -0.2143 1.0714 -0.0434 -0.1863 1.1037 -0.0516 -0.1854 1.0992 -0.0459 -0.1722 1.4325 -0.0211 -0.1680 1.4259 -0.0237 -0.1945 1.3861 -0.0159 -0.2129 1.3868 -0.0366 -0.1949 1.3712 -0.0464 -0.2005 1.3416 -0.0489 -0.2000 1.3717 -0.0469 -0.2135 1.1818 -0.0574 -0.2211 1.1485 -0.0568 -0.1931 1.2126 -0.0394 -0.2116 1.2749 -0.0266 -0.2010 1.1118 -0.0377 -0.2098 1.2436 -0.0277 -0.1932 1.2746 -0.0345 -0.1921 1.2746 -0.0350 -0.1893 1.3421 -0.0406 -0.2134 1.3097 -0.0299 -0.1913 1.3708 -0.0447 -0.1887 1.3706 -0.0424 -0.2000 1.4258 -0.0494 -0.1767 1.4048 -0.0488 -0.1761 1.4053 -0.0492 -0.1922 1.2420 -0.0384 -0.1923 1.2420 -0.0373 -0.1940 1.2419 -0.0357 -0.1929 1.2419 -0.0362 -0.2073 1.2750 -0.0257 -0.1946 1.1113 -0.0416 -0.2035 1.0978 -0.0466 -0.2151 1.1198 -0.0556 -0.2146 1.3103 -0.0393 -0.1856 1.3716 -0.0307 -0.2042 1.2760 -0.0521 -0.2146 1.3863 -0.0292 -0.2141 1.3865 -0.0331 -0.2067 1.3971 -0.0450 -0.1671 1.4237 -0.0247 -0.1674 1.4164 -0.0209 -0.1659 1.4133 -0.0250 -0.2156 1.3977 -0.0266 -0.1925 1.4365 -0.0482 -0.1988 1.4277 -0.0506 -0.1829 1.4403 -0.0187 -0.1750 1.4069 -0.0493 -0.1998 1.4265 -0.0500 -0.1698 1.4196 -0.0173 -0.1732 1.4149 -0.0134 -0.1733 1.4295 -0.0168 -0.1783 1.4345 -0.0148 -0.1765 1.4366 -0.0195 -0.2152 1.0742 -0.0279 -0.2157 1.0836 -0.0296 -0.1858 1.0852 -0.0542 -0.1885 1.0877 -0.0379 -0.1862 1.0827 -0.0388 -0.2251 1.0862 -0.0280 -0.2050 1.0730 -0.0472 -0.2009 1.0692 -0.0313 -0.2015 1.0728 -0.0298 -0.2144 1.4078 -0.0214 -0.2117 1.3950 -0.0187 -0.1645 1.4164 -0.0349 -0.1647 1.4102 -0.0335 -0.1657 1.4220 -0.0360 -0.1670 1.4101 -0.0421 -0.1719 1.4126 -0.0488 -0.1763 1.4316 -0.0485 -0.1784 1.4224 -0.0533 -0.1768 1.4275 -0.0511 -0.1801 1.4183 -0.0544 -0.1876 1.4240 -0.0550 -0.1853 1.4277 -0.0537 -0.1829 1.4314 -0.0521 -0.1940 1.4449 -0.0376 -0.1931 1.4450 -0.0269 -0.1912 1.4453 -0.0262 -0.2152 1.3965 -0.0226 -0.2006 1.2751 -0.0289 -0.2004 1.2442 -0.0316 -0.1931 1.2426 -0.0466" />
                </IndexedFaceSet>
              </Shape>
            </Transform>
          </HAnimSegment>
          <HAnimJoint DEF="Joe_r_elbow" center="-0.2 1.07 -0.02" name="r_elbow">
            <HAnimSegment DEF="Joe_r_forearm" name="r_forearm">
              <Transform DEF="RightradulnSkeletonParts">
                <Shape>
                  <Appearance USE="Bone" />
                  <IndexedFaceSet coordIndex="4 5 6 -1 10 8 11 -1 12 14 13 -1 24 25 26 -1 27 28 29 -1 30 31 32 -1 31 33 32 -1 35 1 36 -1 41 42 40 -1 1 0 3 -1 38 47 25 -1 47 26 25 -1 48 49 50 -1 50 51 48 -1 38 25 52 -1 52 25 53 -1 25 51 53 -1 54 50 55 -1 50 56 55 -1 57 58 59 -1 58 60 59 -1 61 62 63 -1 62 64 63 -1 65 26 47 -1 65 66 26 -1 49 67 68 -1 67 69 68 -1 70 71 72 -1 70 73 71 -1 74 75 76 -1 74 77 75 -1 20 21 19 -1 80 81 82 -1 75 72 83 -1 83 84 75 -1 17 85 11 -1 16 20 19 -1 87 88 23 -1 13 21 12 -1 6 5 89 -1 90 91 92 -1 90 93 91 -1 94 90 95 -1 94 93 90 -1 72 96 83 -1 72 71 96 -1 10 7 8 -1 9 97 23 -1 30 87 100 -1 30 32 87 -1 87 99 100 -1 66 27 33 -1 66 65 27 -1 29 101 87 -1 29 28 101 -1 90 92 99 -1 83 7 10 -1 83 96 7 -1 67 103 91 -1 91 93 67 -1 22 88 87 -1 15 86 16 -1 86 21 16 -1 18 15 16 -1 16 104 78 -1 5 105 89 -1 106 84 107 -1 106 81 84 -1 5 4 105 -1 4 82 105 -1 4 80 82 -1 4 108 80 -1 109 76 80 -1 109 74 76 -1 68 69 73 -1 69 71 73 -1 67 49 103 -1 49 48 103 -1 52 53 37 -1 59 60 61 -1 60 62 61 -1 38 52 37 -1 77 60 58 -1 77 74 60 -1 64 62 109 -1 109 110 64 -1 73 111 112 -1 73 70 111 -1 50 49 56 -1 49 68 56 -1 25 24 51 -1 24 48 51 -1 46 113 1 -1 36 34 35 -1 46 1 45 -1 3 1 2 -1 75 84 76 -1 31 115 33 -1 115 66 33 -1 64 110 116 -1 108 4 117 -1 14 12 13 -1 12 15 23 -1 8 9 11 -1 9 17 11 -1 44 40 39 -1 42 40 44 -1 17 18 16 -1 115 91 103 -1 31 91 115 -1 116 108 117 -1 108 116 110 -1 4 65 117 -1 4 27 65 -1 115 26 66 -1 115 24 26 -1 42 118 39 -1 119 42 40 -1 42 119 40 -1 40 42 41 -1 43 3 39 -1 0 45 3 -1 34 120 1 -1 34 1 35 -1 34 114 1 -1 121 1 113 -1 121 36 1 -1 73 56 68 -1 73 112 56 -1 70 58 111 -1 70 77 58 -1 62 74 109 -1 74 62 60 -1 122 111 123 -1 122 112 111 -1 37 53 54 -1 37 122 121 -1 37 55 122 -1 123 57 121 -1 36 59 61 -1 110 80 108 -1 80 110 109 -1 106 82 81 -1 105 82 106 -1 10 84 83 -1 107 84 10 -1 105 11 89 -1 105 106 11 -1 107 10 11 -1 89 11 79 -1 104 16 19 -1 21 20 16 -1 15 12 86 -1 21 86 12 -1 22 124 21 -1 69 96 71 -1 69 94 96 -1 7 95 8 -1 23 15 98 -1 90 8 95 -1 8 90 99 -1 8 99 102 -1 9 102 97 -1 9 8 102 -1 18 9 23 -1 18 23 98 -1 29 87 32 -1 87 101 22 -1 27 32 33 -1 27 29 32 -1 87 23 99 -1 23 13 12 -1 99 30 100 -1 92 30 99 -1 99 97 102 -1 97 99 23 -1 98 15 18 -1 17 9 18 -1 94 7 96 -1 94 95 7 -1 67 94 69 -1 67 93 94 -1 124 101 89 -1 124 22 101 -1 89 79 124 -1 22 13 88 -1 22 21 13 -1 23 88 13 -1 104 21 78 -1 19 21 104 -1 16 79 17 -1 78 79 16 -1 79 85 17 -1 11 85 79 -1 11 106 107 -1 84 80 76 -1 81 80 84 -1 78 124 79 -1 78 21 124 -1 72 77 70 -1 72 75 77 -1 61 34 36 -1 61 63 34 -1 57 36 121 -1 57 59 36 -1 122 123 121 -1 37 54 55 -1 111 57 123 -1 111 58 57 -1 112 55 56 -1 55 112 122 -1 53 50 54 -1 53 51 50 -1 116 38 64 -1 116 47 38 -1 37 0 1 -1 46 121 113 -1 0 121 46 -1 0 37 121 -1 120 37 1 -1 120 34 37 -1 46 45 0 -1 43 39 118 -1 44 43 42 -1 1 3 43 -1 43 45 1 -1 44 45 43 -1 39 45 44 -1 39 3 45 -1 34 38 37 -1 38 34 63 -1 39 40 42 -1 118 42 43 -1 38 63 64 -1 34 1 114 -1 27 6 28 -1 4 6 27 -1 117 47 116 -1 47 117 65 -1 24 103 48 -1 115 103 24 -1 92 31 30 -1 92 91 31 -1 89 28 6 -1 89 101 28 -1 2 1 3 -1" creaseAngle="1.571">
                    <Coordinate point="-0.2311 1.0412 -0.0273 -0.2224 1.0433 -0.0322 -0.2250 1.0517 -0.0353 -0.2309 1.0560 -0.0392 -0.2222 0.9344 0.0243 -0.2195 0.9104 0.0343 -0.2199 0.9102 0.0340 -0.2242 0.9160 0.0470 -0.2206 0.8906 0.0602 -0.2187 0.8752 0.0700 -0.2221 0.9159 0.0467 -0.2162 0.8881 0.0547 -0.2213 0.8492 0.0584 -0.2244 0.8575 0.0578 -0.2258 0.8559 0.0610 -0.2163 0.8513 0.0783 -0.2083 0.8554 0.0739 -0.2145 0.8703 0.0717 -0.2186 0.8619 0.0786 -0.2026 0.8507 0.0611 -0.2029 0.8500 0.0592 -0.2117 0.8552 0.0532 -0.2195 0.8662 0.0496 -0.2253 0.8644 0.0636 -0.2314 0.9861 0.0043 -0.2285 1.0048 -0.0102 -0.2276 0.9841 0.0017 -0.2229 0.9342 0.0240 -0.2204 0.9099 0.0339 -0.2212 0.9096 0.0340 -0.2293 0.9113 0.0399 -0.2317 0.9377 0.0285 -0.2258 0.9102 0.0365 -0.2268 0.9355 0.0264 -0.2216 1.0277 -0.0251 -0.2213 1.0403 -0.0307 -0.2180 1.0322 -0.0230 -0.2302 1.0308 -0.0221 -0.2256 1.0115 -0.0153 -0.2299 1.0599 -0.0423 -0.2335 1.0678 -0.0318 -0.2329 1.0686 -0.0287 -0.2298 1.0668 -0.0358 -0.2226 1.0624 -0.0381 -0.2304 1.0656 -0.0296 -0.2293 1.0564 -0.0277 -0.2243 1.0465 -0.0227 -0.2246 0.9837 -0.0008 -0.2320 0.9868 0.0053 -0.2319 0.9881 0.0074 -0.2324 1.0087 -0.0044 -0.2308 1.0067 -0.0070 -0.2281 1.0149 -0.0162 -0.2312 1.0164 -0.0142 -0.2325 1.0185 -0.0112 -0.2312 1.0211 -0.0089 -0.2308 1.0108 -0.0021 -0.2211 1.0215 -0.0088 -0.2211 1.0109 -0.0021 -0.2194 1.0200 -0.0110 -0.2200 1.0093 -0.0043 -0.2196 1.0179 -0.0133 -0.2206 1.0079 -0.0071 -0.2215 1.0168 -0.0158 -0.2221 1.0068 -0.0104 -0.2242 0.9616 0.0089 -0.2280 0.9632 0.0128 -0.2330 0.9672 0.0185 -0.2311 0.9899 0.0102 -0.2312 0.9680 0.0216 -0.2245 0.9910 0.0129 -0.2285 0.9695 0.0224 -0.2245 0.9690 0.0225 -0.2281 0.9917 0.0119 -0.2216 0.9894 0.0069 -0.2231 0.9685 0.0215 -0.2230 0.9672 0.0188 -0.2211 0.9901 0.0108 -0.2105 0.8608 0.0592 -0.2135 0.8687 0.0559 -0.2229 0.9651 0.0148 -0.2212 0.9375 0.0286 -0.2212 0.9369 0.0271 -0.2232 0.9410 0.0349 -0.2212 0.9396 0.0322 -0.2148 0.8721 0.0684 -0.2127 0.8505 0.0626 -0.2237 0.8813 0.0487 -0.2217 0.8666 0.0514 -0.2158 0.8856 0.0499 -0.2297 0.9139 0.0421 -0.2322 0.9382 0.0296 -0.2297 0.9123 0.0409 -0.2316 0.9392 0.0306 -0.2292 0.9399 0.0345 -0.2264 0.9162 0.0454 -0.2258 0.9411 0.0358 -0.2242 0.8756 0.0643 -0.2239 0.8567 0.0722 -0.2268 0.8881 0.0543 -0.2256 0.8838 0.0496 -0.2176 0.8820 0.0456 -0.2260 0.8865 0.0564 -0.2328 0.9664 0.0171 -0.2048 0.8545 0.0659 -0.2188 0.9121 0.0384 -0.2192 0.9131 0.0414 -0.2207 0.9153 0.0445 -0.2233 0.9634 0.0119 -0.2225 0.9871 0.0041 -0.2232 0.9856 0.0018 -0.2245 1.0121 -0.0005 -0.2276 1.0122 -0.0003 -0.2205 1.0417 -0.0213 -0.2210 1.0304 -0.0269 -0.2321 0.9657 0.0161 -0.2238 0.9841 -0.0006 -0.2236 0.9617 0.0090 -0.2314 1.0615 -0.0432 -0.2341 1.0684 -0.0331 -0.2241 1.0352 -0.0325 -0.2274 1.0350 -0.0169 -0.2276 1.0225 -0.0064 -0.2243 1.0227 -0.0071 -0.2158 0.8686 0.0492" />
                  </IndexedFaceSet>
                </Shape>
                <Shape>
                  <Appearance USE="Bone" />
                  <IndexedFaceSet coordIndex="7 8 9 -1 11 12 13 -1 14 15 16 -1 17 18 19 -1 17 20 18 -1 21 22 23 -1 21 24 22 -1 31 33 30 -1 36 6 1 -1 26 25 39 -1 46 0 44 -1 48 23 49 -1 49 50 48 -1 30 33 34 -1 34 53 30 -1 54 55 29 -1 56 27 26 -1 59 60 61 -1 50 49 56 -1 28 3 68 -1 69 70 71 -1 72 73 74 -1 75 76 77 -1 56 39 5 -1 78 80 79 -1 2 63 82 -1 2 1 63 -1 63 41 83 -1 78 79 81 -1 62 84 41 -1 85 86 87 -1 85 88 86 -1 89 10 90 -1 91 92 93 -1 92 94 93 -1 0 95 44 -1 96 97 98 -1 96 99 97 -1 100 101 102 -1 100 103 101 -1 104 13 105 -1 104 14 13 -1 0 46 44 -1 108 109 110 -1 111 112 113 -1 111 114 112 -1 29 115 116 -1 116 117 29 -1 118 86 119 -1 86 120 119 -1 35 42 64 -1 121 64 89 -1 41 123 124 -1 81 79 5 -1 102 19 100 -1 102 17 19 -1 126 18 20 -1 126 127 18 -1 113 128 111 -1 113 129 128 -1 130 131 132 -1 130 133 131 -1 132 134 135 -1 132 131 134 -1 136 137 138 -1 136 139 137 -1 91 140 92 -1 91 141 140 -1 135 12 142 -1 135 134 12 -1 143 144 142 -1 145 16 146 -1 147 148 149 -1 147 150 148 -1 151 95 125 -1 125 106 107 -1 125 152 106 -1 154 155 153 -1 44 156 153 -1 120 88 114 -1 120 86 88 -1 127 157 18 -1 127 158 157 -1 73 50 78 -1 73 159 50 -1 121 160 35 -1 65 29 161 -1 2 38 1 -1 37 58 162 -1 37 36 38 -1 41 43 34 -1 27 163 164 -1 165 164 163 -1 165 10 164 -1 59 166 60 -1 166 117 60 -1 166 54 29 -1 167 4 55 -1 167 3 4 -1 75 168 169 -1 169 76 75 -1 48 50 170 -1 170 171 48 -1 125 150 173 -1 174 16 175 -1 174 155 16 -1 176 95 147 -1 95 151 147 -1 177 176 149 -1 176 147 149 -1 106 178 179 -1 106 180 178 -1 142 11 143 -1 142 12 11 -1 177 141 91 -1 177 149 141 -1 97 179 178 -1 97 139 179 -1 139 97 99 -1 99 137 139 -1 132 135 94 -1 135 93 94 -1 181 103 182 -1 181 101 103 -1 64 42 27 -1 52 26 27 -1 81 5 122 -1 41 42 35 -1 35 43 41 -1 120 114 185 -1 107 150 125 -1 45 44 172 -1 153 172 44 -1 98 97 178 -1 178 145 98 -1 103 72 186 -1 103 100 72 -1 187 75 77 -1 187 70 75 -1 138 181 188 -1 138 137 181 -1 10 64 27 -1 10 89 64 -1 8 190 90 -1 90 10 8 -1 85 130 88 -1 63 25 26 -1 83 41 84 -1 80 56 79 -1 80 50 56 -1 63 83 82 -1 168 191 169 -1 78 74 73 -1 186 168 75 -1 66 35 161 -1 35 65 161 -1 27 192 163 -1 9 8 10 -1 10 165 9 -1 30 53 66 -1 26 39 56 -1 184 26 52 -1 184 63 26 -1 77 76 81 -1 68 67 28 -1 68 187 67 -1 193 36 37 -1 32 57 58 -1 36 51 6 -1 44 0 47 -1 43 35 34 -1 38 36 1 -1 29 55 4 -1 13 16 11 -1 13 14 16 -1 23 48 171 -1 171 21 23 -1 50 159 170 -1 165 22 9 -1 165 194 22 -1 28 4 3 -1 122 6 51 -1 27 164 10 -1 21 158 195 -1 21 171 158 -1 131 105 134 -1 105 131 196 -1 197 198 133 -1 198 197 199 -1 170 200 157 -1 170 159 200 -1 201 202 203 -1 201 204 202 -1 15 146 16 -1 28 81 122 -1 67 81 28 -1 77 67 187 -1 77 81 67 -1 125 205 0 -1 30 162 31 -1 57 162 58 -1 32 62 123 -1 194 163 192 -1 163 194 165 -1 5 6 122 -1 74 191 168 -1 78 191 74 -1 191 81 169 -1 2 82 37 -1 79 56 5 -1 5 25 6 -1 41 184 42 -1 41 63 184 -1 62 124 123 -1 32 162 57 -1 7 190 8 -1 7 118 190 -1 36 193 51 -1 183 161 29 -1 113 94 92 -1 113 112 94 -1 95 156 44 -1 206 207 144 -1 95 207 206 -1 208 136 138 -1 209 136 208 -1 210 211 212 -1 213 211 210 -1 167 214 3 -1 215 214 167 -1 186 70 69 -1 186 75 70 -1 145 180 16 -1 145 178 180 -1 198 216 196 -1 126 216 198 -1 217 199 197 -1 195 199 217 -1 194 23 22 -1 23 194 49 -1 56 192 27 -1 144 218 142 -1 144 207 218 -1 125 219 152 -1 45 0 44 -1 11 16 220 -1 156 154 153 -1 206 156 95 -1 212 182 69 -1 212 211 182 -1 128 221 213 -1 129 221 128 -1 120 110 119 -1 120 185 110 -1 160 65 35 -1 29 65 160 -1 60 110 61 -1 60 108 110 -1 222 223 224 -1 222 109 223 -1 34 33 123 -1 28 29 4 -1 28 122 29 -1 82 40 37 -1 40 82 83 -1 130 114 88 -1 112 114 130 -1 99 181 137 -1 99 101 181 -1 140 113 92 -1 140 129 113 -1 204 98 202 -1 204 96 98 -1 145 202 98 -1 202 145 146 -1 136 179 139 -1 225 179 136 -1 148 141 149 -1 148 209 141 -1 106 225 107 -1 106 179 225 -1 144 226 206 -1 226 144 143 -1 143 220 226 -1 143 11 220 -1 175 16 180 -1 173 147 151 -1 173 150 147 -1 16 155 154 -1 174 106 152 -1 174 175 106 -1 152 153 174 -1 156 226 220 -1 0 125 95 -1 0 205 125 -1 153 219 172 -1 0 45 125 -1 210 227 228 -1 215 227 210 -1 61 185 229 -1 61 110 185 -1 171 157 158 -1 171 170 157 -1 214 69 71 -1 214 212 69 -1 230 61 227 -1 61 230 59 -1 24 9 22 -1 9 24 7 -1 3 71 68 -1 3 214 71 -1 54 59 230 -1 166 59 54 -1 29 117 166 -1 224 223 121 -1 78 50 80 -1 191 78 81 -1 121 90 224 -1 90 121 89 -1 183 29 51 -1 62 41 124 -1 37 83 62 -1 40 83 37 -1 30 193 37 -1 189 193 30 -1 37 162 30 -1 37 62 58 -1 162 32 31 -1 66 183 189 -1 161 183 66 -1 30 66 189 -1 123 33 32 -1 84 62 83 -1 41 34 123 -1 25 63 1 -1 51 29 122 -1 160 121 115 -1 224 190 222 -1 224 90 190 -1 109 116 223 -1 116 109 108 -1 222 118 119 -1 222 190 118 -1 230 215 167 -1 230 227 215 -1 200 73 72 -1 200 159 73 -1 7 217 87 -1 217 7 24 -1 228 61 229 -1 227 61 228 -1 100 200 72 -1 19 200 100 -1 197 87 217 -1 87 197 85 -1 229 128 228 -1 229 111 128 -1 172 125 45 -1 172 219 125 -1 153 155 174 -1 151 125 173 -1 175 180 106 -1 225 209 148 -1 225 136 209 -1 15 104 203 -1 104 15 14 -1 93 142 218 -1 142 93 135 -1 140 209 208 -1 140 141 209 -1 216 203 104 -1 216 201 203 -1 138 221 208 -1 138 188 221 -1 17 96 204 -1 96 17 102 -1 112 132 94 -1 132 112 130 -1 85 133 130 -1 85 197 133 -1 126 201 216 -1 201 126 20 -1 69 103 186 -1 103 69 182 -1 42 184 27 -1 223 115 121 -1 223 116 115 -1 53 35 66 -1 34 35 53 -1 119 109 222 -1 119 110 109 -1 108 117 116 -1 60 117 108 -1 29 160 115 -1 228 213 210 -1 128 213 228 -1 229 114 111 -1 114 229 185 -1 211 181 182 -1 211 188 181 -1 168 72 74 -1 186 72 168 -1 148 107 225 -1 148 150 107 -1 154 220 16 -1 156 220 154 -1 0 44 47 -1 153 152 219 -1 95 176 207 -1 49 192 56 -1 49 194 192 -1 195 24 21 -1 217 24 195 -1 199 126 198 -1 127 126 199 -1 104 196 216 -1 104 105 196 -1 96 101 99 -1 102 101 96 -1 212 215 210 -1 215 212 214 -1 213 188 211 -1 221 188 213 -1 206 226 156 -1 208 129 140 -1 129 208 221 -1 91 218 177 -1 91 93 218 -1 207 177 218 -1 207 176 177 -1 118 87 86 -1 87 118 7 -1 52 27 184 -1 39 25 5 -1 76 169 81 -1 68 70 187 -1 68 71 70 -1 54 167 55 -1 54 230 167 -1 6 25 1 -1 51 193 183 -1 121 35 64 -1 32 58 62 -1 37 38 2 -1 31 32 33 -1 193 189 183 -1 146 203 202 -1 203 146 15 -1 20 204 201 -1 20 17 204 -1 19 157 200 -1 157 19 18 -1 133 196 131 -1 196 133 198 -1 13 134 105 -1 13 12 134 -1 195 127 199 -1 195 158 127 -1" creaseAngle="1.571">
                    <Coordinate point="-0.2146 0.8331 0.0481 -0.2190 1.0643 -0.0446 -0.2205 1.0712 -0.0499 -0.2181 1.0265 -0.0375 -0.2169 1.0368 -0.0434 -0.2192 1.0598 -0.0393 -0.2195 1.0620 -0.0430 -0.2039 1.0142 -0.0255 -0.2012 1.0292 -0.0300 -0.2017 1.0296 -0.0291 -0.1981 1.0444 -0.0325 -0.2069 0.8639 0.0420 -0.2058 0.8765 0.0342 -0.2065 0.8768 0.0349 -0.2082 0.8773 0.0363 -0.2090 0.8777 0.0373 -0.2102 0.8620 0.0459 -0.2153 0.9542 0.0057 -0.2160 0.9871 -0.0085 -0.2166 0.9871 -0.0084 -0.2147 0.9541 0.0055 -0.2076 1.0151 -0.0232 -0.2033 1.0307 -0.0276 -0.2066 1.0357 -0.0269 -0.2055 1.0149 -0.0239 -0.2128 1.0677 -0.0346 -0.2077 1.0705 -0.0293 -0.1966 1.0670 -0.0336 -0.2187 1.0438 -0.0403 -0.2127 1.0486 -0.0525 -0.2130 1.0765 -0.0619 -0.2107 1.0842 -0.0575 -0.2084 1.0908 -0.0484 -0.2051 1.0902 -0.0506 -0.2004 1.0786 -0.0575 -0.2013 1.0649 -0.0508 -0.2191 1.0700 -0.0544 -0.2208 1.0810 -0.0529 -0.2205 1.0706 -0.0528 -0.2103 1.0603 -0.0285 -0.2210 1.0803 -0.0479 -0.2036 1.0796 -0.0493 -0.2028 1.0716 -0.0472 -0.1995 1.0730 -0.0508 -0.2089 0.8383 0.0542 -0.2172 0.8320 0.0488 -0.2112 0.8382 0.0555 -0.2106 0.8373 0.0524 -0.2085 1.0361 -0.0262 -0.2070 1.0392 -0.0271 -0.2093 1.0396 -0.0265 -0.2172 1.0604 -0.0516 -0.1962 1.0682 -0.0346 -0.2064 1.0698 -0.0604 -0.2130 1.0347 -0.0483 -0.2146 1.0355 -0.0469 -0.2079 1.0579 -0.0294 -0.2143 1.0868 -0.0536 -0.2169 1.0854 -0.0542 -0.2109 1.0234 -0.0445 -0.2098 1.0237 -0.0437 -0.2110 1.0099 -0.0375 -0.2149 1.0854 -0.0432 -0.2101 1.0695 -0.0402 -0.1964 1.0660 -0.0352 -0.2052 1.0583 -0.0542 -0.2079 1.0672 -0.0602 -0.2192 1.0413 -0.0375 -0.2186 1.0296 -0.0349 -0.2205 1.0001 -0.0202 -0.2198 1.0142 -0.0267 -0.2196 1.0136 -0.0276 -0.2194 1.0022 -0.0159 -0.2173 1.0163 -0.0216 -0.2181 1.0162 -0.0223 -0.2198 1.0155 -0.0243 -0.2192 1.0332 -0.0313 -0.2196 1.0326 -0.0322 -0.2151 1.0373 -0.0280 -0.2164 1.0558 -0.0315 -0.2126 1.0410 -0.0264 -0.2179 1.0440 -0.0336 -0.2182 1.0723 -0.0468 -0.2154 1.0750 -0.0459 -0.2131 1.0791 -0.0452 -0.2055 0.9848 -0.0145 -0.2051 0.9983 -0.0219 -0.2054 0.9991 -0.0206 -0.2058 0.9842 -0.0158 -0.1969 1.0504 -0.0364 -0.1986 1.0401 -0.0343 -0.2063 0.8905 0.0190 -0.2078 0.9202 0.0054 -0.2043 0.8912 0.0209 -0.2047 0.9213 0.0070 -0.2081 0.8486 0.0431 -0.2158 0.9275 0.0170 -0.2142 0.8956 0.0291 -0.2136 0.8958 0.0297 -0.2167 0.9272 0.0163 -0.2200 0.9870 -0.0086 -0.2193 0.9540 0.0057 -0.2178 0.9543 0.0064 -0.2210 0.9868 -0.0092 -0.2076 0.8944 0.0276 -0.2048 0.8935 0.0266 -0.2176 0.8601 0.0448 -0.2179 0.8613 0.0410 -0.2063 1.0250 -0.0392 -0.2041 1.0256 -0.0370 -0.2062 1.0115 -0.0328 -0.2112 0.9807 -0.0225 -0.2060 0.9508 -0.0053 -0.2097 0.9502 -0.0077 -0.2065 0.9830 -0.0185 -0.2053 1.0468 -0.0473 -0.2062 1.0365 -0.0439 -0.2093 1.0350 -0.0480 -0.2033 1.0133 -0.0272 -0.2044 1.0120 -0.0304 -0.2054 0.9967 -0.0243 -0.2004 1.0498 -0.0416 -0.2185 1.0530 -0.0448 -0.2056 1.0911 -0.0480 -0.2078 1.0876 -0.0460 -0.2152 0.8443 0.0433 -0.2116 0.9544 0.0020 -0.2124 0.9863 -0.0108 -0.2149 0.9808 -0.0221 -0.2134 0.9500 -0.0084 -0.2048 0.9519 -0.0024 -0.2045 0.9243 0.0113 -0.2033 0.9232 0.0098 -0.2068 0.9528 -0.0006 -0.2041 0.8931 0.0260 -0.2036 0.8924 0.0236 -0.2163 0.8931 0.0235 -0.2169 0.9259 0.0138 -0.2167 0.9237 0.0099 -0.2152 0.8948 0.0273 -0.2115 0.9205 0.0044 -0.2108 0.8912 0.0186 -0.2047 0.8757 0.0319 -0.2065 0.8631 0.0402 -0.2064 0.8620 0.0379 -0.2122 0.8781 0.0379 -0.2096 0.8779 0.0376 -0.2117 0.8595 0.0340 -0.2148 0.8727 0.0298 -0.2114 0.8715 0.0281 -0.2162 0.8588 0.0371 -0.2118 0.8508 0.0384 -0.2187 0.8486 0.0512 -0.2134 0.8423 0.0578 -0.2083 0.8514 0.0529 -0.2114 0.8521 0.0538 -0.2057 0.8477 0.0527 -0.2148 1.0016 -0.0159 -0.2111 1.0008 -0.0174 -0.2139 1.0160 -0.0215 -0.2047 1.0512 -0.0485 -0.2079 1.0613 -0.0583 -0.2142 1.0835 -0.0572 -0.1986 1.0522 -0.0324 -0.1968 1.0515 -0.0329 -0.2000 1.0415 -0.0306 -0.2104 1.0345 -0.0492 -0.2153 1.0243 -0.0421 -0.2188 1.0159 -0.0232 -0.2166 1.0371 -0.0313 -0.2132 1.0159 -0.0216 -0.2096 1.0154 -0.0225 -0.2169 0.8402 0.0563 -0.2160 0.8559 0.0380 -0.2154 0.8521 0.0532 -0.2151 0.8583 0.0484 -0.2086 0.8603 0.0350 -0.2076 0.8724 0.0285 -0.2142 0.8781 0.0377 -0.2159 0.8773 0.0360 -0.2147 0.8655 0.0435 -0.2197 0.9527 0.0032 -0.2208 0.9853 -0.0126 -0.2159 1.0591 -0.0546 -0.2068 1.0704 -0.0359 -0.2067 0.9964 -0.0258 -0.2204 1.0018 -0.0169 -0.2190 1.0317 -0.0333 -0.2186 0.9522 -0.0023 -0.2112 1.0677 -0.0606 -0.2007 1.0278 -0.0311 -0.2158 1.0391 -0.0300 -0.2023 1.0537 -0.0320 -0.2172 1.0680 -0.0578 -0.2029 1.0420 -0.0299 -0.2084 1.0002 -0.0184 -0.2053 0.9248 0.0119 -0.2077 0.9854 -0.0128 -0.2076 0.9531 -0.0001 -0.2087 0.9856 -0.0123 -0.2155 1.0017 -0.0158 -0.2120 0.9272 0.0162 -0.2101 0.8955 0.0295 -0.2094 0.8953 0.0293 -0.2126 0.9273 0.0165 -0.2151 0.8386 0.0439 -0.2073 0.8534 0.0436 -0.2071 0.8610 0.0363 -0.2134 0.9212 0.0055 -0.2135 0.8915 0.0198 -0.2169 0.9964 -0.0277 -0.2198 0.9837 -0.0161 -0.2197 0.9985 -0.0234 -0.2168 0.9815 -0.0204 -0.2190 1.0120 -0.0305 -0.2163 1.0103 -0.0349 -0.2089 0.9260 0.0139 -0.2077 1.0001 -0.0186 -0.2055 0.8737 0.0298 -0.2204 0.8429 0.0527 -0.2076 0.8560 0.0470 -0.2155 0.9505 -0.0067 -0.2021 1.0263 -0.0347 -0.2031 1.0381 -0.0402 -0.2000 1.0393 -0.0372 -0.2174 0.8752 0.0327 -0.2070 0.8547 0.0457 -0.2142 1.0098 -0.0369 -0.2146 0.9953 -0.0294 -0.2113 0.9947 -0.0298 -0.2135 1.0234 -0.0438" />
                  </IndexedFaceSet>
                </Shape>
              </Transform>
            </HAnimSegment>
            <HAnimJoint DEF="Joe_r_wrist" center="-0.2 0.85 -0" name="r_wrist">
              <HAnimSegment DEF="Joe_r_hand" name="r_hand">
                <Transform DEF="RightHandSkeletonParts">
                  </Transform>
              </HAnimSegment>
            <HAnimJoint DEF="Joe_r_distal_interphalangeal_4" name="r_distal_interphalangeal_4">
<HAnimSegment DEF="Joe_r_distal_phalanx_4" name="r_distal_phalanx_4">
<TouchSensor description="r_distal_phalanx_4">
</TouchSensor>
<Shape>
                    <Appearance USE="Bone" />
                    <IndexedFaceSet coordIndex="5 6 4 -1 21 22 20 -1 18 28 17 -1 26 30 29 -1 31 32 33 -1 33 34 31 -1 26 32 37 -1 40 39 16 -1 40 22 39 -1 20 41 19 -1 39 42 12 -1 39 22 42 -1 22 40 20 -1 44 45 3 -1 30 46 47 -1 30 26 27 -1 28 18 35 -1 50 17 51 -1 25 55 56 -1 55 57 56 -1 58 59 23 -1 59 55 23 -1 11 8 62 -1 38 63 13 -1 64 63 5 -1 15 13 63 -1 65 36 14 -1 15 64 66 -1 65 2 36 -1 3 36 67 -1 0 36 3 -1 68 3 69 -1 44 60 45 -1 60 1 45 -1 70 71 68 -1 68 69 70 -1 65 66 2 -1 70 4 72 -1 70 5 4 -1 38 7 73 -1 4 10 74 -1 4 6 10 -1 12 76 11 -1 50 43 17 -1 50 75 43 -1 9 10 77 -1 74 10 9 -1 77 7 11 -1 11 76 77 -1 21 43 75 -1 60 43 21 -1 49 27 37 -1 6 73 10 -1 32 31 4 -1 66 64 70 -1 66 70 69 -1 69 2 66 -1 70 72 71 -1 68 71 3 -1 69 3 2 -1 61 0 20 -1 64 5 70 -1 38 5 63 -1 8 7 38 -1 38 13 8 -1 11 7 8 -1 62 8 13 -1 16 14 61 -1 25 43 23 -1 43 25 78 -1 43 78 18 -1 46 28 35 -1 79 80 35 -1 52 57 54 -1 81 25 56 -1 23 43 60 -1 82 50 51 -1 82 53 50 -1 17 28 51 -1 27 28 30 -1 49 48 27 -1 18 17 43 -1 14 83 15 -1 14 16 83 -1 13 15 39 -1 3 71 44 -1 54 84 52 -1 31 34 71 -1 24 23 60 -1 32 26 85 -1 35 80 47 -1 61 36 0 -1 61 14 36 -1 27 26 37 -1 41 16 19 -1 45 0 3 -1 1 0 45 -1 11 39 12 -1 34 33 24 -1 52 35 18 -1 36 2 67 -1 47 80 86 -1 4 37 32 -1 4 74 37 -1 71 34 24 -1 58 84 54 -1 44 71 24 -1 0 60 20 -1 60 0 1 -1 82 12 53 -1 52 81 56 -1 56 57 52 -1 35 87 79 -1 59 57 55 -1 57 59 54 -1 88 84 58 -1 88 87 84 -1 86 80 79 -1 28 46 30 -1 88 58 89 -1 86 33 32 -1 86 89 33 -1 26 30 47 -1 26 29 30 -1 25 81 18 -1 39 83 16 -1 62 13 11 -1 60 44 24 -1 37 74 9 -1 9 49 37 -1 21 75 22 -1 82 51 48 -1 76 9 77 -1 82 9 76 -1 82 48 49 -1 77 73 7 -1 73 77 10 -1 48 51 27 -1 82 49 9 -1 12 50 53 -1 50 12 42 -1 82 76 12 -1 22 50 42 -1 75 50 22 -1 38 6 5 -1 38 73 6 -1 31 72 4 -1 31 71 72 -1 19 61 20 -1 66 14 15 -1 14 66 65 -1 64 15 63 -1 15 83 39 -1 28 27 51 -1 32 85 86 -1 89 86 88 -1 24 89 58 -1 24 33 89 -1 23 24 58 -1 25 23 55 -1 79 88 86 -1 88 79 87 -1 58 54 59 -1 52 18 81 -1 87 52 84 -1 87 35 52 -1 40 16 20 -1 47 46 35 -1 21 20 60 -1 16 61 19 -1 13 39 11 -1 26 86 85 -1 47 86 26 -1 67 2 3 -1 18 78 25 -1 20 16 41 -1" creaseAngle="1.5">
                      <Coordinate point="-0.2187 0.8178 0.0785 -0.2191 0.8205 0.0762 -0.2168 0.8164 0.0859 -0.2159 0.8183 0.0815 -0.2058 0.8163 0.0821 -0.2084 0.8129 0.0829 -0.2050 0.8121 0.0825 -0.2031 0.8059 0.0771 -0.2037 0.8057 0.0770 -0.2017 0.8130 0.0755 -0.2028 0.8126 0.0793 -0.2078 0.8084 0.0723 -0.2085 0.8108 0.0716 -0.2106 0.8074 0.0773 -0.2193 0.8119 0.0833 -0.2137 0.8103 0.0832 -0.2182 0.8099 0.0768 -0.2078 0.8237 0.0687 -0.2081 0.8285 0.0683 -0.2197 0.8102 0.0752 -0.2194 0.8156 0.0748 -0.2148 0.8168 0.0734 -0.2133 0.8132 0.0732 -0.2165 0.8269 0.0735 -0.2141 0.8253 0.0792 -0.2138 0.8277 0.0704 -0.2018 0.8225 0.0759 -0.2019 0.8224 0.0738 -0.2056 0.8283 0.0690 -0.2021 0.8251 0.0720 -0.2023 0.8259 0.0716 -0.2057 0.8202 0.0810 -0.2049 0.8201 0.0802 -0.2098 0.8247 0.0818 -0.2107 0.8229 0.0815 -0.2065 0.8316 0.0724 -0.2191 0.8155 0.0810 -0.2033 0.8172 0.0768 -0.2072 0.8089 0.0798 -0.2125 0.8083 0.0761 -0.2167 0.8121 0.0738 -0.2206 0.8109 0.0736 -0.2107 0.8122 0.0724 -0.2120 0.8234 0.0717 -0.2141 0.8226 0.0795 -0.2165 0.8207 0.0785 -0.2038 0.8296 0.0707 -0.2024 0.8288 0.0746 -0.2026 0.8216 0.0726 -0.2013 0.8165 0.0731 -0.2096 0.8177 0.0709 -0.2067 0.8211 0.0700 -0.2077 0.8320 0.0723 -0.2063 0.8151 0.0710 -0.2109 0.8319 0.0762 -0.2152 0.8296 0.0732 -0.2120 0.8306 0.0710 -0.2123 0.8313 0.0729 -0.2130 0.8289 0.0790 -0.2131 0.8296 0.0783 -0.2165 0.8216 0.0748 -0.2226 0.8111 0.0799 -0.2084 0.8056 0.0764 -0.2094 0.8111 0.0820 -0.2116 0.8122 0.0846 -0.2172 0.8141 0.0853 -0.2138 0.8136 0.0866 -0.2172 0.8162 0.0831 -0.2133 0.8189 0.0839 -0.2146 0.8178 0.0857 -0.2115 0.8162 0.0854 -0.2115 0.8221 0.0813 -0.2098 0.8185 0.0821 -0.2036 0.8093 0.0804 -0.2037 0.8148 0.0786 -0.2117 0.8196 0.0720 -0.2040 0.8104 0.0728 -0.2009 0.8093 0.0754 -0.2120 0.8272 0.0693 -0.2049 0.8302 0.0775 -0.2039 0.8300 0.0763 -0.2112 0.8299 0.0692 -0.2050 0.8152 0.0715 -0.2163 0.8100 0.0793 -0.2103 0.8317 0.0769 -0.2034 0.8257 0.0788 -0.2047 0.8269 0.0794 -0.2080 0.8310 0.0784 -0.2087 0.8291 0.0804 -0.2092 0.8273 0.0813" />
                    </IndexedFaceSet>
                  </Shape>
                  <Shape>
                    <Appearance USE="Bone" />
                    <IndexedFaceSet coordIndex="7 8 9 -1 0 17 2 -1 14 1 2 -1 25 26 14 -1 18 23 13 -1 18 27 23 -1 14 12 23 -1 28 0 29 -1 28 30 0 -1 6 15 16 -1 31 28 6 -1 32 1 33 -1 24 34 35 -1 24 10 34 -1 4 37 38 -1 4 39 37 -1 4 38 5 -1 8 7 20 -1 9 8 24 -1 1 0 2 -1 19 1 27 -1 36 4 5 -1 24 35 40 -1 41 3 32 -1 1 19 22 -1 22 19 42 -1 16 31 6 -1 21 15 6 -1 13 12 43 -1 33 1 15 -1 43 12 44 -1 42 16 15 -1 17 36 2 -1 2 25 14 -1 17 30 39 -1 17 0 30 -1 10 24 11 -1 32 33 41 -1 21 33 15 -1 10 44 12 -1 37 39 30 -1 41 28 29 -1 30 28 46 -1 20 16 18 -1 19 18 16 -1 12 34 10 -1 19 16 42 -1 33 21 41 -1 28 41 6 -1 31 37 46 -1 5 12 26 -1 15 22 42 -1 1 14 27 -1 22 15 1 -1 31 7 37 -1 35 5 40 -1 40 9 24 -1 45 9 5 -1 39 36 17 -1 36 39 4 -1 23 12 13 -1 27 18 19 -1 36 25 2 -1 14 26 12 -1 8 20 24 -1 5 25 36 -1 26 25 5 -1 34 5 35 -1 5 9 40 -1 30 46 37 -1 3 29 0 -1 3 41 29 -1 23 27 14 -1 45 5 38 -1 37 7 38 -1 13 44 10 -1 44 13 43 -1 12 5 34 -1 13 11 24 -1 24 18 13 -1 24 20 18 -1 7 16 20 -1 16 7 31 -1 46 28 31 -1 21 6 41 -1 0 32 3 -1 1 32 0 -1 7 45 38 -1 7 9 45 -1 13 10 11 -1" creaseAngle="1.5">
                      <Coordinate point="-0.2228 0.8340 0.0688 -0.2188 0.8292 0.0693 -0.2215 0.8303 0.0650 -0.2222 0.8329 0.0709 -0.2190 0.8368 0.0639 -0.2131 0.8331 0.0599 -0.2153 0.8358 0.0752 -0.2126 0.8372 0.0669 -0.2091 0.8360 0.0638 -0.2107 0.8363 0.0623 -0.2061 0.8276 0.0635 -0.2057 0.8302 0.0642 -0.2120 0.8279 0.0610 -0.2091 0.8301 0.0656 -0.2174 0.8284 0.0650 -0.2145 0.8313 0.0746 -0.2123 0.8340 0.0724 -0.2231 0.8348 0.0653 -0.2115 0.8318 0.0686 -0.2139 0.8313 0.0707 -0.2112 0.8358 0.0670 -0.2159 0.8323 0.0766 -0.2150 0.8310 0.0729 -0.2132 0.8287 0.0639 -0.2072 0.8335 0.0637 -0.2199 0.8306 0.0623 -0.2159 0.8287 0.0609 -0.2141 0.8302 0.0673 -0.2189 0.8362 0.0728 -0.2212 0.8353 0.0716 -0.2202 0.8370 0.0694 -0.2141 0.8371 0.0708 -0.2196 0.8299 0.0718 -0.2175 0.8304 0.0757 -0.2089 0.8302 0.0604 -0.2079 0.8318 0.0605 -0.2229 0.8348 0.0642 -0.2162 0.8375 0.0674 -0.2150 0.8374 0.0648 -0.2201 0.8367 0.0660 -0.2079 0.8336 0.0606 -0.2190 0.8336 0.0741 -0.2143 0.8314 0.0722 -0.2087 0.8279 0.0637 -0.2080 0.8266 0.0627 -0.2137 0.8370 0.0633 -0.2173 0.8375 0.0700" />
                    </IndexedFaceSet>
                  </Shape>
                  <Shape>
                    <Appearance USE="Bone" />
                    <IndexedFaceSet coordIndex="6 5 7 -1 12 17 3 -1 17 18 3 -1 18 20 3 -1 21 22 3 -1 22 23 3 -1 27 13 3 -1 30 29 31 -1 30 32 29 -1 35 32 36 -1 32 35 33 -1 37 29 0 -1 43 28 1 -1 48 47 49 -1 39 51 40 -1 52 51 39 -1 52 53 51 -1 46 45 49 -1 0 40 50 -1 5 53 52 -1 45 26 54 -1 49 54 55 -1 49 45 54 -1 48 56 57 -1 48 49 56 -1 58 48 59 -1 58 50 48 -1 0 50 60 -1 29 39 0 -1 61 39 62 -1 61 52 39 -1 55 63 64 -1 55 54 63 -1 57 65 66 -1 57 56 65 -1 58 67 68 -1 58 59 67 -1 5 52 61 -1 54 69 63 -1 54 26 69 -1 64 70 71 -1 64 63 70 -1 66 72 73 -1 66 65 72 -1 68 74 75 -1 68 67 74 -1 77 62 29 -1 5 61 62 -1 71 70 78 -1 73 72 79 -1 80 75 74 -1 81 75 80 -1 5 62 77 -1 69 26 25 -1 79 82 83 -1 84 81 80 -1 85 81 84 -1 69 86 87 -1 88 83 82 -1 89 85 84 -1 90 85 89 -1 30 37 91 -1 69 24 92 -1 69 25 24 -1 87 92 93 -1 87 86 92 -1 82 93 94 -1 82 78 93 -1 95 88 82 -1 96 88 95 -1 97 90 89 -1 98 90 97 -1 99 30 91 -1 77 29 100 -1 94 101 102 -1 94 93 101 -1 96 103 104 -1 96 95 103 -1 105 98 97 -1 106 98 105 -1 108 77 100 -1 108 5 77 -1 93 92 109 -1 102 110 111 -1 102 101 110 -1 104 112 113 -1 104 103 112 -1 106 114 107 -1 106 105 114 -1 115 108 100 -1 111 116 112 -1 111 110 116 -1 114 113 112 -1 34 32 33 -1 34 108 115 -1 117 108 34 -1 117 5 108 -1 112 116 119 -1 120 114 112 -1 121 114 120 -1 121 107 114 -1 122 107 121 -1 122 35 107 -1 119 124 123 -1 119 116 124 -1 121 120 125 -1 122 121 126 -1 123 118 127 -1 122 128 129 -1 122 126 128 -1 130 117 34 -1 130 5 117 -1 123 127 131 -1 125 132 128 -1 129 128 133 -1 128 134 135 -1 128 132 134 -1 133 136 137 -1 133 128 136 -1 10 34 137 -1 138 130 34 -1 139 123 140 -1 135 141 142 -1 135 134 141 -1 137 136 143 -1 144 10 137 -1 138 10 2 -1 131 140 123 -1 142 145 146 -1 142 141 145 -1 147 137 143 -1 148 137 147 -1 2 144 149 -1 139 150 151 -1 139 140 150 -1 146 145 152 -1 147 153 148 -1 153 147 154 -1 1 2 149 -1 155 138 156 -1 155 130 138 -1 145 158 152 -1 158 145 159 -1 154 160 153 -1 160 154 161 -1 162 155 156 -1 5 130 155 -1 151 157 163 -1 151 150 157 -1 159 164 158 -1 164 159 165 -1 161 166 160 -1 166 161 167 -1 7 156 169 -1 7 162 156 -1 7 155 162 -1 7 5 155 -1 163 157 170 -1 165 171 164 -1 171 165 172 -1 167 173 166 -1 173 167 171 -1 19 1 168 -1 7 169 28 -1 174 163 170 -1 170 176 174 -1 176 170 177 -1 178 172 179 -1 178 171 172 -1 173 171 180 -1 43 19 173 -1 175 181 157 -1 177 182 176 -1 182 177 183 -1 184 179 185 -1 184 178 179 -1 186 180 187 -1 186 173 180 -1 43 173 188 -1 189 28 43 -1 7 28 190 -1 181 175 11 -1 183 191 182 -1 191 183 192 -1 193 185 194 -1 193 184 185 -1 195 187 196 -1 195 186 187 -1 42 43 188 -1 189 43 42 -1 197 7 190 -1 11 198 181 -1 192 199 191 -1 199 192 200 -1 194 201 193 -1 201 194 202 -1 203 196 204 -1 203 195 196 -1 189 197 190 -1 206 12 16 -1 206 11 12 -1 11 207 198 -1 207 11 208 -1 200 209 199 -1 209 200 207 -1 210 202 211 -1 210 201 202 -1 212 204 213 -1 212 203 204 -1 41 205 214 -1 41 42 205 -1 41 189 42 -1 215 189 41 -1 215 197 189 -1 216 197 215 -1 217 206 16 -1 211 218 210 -1 218 211 219 -1 213 220 212 -1 220 213 221 -1 217 16 15 -1 207 208 222 -1 207 223 209 -1 223 207 224 -1 219 225 218 -1 225 219 226 -1 221 227 220 -1 227 221 228 -1 9 215 41 -1 6 216 215 -1 224 229 223 -1 229 224 230 -1 226 231 225 -1 231 226 232 -1 227 228 233 -1 9 41 227 -1 15 234 217 -1 234 15 14 -1 222 217 234 -1 230 235 229 -1 235 230 236 -1 232 237 231 -1 237 232 238 -1 239 233 240 -1 239 227 233 -1 8 227 241 -1 8 9 227 -1 8 215 9 -1 242 215 8 -1 242 6 215 -1 234 44 222 -1 236 243 235 -1 243 236 244 -1 238 245 237 -1 246 240 247 -1 246 239 240 -1 248 242 8 -1 51 6 242 -1 44 234 249 -1 244 47 243 -1 47 244 44 -1 250 246 247 -1 40 248 8 -1 51 248 40 -1 53 6 51 -1 53 5 6 -1 44 249 45 -1 44 46 47 -1 46 44 45 -1 47 48 245 -1 50 250 48 -1 40 8 251 -1 40 250 50 -1 40 251 250 -1 48 250 245 -1 14 45 249 -1 45 14 13 -1 251 246 250 -1 251 8 246 -1 250 247 245 -1 243 47 245 -1 249 234 14 -1 3 13 14 -1 51 242 248 -1 8 239 246 -1 8 241 239 -1 247 237 245 -1 247 240 237 -1 235 245 238 -1 245 235 243 -1 222 244 236 -1 244 222 44 -1 241 227 239 -1 231 240 233 -1 240 231 237 -1 229 238 232 -1 238 229 235 -1 222 236 230 -1 3 14 15 -1 225 233 228 -1 233 225 231 -1 223 232 226 -1 232 223 229 -1 207 230 224 -1 230 207 222 -1 41 220 227 -1 218 228 221 -1 228 218 225 -1 209 226 219 -1 226 209 223 -1 217 222 208 -1 3 15 16 -1 212 41 214 -1 41 212 220 -1 210 221 213 -1 221 210 218 -1 209 219 211 -1 208 206 217 -1 216 7 197 -1 6 7 216 -1 214 203 212 -1 214 205 203 -1 213 201 210 -1 213 204 201 -1 211 199 209 -1 211 202 199 -1 198 207 200 -1 208 11 206 -1 16 12 3 -1 195 205 42 -1 205 195 203 -1 204 193 201 -1 204 196 193 -1 191 202 194 -1 202 191 199 -1 181 200 192 -1 200 181 198 -1 42 186 195 -1 42 188 186 -1 196 184 193 -1 196 187 184 -1 182 194 185 -1 194 182 191 -1 181 192 183 -1 175 12 11 -1 190 28 189 -1 188 173 186 -1 187 178 184 -1 187 180 178 -1 176 185 179 -1 185 176 182 -1 157 183 177 -1 183 157 181 -1 175 17 12 -1 19 43 1 -1 180 171 178 -1 179 174 176 -1 179 172 174 -1 157 177 170 -1 157 17 175 -1 157 18 17 -1 172 163 174 -1 19 166 173 -1 19 168 166 -1 164 171 167 -1 165 163 172 -1 169 1 28 -1 169 156 1 -1 168 160 166 -1 168 1 160 -1 158 167 161 -1 167 158 164 -1 159 163 165 -1 159 151 163 -1 157 20 18 -1 1 153 160 -1 152 161 154 -1 161 152 158 -1 145 151 159 -1 150 20 157 -1 150 21 20 -1 21 3 20 -1 156 2 1 -1 156 138 2 -1 1 148 153 -1 1 149 148 -1 146 154 147 -1 154 146 152 -1 145 139 151 -1 140 21 150 -1 148 144 137 -1 149 144 148 -1 143 146 147 -1 143 142 146 -1 139 145 141 -1 22 140 131 -1 140 22 21 -1 2 10 144 -1 136 142 143 -1 136 135 142 -1 123 141 134 -1 141 123 139 -1 138 34 10 -1 137 34 133 -1 128 135 136 -1 123 134 132 -1 133 34 129 -1 123 132 125 -1 22 131 127 -1 34 122 129 -1 126 125 128 -1 23 127 118 -1 127 23 22 -1 33 122 34 -1 33 35 122 -1 126 121 125 -1 120 123 125 -1 120 119 123 -1 116 123 124 -1 116 118 123 -1 112 119 120 -1 116 109 118 -1 23 118 109 -1 34 115 32 -1 110 109 116 -1 24 109 92 -1 109 24 23 -1 115 100 32 -1 35 36 107 -1 105 113 114 -1 105 104 113 -1 103 111 112 -1 103 102 111 -1 101 109 110 -1 101 93 109 -1 4 23 24 -1 23 4 3 -1 107 30 99 -1 36 30 107 -1 106 99 98 -1 107 99 106 -1 97 104 105 -1 97 96 104 -1 95 102 103 -1 95 94 102 -1 100 29 32 -1 98 91 90 -1 99 91 98 -1 96 89 88 -1 97 89 96 -1 82 94 95 -1 78 87 93 -1 86 69 92 -1 24 25 4 -1 90 37 85 -1 91 37 90 -1 88 84 83 -1 89 84 88 -1 78 69 87 -1 85 37 81 -1 83 80 79 -1 84 80 83 -1 79 78 82 -1 70 69 78 -1 25 26 4 -1 37 38 76 -1 81 76 75 -1 37 76 81 -1 74 79 80 -1 74 73 79 -1 72 78 79 -1 72 71 78 -1 70 63 69 -1 38 0 76 -1 75 0 68 -1 76 0 75 -1 67 73 74 -1 67 66 73 -1 65 71 72 -1 65 64 71 -1 27 4 26 -1 68 60 58 -1 0 60 68 -1 59 66 67 -1 59 57 66 -1 56 64 65 -1 56 55 64 -1 62 39 29 -1 60 50 58 -1 48 57 59 -1 49 55 56 -1 45 27 26 -1 27 3 4 -1 45 13 27 -1 46 49 47 -1 0 39 40 -1 30 29 37 -1 30 31 29 -1 0 38 37 -1 36 32 30 -1" creaseAngle="1.5">
                      <Coordinate point="-0.2118 0.8179 0.0596 -0.2164 0.8179 0.0558 -0.2157 0.8190 0.0559 -0.2106 0.8145 0.0544 -0.2106 0.8146 0.0544 -0.2144 0.8179 0.0581 -0.2145 0.8173 0.0585 -0.2148 0.8177 0.0579 -0.2140 0.8157 0.0600 -0.2150 0.8154 0.0597 -0.2150 0.8197 0.0559 -0.2123 0.8131 0.0547 -0.2114 0.8138 0.0544 -0.2104 0.8144 0.0556 -0.2107 0.8141 0.0554 -0.2110 0.8139 0.0550 -0.2111 0.8138 0.0548 -0.2116 0.8140 0.0540 -0.2115 0.8142 0.0538 -0.2168 0.8167 0.0560 -0.2114 0.8145 0.0536 -0.2112 0.8148 0.0536 -0.2108 0.8154 0.0536 -0.2103 0.8156 0.0540 -0.2101 0.8155 0.0544 -0.2100 0.8153 0.0548 -0.2096 0.8154 0.0557 -0.2101 0.8148 0.0554 -0.2164 0.8172 0.0569 -0.2126 0.8188 0.0590 -0.2120 0.8198 0.0584 -0.2122 0.8189 0.0592 -0.2126 0.8201 0.0576 -0.2132 0.8204 0.0566 -0.2141 0.8199 0.0562 -0.2129 0.8204 0.0558 -0.2122 0.8203 0.0574 -0.2112 0.8192 0.0587 -0.2119 0.8192 0.0590 -0.2132 0.8174 0.0598 -0.2131 0.8166 0.0601 -0.2155 0.8148 0.0591 -0.2167 0.8151 0.0579 -0.2170 0.8160 0.0571 -0.2108 0.8139 0.0574 -0.2100 0.8146 0.0573 -0.2103 0.8147 0.0579 -0.2113 0.8145 0.0585 -0.2113 0.8157 0.0591 -0.2103 0.8154 0.0585 -0.2120 0.8165 0.0597 -0.2139 0.8169 0.0597 -0.2138 0.8176 0.0588 -0.2141 0.8174 0.0588 -0.2094 0.8155 0.0571 -0.2096 0.8158 0.0581 -0.2099 0.8161 0.0585 -0.2103 0.8165 0.0588 -0.2116 0.8168 0.0595 -0.2110 0.8165 0.0592 -0.2118 0.8168 0.0597 -0.2137 0.8178 0.0588 -0.2135 0.8181 0.0588 -0.2092 0.8159 0.0569 -0.2093 0.8163 0.0579 -0.2096 0.8166 0.0583 -0.2100 0.8170 0.0586 -0.2104 0.8173 0.0589 -0.2109 0.8177 0.0592 -0.2094 0.8158 0.0556 -0.2089 0.8167 0.0568 -0.2091 0.8167 0.0575 -0.2094 0.8171 0.0579 -0.2097 0.8175 0.0583 -0.2102 0.8179 0.0586 -0.2107 0.8182 0.0589 -0.2114 0.8185 0.0593 -0.2135 0.8186 0.0583 -0.2090 0.8173 0.0567 -0.2093 0.8179 0.0575 -0.2100 0.8183 0.0583 -0.2105 0.8187 0.0586 -0.2092 0.8181 0.0567 -0.2094 0.8182 0.0575 -0.2100 0.8188 0.0579 -0.2105 0.8191 0.0582 -0.2094 0.8165 0.0552 -0.2092 0.8170 0.0555 -0.2097 0.8188 0.0570 -0.2101 0.8192 0.0574 -0.2106 0.8195 0.0577 -0.2111 0.8197 0.0581 -0.2096 0.8170 0.0549 -0.2094 0.8174 0.0551 -0.2093 0.8182 0.0562 -0.2094 0.8185 0.0562 -0.2099 0.8192 0.0565 -0.2104 0.8195 0.0568 -0.2108 0.8198 0.0572 -0.2115 0.8201 0.0577 -0.2131 0.8194 0.0579 -0.2094 0.8180 0.0554 -0.2095 0.8182 0.0554 -0.2100 0.8190 0.0556 -0.2103 0.8194 0.0559 -0.2107 0.8198 0.0563 -0.2111 0.8201 0.0567 -0.2119 0.8203 0.0565 -0.2138 0.8189 0.0578 -0.2100 0.8169 0.0544 -0.2102 0.8180 0.0545 -0.2101 0.8185 0.0549 -0.2106 0.8189 0.0548 -0.2110 0.8197 0.0554 -0.2113 0.8198 0.0554 -0.2135 0.8196 0.0574 -0.2106 0.8179 0.0542 -0.2140 0.8189 0.0575 -0.2107 0.8171 0.0538 -0.2115 0.8177 0.0537 -0.2114 0.8193 0.0547 -0.2117 0.8197 0.0550 -0.2129 0.8203 0.0555 -0.2116 0.8173 0.0536 -0.2115 0.8174 0.0536 -0.2122 0.8190 0.0542 -0.2125 0.8196 0.0547 -0.2114 0.8164 0.0534 -0.2131 0.8190 0.0544 -0.2132 0.8194 0.0546 -0.2149 0.8185 0.0572 -0.2114 0.8158 0.0534 -0.2129 0.8182 0.0539 -0.2137 0.8190 0.0545 -0.2133 0.8179 0.0538 -0.2133 0.8186 0.0542 -0.2136 0.8186 0.0543 -0.2146 0.8190 0.0548 -0.2155 0.8188 0.0566 -0.2131 0.8167 0.0534 -0.2124 0.8156 0.0532 -0.2138 0.8174 0.0538 -0.2137 0.8182 0.0541 -0.2140 0.8182 0.0542 -0.2153 0.8191 0.0552 -0.2142 0.8170 0.0538 -0.2142 0.8178 0.0541 -0.2145 0.8178 0.0542 -0.2152 0.8182 0.0547 -0.2156 0.8185 0.0551 -0.2126 0.8153 0.0533 -0.2139 0.8160 0.0534 -0.2147 0.8169 0.0540 -0.2156 0.8176 0.0548 -0.2152 0.8173 0.0544 -0.2151 0.8183 0.0572 -0.2159 0.8182 0.0567 -0.2130 0.8146 0.0535 -0.2151 0.8164 0.0541 -0.2146 0.8161 0.0538 -0.2160 0.8171 0.0549 -0.2156 0.8167 0.0545 -0.2153 0.8179 0.0573 -0.2145 0.8151 0.0538 -0.2154 0.8159 0.0543 -0.2149 0.8156 0.0539 -0.2163 0.8166 0.0550 -0.2159 0.8162 0.0546 -0.2166 0.8170 0.0554 -0.2160 0.8179 0.0568 -0.2139 0.8145 0.0537 -0.2160 0.8154 0.0549 -0.2154 0.8150 0.0545 -0.2167 0.8157 0.0558 -0.2147 0.8144 0.0542 -0.2126 0.8135 0.0542 -0.2147 0.8139 0.0546 -0.2141 0.8137 0.0543 -0.2158 0.8145 0.0552 -0.2153 0.8142 0.0549 -0.2163 0.8149 0.0556 -0.2133 0.8129 0.0549 -0.2147 0.8134 0.0551 -0.2140 0.8132 0.0548 -0.2157 0.8141 0.0557 -0.2152 0.8137 0.0554 -0.2165 0.8148 0.0565 -0.2161 0.8145 0.0561 -0.2168 0.8152 0.0574 -0.2163 0.8161 0.0582 -0.2162 0.8165 0.0579 -0.2145 0.8129 0.0555 -0.2139 0.8128 0.0552 -0.2155 0.8136 0.0563 -0.2150 0.8132 0.0559 -0.2163 0.8145 0.0570 -0.2159 0.8141 0.0567 -0.2155 0.8168 0.0581 -0.2131 0.8127 0.0552 -0.2142 0.8126 0.0560 -0.2137 0.8125 0.0557 -0.2152 0.8133 0.0568 -0.2147 0.8129 0.0564 -0.2160 0.8142 0.0576 -0.2156 0.8138 0.0572 -0.2166 0.8150 0.0580 -0.2116 0.8132 0.0550 -0.2128 0.8124 0.0561 -0.2122 0.8127 0.0557 -0.2135 0.8123 0.0566 -0.2148 0.8131 0.0574 -0.2144 0.8127 0.0569 -0.2156 0.8141 0.0581 -0.2152 0.8136 0.0578 -0.2158 0.8147 0.0588 -0.2156 0.8160 0.0589 -0.2152 0.8166 0.0586 -0.2114 0.8133 0.0557 -0.2144 0.8131 0.0579 -0.2140 0.8126 0.0574 -0.2152 0.8140 0.0586 -0.2148 0.8136 0.0583 -0.2116 0.8130 0.0563 -0.2131 0.8125 0.0574 -0.2126 0.8125 0.0569 -0.2139 0.8132 0.0582 -0.2135 0.8128 0.0578 -0.2145 0.8144 0.0593 -0.2143 0.8137 0.0586 -0.2126 0.8129 0.0577 -0.2122 0.8127 0.0572 -0.2134 0.8136 0.0585 -0.2130 0.8132 0.0581 -0.2138 0.8140 0.0589 -0.2111 0.8135 0.0559 -0.2121 0.8133 0.0579 -0.2118 0.8132 0.0574 -0.2129 0.8140 0.0587 -0.2125 0.8136 0.0583 -0.2137 0.8147 0.0594 -0.2134 0.8143 0.0591 -0.2140 0.8150 0.0597 -0.2147 0.8163 0.0594 -0.2117 0.8138 0.0581 -0.2111 0.8138 0.0575 -0.2121 0.8144 0.0587 -0.2132 0.8150 0.0596 -0.2128 0.8147 0.0592 -0.2145 0.8164 0.0596 -0.2107 0.8138 0.0566 -0.2125 0.8155 0.0595 -0.2131 0.8158 0.0599" />
                    </IndexedFaceSet>
                  </Shape>
                  </HAnimSegment>
</HAnimJoint>
<HAnimJoint DEF="Joe_r_distal_interphalangeal_3" name="r_distal_interphalangeal_3">
<HAnimSegment DEF="Joe_r_distal_phalanx_3" name="r_distal_phalanx_3">
<TouchSensor description="r_distal_phalanx_3">
</TouchSensor>
<Shape>
                    <Appearance USE="Bone" />
                    <IndexedFaceSet coordIndex="14 15 12 -1 16 14 17 -1 19 20 18 -1 5 10 4 -1 30 31 11 -1 2 23 3 -1 7 9 8 -1 8 6 7 -1 33 36 7 -1 11 1 30 -1 1 0 30 -1 8 0 35 -1 0 1 38 -1 25 38 1 -1 16 11 10 -1 10 14 16 -1 14 12 39 -1 12 40 18 -1 41 20 13 -1 13 42 41 -1 13 35 42 -1 35 0 42 -1 12 13 20 -1 37 14 18 -1 1 11 16 -1 17 25 16 -1 25 1 16 -1 26 38 25 -1 26 25 20 -1 12 19 40 -1 18 40 19 -1 10 11 31 -1 2 7 36 -1 7 29 9 -1 32 13 15 -1 0 8 27 -1 9 29 8 -1 27 29 28 -1 14 10 5 -1 18 39 12 -1 14 39 18 -1 14 5 15 -1 6 8 35 -1 4 29 44 -1 8 29 27 -1 29 4 10 -1 0 31 30 -1 0 27 31 -1 22 36 33 -1 22 2 36 -1 22 23 2 -1 3 32 15 -1 21 32 3 -1 24 21 3 -1 24 22 21 -1 22 33 21 -1 45 32 21 -1 13 45 35 -1 6 35 43 -1 2 29 7 -1 2 44 29 -1 10 28 29 -1 31 28 10 -1 27 28 31 -1 37 20 25 -1 20 37 18 -1 25 17 37 -1 26 20 41 -1 14 37 17 -1 12 15 13 -1 42 38 26 -1 42 0 38 -1 41 42 26 -1 33 7 6 -1 43 35 45 -1 45 21 34 -1 33 34 21 -1 5 3 15 -1 3 44 2 -1 3 4 44 -1 6 43 33 -1 5 4 3 -1 33 43 34 -1 45 34 43 -1 32 45 13 -1 22 24 23 -1 23 24 3 -1 20 19 12 -1" creaseAngle="1.5">
                      <Coordinate point="-0.2079 0.8291 0.0827 -0.2067 0.8216 0.0831 -0.2084 0.8340 0.0640 -0.2016 0.8325 0.0678 -0.2057 0.8297 0.0681 -0.2021 0.8275 0.0707 -0.2119 0.8356 0.0783 -0.2129 0.8353 0.0714 -0.2120 0.8312 0.0796 -0.2126 0.8325 0.0764 -0.2033 0.8262 0.0722 -0.2038 0.8239 0.0768 -0.1942 0.8275 0.0800 -0.1992 0.8316 0.0820 -0.1964 0.8233 0.0746 -0.1973 0.8305 0.0748 -0.2011 0.8215 0.0761 -0.1959 0.8171 0.0773 -0.1912 0.8207 0.0806 -0.1934 0.8264 0.0808 -0.1963 0.8216 0.0846 -0.2044 0.8380 0.0714 -0.2095 0.8385 0.0692 -0.2057 0.8362 0.0647 -0.2062 0.8368 0.0652 -0.2011 0.8174 0.0817 -0.2031 0.8226 0.0853 -0.2090 0.8293 0.0794 -0.2052 0.8275 0.0767 -0.2079 0.8311 0.0733 -0.2069 0.8241 0.0814 -0.2059 0.8256 0.0796 -0.1990 0.8353 0.0754 -0.2119 0.8382 0.0740 -0.2080 0.8379 0.0775 -0.2068 0.8343 0.0816 -0.2123 0.8375 0.0669 -0.1935 0.8181 0.0784 -0.2073 0.8261 0.0837 -0.1937 0.8252 0.0767 -0.1893 0.8239 0.0794 -0.1996 0.8272 0.0857 -0.2033 0.8290 0.0852 -0.2084 0.8366 0.0799 -0.2077 0.8311 0.0684 -0.2029 0.8361 0.0789" />
                    </IndexedFaceSet>
                  </Shape>
                  <Shape>
                    <Appearance USE="Bone" />
                    <IndexedFaceSet coordIndex="7 1 5 -1 10 11 12 -1 6 8 13 -1 6 14 8 -1 15 17 16 -1 22 24 23 -1 30 2 31 -1 8 9 35 -1 36 37 38 -1 42 43 44 -1 44 26 48 -1 26 49 48 -1 52 53 23 -1 36 54 37 -1 46 55 56 -1 41 1 11 -1 11 1 12 -1 0 1 41 -1 59 38 60 -1 3 9 61 -1 3 38 9 -1 52 47 15 -1 15 62 52 -1 11 40 41 -1 28 29 12 -1 64 18 58 -1 64 65 18 -1 11 18 40 -1 9 5 61 -1 9 14 5 -1 22 53 52 -1 56 55 15 -1 45 48 57 -1 69 49 26 -1 71 54 72 -1 57 18 45 -1 18 65 45 -1 5 14 6 -1 18 11 10 -1 68 17 67 -1 68 73 17 -1 19 73 68 -1 17 54 16 -1 15 47 56 -1 25 63 76 -1 34 32 76 -1 79 63 25 -1 63 79 43 -1 43 79 26 -1 29 18 10 -1 68 31 19 -1 66 30 31 -1 2 32 34 -1 80 25 32 -1 25 80 79 -1 83 82 27 -1 0 3 1 -1 85 34 76 -1 21 2 20 -1 2 86 46 -1 72 64 71 -1 51 81 87 -1 59 39 38 -1 24 88 23 -1 13 8 71 -1 54 17 72 -1 23 20 70 -1 23 53 22 -1 41 48 89 -1 41 40 48 -1 20 23 90 -1 48 49 69 -1 83 26 79 -1 42 91 19 -1 91 42 92 -1 43 26 44 -1 91 45 19 -1 45 92 42 -1 70 20 46 -1 94 69 75 -1 94 48 69 -1 26 75 69 -1 32 20 80 -1 88 90 23 -1 27 26 83 -1 4 74 78 -1 4 84 74 -1 59 62 39 -1 59 52 62 -1 48 42 44 -1 45 42 48 -1 31 34 77 -1 32 2 21 -1 54 35 37 -1 8 35 54 -1 8 14 9 -1 38 4 60 -1 38 3 4 -1 84 3 0 -1 84 4 3 -1 58 13 64 -1 78 74 33 -1 50 22 78 -1 30 86 2 -1 26 74 75 -1 38 37 35 -1 40 57 48 -1 40 18 57 -1 64 73 65 -1 18 28 58 -1 18 29 28 -1 42 31 77 -1 42 19 31 -1 62 15 36 -1 52 23 47 -1 36 16 54 -1 36 15 16 -1 12 1 7 -1 73 72 17 -1 64 72 73 -1 3 61 5 -1 51 22 50 -1 24 22 51 -1 0 94 75 -1 89 94 0 -1 82 51 33 -1 78 59 93 -1 78 22 59 -1 6 28 12 -1 13 58 28 -1 71 8 54 -1 89 48 94 -1 3 5 1 -1 30 67 86 -1 30 66 67 -1 77 34 85 -1 66 31 67 -1 70 46 47 -1 47 23 70 -1 36 38 62 -1 78 93 4 -1 50 33 51 -1 24 90 88 -1 90 24 51 -1 43 42 63 -1 60 93 59 -1 60 4 93 -1 52 59 22 -1 20 81 80 -1 42 77 85 -1 67 31 68 -1 55 17 15 -1 92 45 91 -1 51 82 81 -1 90 87 20 -1 90 51 87 -1 89 0 41 -1 62 38 39 -1 9 38 35 -1 20 87 81 -1 6 13 28 -1 64 13 71 -1 55 67 17 -1 86 55 46 -1 86 67 55 -1 2 46 20 -1 42 85 76 -1 75 84 0 -1 74 84 75 -1 33 27 82 -1 82 79 81 -1 79 82 83 -1 81 79 80 -1 2 34 31 -1 65 19 45 -1 65 73 19 -1 10 12 29 -1 5 12 7 -1 5 6 12 -1 76 32 25 -1 27 74 26 -1 74 27 33 -1 78 33 50 -1 42 76 63 -1 20 32 21 -1 47 46 56 -1" creaseAngle="1.5">
                      <Coordinate point="-0.1917 0.8115 0.0907 -0.1941 0.8089 0.0924 -0.1869 0.8221 0.0789 -0.1919 0.8139 0.0928 -0.1887 0.8151 0.0911 -0.1950 0.8120 0.0950 -0.1984 0.8123 0.0934 -0.1945 0.8105 0.0942 -0.1976 0.8166 0.0933 -0.1945 0.8165 0.0937 -0.1964 0.8088 0.0889 -0.1960 0.8086 0.0885 -0.1966 0.8094 0.0922 -0.1979 0.8147 0.0903 -0.1976 0.8135 0.0945 -0.1933 0.8229 0.0848 -0.1956 0.8220 0.0847 -0.1949 0.8205 0.0829 -0.1968 0.8114 0.0864 -0.1928 0.8169 0.0781 -0.1842 0.8220 0.0815 -0.1847 0.8225 0.0805 -0.1867 0.8206 0.0916 -0.1855 0.8232 0.0871 -0.1840 0.8209 0.0910 -0.1843 0.8178 0.0763 -0.1859 0.8133 0.0834 -0.1842 0.8141 0.0849 -0.1985 0.8112 0.0920 -0.1978 0.8099 0.0899 -0.1882 0.8209 0.0780 -0.1905 0.8189 0.0772 -0.1844 0.8203 0.0775 -0.1834 0.8153 0.0875 -0.1861 0.8191 0.0767 -0.1972 0.8177 0.0929 -0.1934 0.8226 0.0874 -0.1951 0.8205 0.0902 -0.1932 0.8190 0.0920 -0.1918 0.8207 0.0908 -0.1944 0.8102 0.0862 -0.1935 0.8103 0.0875 -0.1885 0.8143 0.0781 -0.1859 0.8141 0.0795 -0.1882 0.8125 0.0796 -0.1939 0.8137 0.0811 -0.1883 0.8233 0.0823 -0.1897 0.8236 0.0854 -0.1917 0.8118 0.0834 -0.1899 0.8124 0.0831 -0.1840 0.8168 0.0907 -0.1833 0.8185 0.0872 -0.1885 0.8226 0.0886 -0.1858 0.8230 0.0895 -0.1961 0.8199 0.0873 -0.1928 0.8224 0.0836 -0.1901 0.8238 0.0846 -0.1954 0.8128 0.0825 -0.1974 0.8137 0.0883 -0.1889 0.8203 0.0915 -0.1889 0.8198 0.0919 -0.1949 0.8131 0.0949 -0.1924 0.8228 0.0874 -0.1854 0.8156 0.0765 -0.1960 0.8167 0.0850 -0.1954 0.8147 0.0821 -0.1906 0.8204 0.0784 -0.1927 0.8202 0.0806 -0.1936 0.8189 0.0786 -0.1893 0.8130 0.0843 -0.1865 0.8235 0.0841 -0.1962 0.8193 0.0874 -0.1959 0.8177 0.0849 -0.1949 0.8180 0.0803 -0.1848 0.8144 0.0879 -0.1884 0.8133 0.0879 -0.1865 0.8164 0.0756 -0.1894 0.8170 0.0784 -0.1846 0.8163 0.0907 -0.1844 0.8160 0.0795 -0.1836 0.8188 0.0797 -0.1838 0.8181 0.0821 -0.1838 0.8170 0.0848 -0.1845 0.8151 0.0817 -0.1886 0.8141 0.0903 -0.1878 0.8166 0.0770 -0.1892 0.8218 0.0804 -0.1839 0.8202 0.0838 -0.1842 0.8217 0.0882 -0.1918 0.8119 0.0873 -0.1838 0.8206 0.0867 -0.1928 0.8155 0.0790 -0.1904 0.8150 0.0798 -0.1881 0.8158 0.0914 -0.1901 0.8127 0.0868" />
                    </IndexedFaceSet>
                  </Shape>
                  </HAnimSegment>
</HAnimJoint>
<HAnimJoint DEF="Joe_r_proximal_interphalangeal_4" name="r_proximal_interphalangeal_4">
<HAnimSegment DEF="Joe_r_middle_phalanx_4" name="r_middle_phalanx_4">
<TouchSensor description="r_middle_phalanx_4">
</TouchSensor>
<Shape>
                    <Appearance USE="Bone" />
                    <IndexedFaceSet coordIndex="0 1 2 -1 3 5 4 -1 13 2 14 -1 16 18 7 -1 13 22 21 -1 24 25 23 -1 6 26 27 -1 29 27 13 -1 8 29 28 -1 25 31 23 -1 9 8 32 -1 8 28 24 -1 28 33 24 -1 34 35 36 -1 34 37 35 -1 1 39 38 -1 17 16 25 -1 13 40 41 -1 41 22 13 -1 42 41 11 -1 30 26 3 -1 17 15 16 -1 39 43 15 -1 44 39 45 -1 44 43 39 -1 37 14 1 -1 37 34 14 -1 13 14 47 -1 23 32 8 -1 23 31 32 -1 28 29 13 -1 27 30 13 -1 27 26 30 -1 27 29 6 -1 9 6 29 -1 8 9 29 -1 0 4 19 -1 42 4 0 -1 6 5 3 -1 3 26 6 -1 12 30 3 -1 0 20 42 -1 11 10 3 -1 48 7 9 -1 8 24 23 -1 13 30 40 -1 49 5 6 -1 50 18 51 -1 7 18 50 -1 18 43 44 -1 16 15 43 -1 46 19 4 -1 42 3 4 -1 20 13 21 -1 20 2 13 -1 52 53 25 -1 52 36 53 -1 47 33 13 -1 52 33 47 -1 34 47 14 -1 53 15 25 -1 35 38 15 -1 54 1 0 -1 2 20 0 -1 46 18 19 -1 46 51 18 -1 50 49 7 -1 19 45 54 -1 19 44 45 -1 18 16 43 -1 25 16 31 -1 31 7 32 -1 31 16 7 -1 42 11 3 -1 12 10 11 -1 40 11 41 -1 40 12 11 -1 22 42 20 -1 22 41 42 -1 48 32 7 -1 48 9 32 -1 54 39 1 -1 39 54 45 -1 50 5 49 -1 54 0 19 -1 35 1 38 -1 1 35 37 -1 17 25 15 -1 15 36 35 -1 36 15 53 -1 33 28 13 -1 47 36 52 -1 34 36 47 -1 33 25 24 -1 33 52 25 -1 7 6 9 -1 3 10 12 -1 21 22 20 -1 18 44 19 -1 51 5 50 -1 51 46 5 -1 5 46 4 -1 6 7 49 -1 1 14 2 -1 39 15 38 -1 40 30 12 -1" creaseAngle="1.5">
                      <Coordinate point="-0.2078 0.8177 0.0646 -0.2076 0.8230 0.0664 -0.2075 0.8161 0.0700 -0.2081 0.8077 0.0573 -0.2090 0.8115 0.0598 -0.2163 0.8104 0.0582 -0.2192 0.8103 0.0598 -0.2218 0.8176 0.0637 -0.2210 0.8102 0.0697 -0.2238 0.8111 0.0656 -0.2031 0.8056 0.0598 -0.2043 0.8058 0.0618 -0.2071 0.8030 0.0603 -0.2122 0.8086 0.0700 -0.2081 0.8154 0.0709 -0.2149 0.8245 0.0723 -0.2202 0.8209 0.0673 -0.2166 0.8245 0.0725 -0.2156 0.8185 0.0629 -0.2123 0.8181 0.0628 -0.2079 0.8138 0.0655 -0.2096 0.8098 0.0678 -0.2098 0.8092 0.0656 -0.2197 0.8185 0.0741 -0.2192 0.8176 0.0742 -0.2197 0.8200 0.0729 -0.2131 0.8063 0.0597 -0.2156 0.8085 0.0623 -0.2173 0.8092 0.0713 -0.2196 0.8100 0.0672 -0.2114 0.8047 0.0621 -0.2209 0.8176 0.0731 -0.2233 0.8139 0.0697 -0.2158 0.8131 0.0730 -0.2099 0.8188 0.0716 -0.2109 0.8235 0.0709 -0.2125 0.8196 0.0723 -0.2082 0.8227 0.0693 -0.2114 0.8254 0.0678 -0.2122 0.8249 0.0675 -0.2105 0.8050 0.0640 -0.2085 0.8080 0.0633 -0.2073 0.8114 0.0609 -0.2171 0.8226 0.0672 -0.2140 0.8211 0.0646 -0.2124 0.8227 0.0653 -0.2132 0.8138 0.0608 -0.2114 0.8153 0.0726 -0.2237 0.8145 0.0642 -0.2199 0.8133 0.0579 -0.2180 0.8145 0.0600 -0.2159 0.8159 0.0614 -0.2140 0.8163 0.0731 -0.2149 0.8206 0.0734 -0.2106 0.8209 0.0641" />
                    </IndexedFaceSet>
                  </Shape>
                  </HAnimSegment>
</HAnimJoint>
<HAnimJoint DEF="Joe_r_proximal_interphalangeal_3" name="r_proximal_interphalangeal_3">
<HAnimSegment DEF="Joe_r_middle_phalanx_3" name="r_middle_phalanx_3">
<TouchSensor description="r_middle_phalanx_3">
</TouchSensor>
<Shape>
                    <Appearance USE="Bone" />
                    <IndexedFaceSet coordIndex="9 1 8 -1 20 14 21 -1 25 26 27 -1 29 7 30 -1 20 31 25 -1 32 33 28 -1 34 9 12 -1 2 36 1 -1 3 0 1 -1 37 36 2 -1 10 35 3 -1 37 38 10 -1 38 37 24 -1 23 9 22 -1 20 28 39 -1 40 14 20 -1 16 15 11 -1 18 11 15 -1 35 10 11 -1 11 18 35 -1 12 7 13 -1 6 17 7 -1 32 17 6 -1 22 26 25 -1 14 15 5 -1 15 16 5 -1 20 27 28 -1 1 23 24 -1 24 2 1 -1 3 37 10 -1 37 3 36 -1 36 3 1 -1 26 22 29 -1 29 9 34 -1 29 22 9 -1 33 32 4 -1 13 34 12 -1 7 17 42 -1 6 46 43 -1 32 28 17 -1 24 37 2 -1 48 31 49 -1 48 25 31 -1 26 17 28 -1 26 42 17 -1 47 8 1 -1 8 47 12 -1 43 46 4 -1 16 10 45 -1 16 11 10 -1 18 44 35 -1 3 35 44 -1 41 19 4 -1 4 15 14 -1 19 4 46 -1 19 15 4 -1 50 24 51 -1 27 20 25 -1 34 7 29 -1 34 13 7 -1 14 5 21 -1 33 4 14 -1 44 0 3 -1 16 49 5 -1 49 50 48 -1 49 45 50 -1 45 24 50 -1 38 24 45 -1 43 32 6 -1 29 30 26 -1 6 44 18 -1 45 10 38 -1 16 45 49 -1 22 25 51 -1 33 14 40 -1 23 1 9 -1 12 9 8 -1 44 12 0 -1 51 23 22 -1 24 23 51 -1 1 12 47 -1 7 12 44 -1 20 5 31 -1 21 5 20 -1 42 30 7 -1 30 42 26 -1 39 28 33 -1 40 39 33 -1 39 40 20 -1 28 27 26 -1 51 48 50 -1 25 48 51 -1 6 19 46 -1 19 6 18 -1 15 19 18 -1 41 4 19 -1 1 0 12 -1 44 6 7 -1 5 49 31 -1 43 4 32 -1" creaseAngle="1.5">
                      <Coordinate point="-0.2006 0.8083 0.0794 -0.1971 0.8106 0.0800 -0.1964 0.8097 0.0818 -0.2006 0.8064 0.0819 -0.2113 0.8121 0.0920 -0.2043 0.8126 0.0964 -0.2094 0.8132 0.0855 -0.2054 0.8143 0.0844 -0.1967 0.8148 0.0788 -0.1980 0.8167 0.0819 -0.2005 0.8084 0.0880 -0.2020 0.8087 0.0898 -0.2016 0.8121 0.0791 -0.2028 0.8150 0.0816 -0.2098 0.8112 0.0960 -0.2068 0.8099 0.0936 -0.2030 0.8110 0.0941 -0.2090 0.8172 0.0858 -0.2061 0.8105 0.0888 -0.2077 0.8114 0.0889 -0.2053 0.8158 0.0942 -0.2057 0.8137 0.0960 -0.1971 0.8177 0.0852 -0.1963 0.8144 0.0818 -0.1968 0.8122 0.0849 -0.2008 0.8179 0.0919 -0.2022 0.8190 0.0881 -0.2061 0.8176 0.0911 -0.2088 0.8170 0.0887 -0.2010 0.8174 0.0842 -0.2026 0.8174 0.0849 -0.2005 0.8152 0.0954 -0.2099 0.8167 0.0879 -0.2122 0.8138 0.0914 -0.2014 0.8156 0.0810 -0.2033 0.8088 0.0845 -0.1982 0.8072 0.0834 -0.1978 0.8085 0.0856 -0.1979 0.8107 0.0887 -0.2092 0.8164 0.0903 -0.2103 0.8134 0.0945 -0.2084 0.8117 0.0889 -0.2054 0.8176 0.0868 -0.2115 0.8138 0.0867 -0.2035 0.8092 0.0839 -0.1994 0.8113 0.0912 -0.2122 0.8135 0.0877 -0.2004 0.8133 0.0779 -0.1980 0.8173 0.0911 -0.2000 0.8142 0.0950 -0.1979 0.8138 0.0889 -0.1974 0.8152 0.0872" />
                    </IndexedFaceSet>
                  </Shape>
                  </HAnimSegment>
</HAnimJoint>
<HAnimJoint DEF="Joe_r_distal_interphalangeal_5" name="r_distal_interphalangeal_5">
<HAnimSegment DEF="Joe_r_distal_phalanx_5" name="r_distal_phalanx_5">
<TouchSensor description="r_distal_phalanx_5">
</TouchSensor>
<Shape>
                    <Appearance USE="Bone" />
                    <IndexedFaceSet coordIndex="9 11 10 -1 13 12 14 -1 17 18 16 -1 14 4 19 -1 21 20 22 -1 22 23 21 -1 25 3 4 -1 25 2 6 -1 26 27 28 -1 28 6 26 -1 0 1 40 -1 41 42 2 -1 12 13 15 -1 2 46 41 -1 48 49 50 -1 0 7 5 -1 28 7 6 -1 42 26 2 -1 53 7 28 -1 13 19 37 -1 57 58 8 -1 23 56 41 -1 21 41 46 -1 38 6 7 -1 58 6 8 -1 2 25 4 -1 4 3 59 -1 13 14 19 -1 27 42 56 -1 27 26 42 -1 20 17 22 -1 20 18 17 -1 42 41 56 -1 61 43 29 -1 35 47 62 -1 34 36 14 -1 63 35 62 -1 23 41 21 -1 0 24 52 -1 20 21 46 -1 64 45 9 -1 6 65 8 -1 57 3 58 -1 57 37 3 -1 25 58 3 -1 58 25 6 -1 57 8 68 -1 68 64 9 -1 12 34 14 -1 62 16 18 -1 16 62 66 -1 55 66 62 -1 22 43 61 -1 22 70 43 -1 55 48 44 -1 71 72 73 -1 72 71 74 -1 56 51 27 -1 76 24 77 -1 78 24 76 -1 65 6 39 -1 27 29 53 -1 14 2 4 -1 14 32 2 -1 36 46 2 -1 79 36 63 -1 36 79 46 -1 68 9 57 -1 80 75 81 -1 80 74 75 -1 60 70 22 -1 60 82 70 -1 40 45 0 -1 50 31 29 -1 45 64 24 -1 81 10 11 -1 75 10 81 -1 43 82 55 -1 43 70 82 -1 63 18 79 -1 18 63 62 -1 75 12 10 -1 47 83 55 -1 51 22 61 -1 27 51 29 -1 11 40 81 -1 11 45 40 -1 0 5 1 -1 29 1 5 -1 78 7 0 -1 5 53 30 -1 14 36 32 -1 36 2 32 -1 54 15 13 -1 15 54 10 -1 13 37 54 -1 72 83 73 -1 72 49 83 -1 22 16 60 -1 17 16 22 -1 77 39 76 -1 77 8 39 -1 47 33 69 -1 8 24 67 -1 0 45 24 -1 43 44 29 -1 43 55 44 -1 5 30 29 -1 33 12 69 -1 33 34 12 -1 3 37 59 -1 76 39 7 -1 56 23 51 -1 66 82 16 -1 66 55 82 -1 47 55 62 -1 50 72 31 -1 72 50 49 -1 73 47 84 -1 73 83 47 -1 37 4 59 -1 4 37 19 -1 26 6 2 -1 5 7 53 -1 77 24 8 -1 80 1 31 -1 15 10 12 -1 51 61 29 -1 31 74 80 -1 31 72 74 -1 69 73 84 -1 69 71 73 -1 36 34 35 -1 44 50 29 -1 50 44 48 -1 16 82 60 -1 79 18 20 -1 12 71 69 -1 12 75 71 -1 1 81 40 -1 1 80 81 -1 7 78 76 -1 39 38 7 -1 6 38 39 -1 64 67 24 -1 64 8 67 -1 33 47 35 -1 20 46 79 -1 63 36 35 -1 35 34 33 -1 1 29 31 -1 53 29 30 -1 28 27 53 -1 39 8 65 -1 78 52 24 -1 0 52 78 -1 23 22 51 -1 71 75 74 -1 49 55 83 -1 48 55 49 -1 69 84 47 -1 11 9 45 -1 68 8 64 -1 37 9 54 -1 9 37 57 -1 54 9 10 -1" creaseAngle="1.5">
                      <Coordinate point="-0.2229 0.8162 0.0576 -0.2225 0.8188 0.0570 -0.2150 0.8197 0.0651 -0.2143 0.8173 0.0608 -0.2137 0.8198 0.0620 -0.2237 0.8176 0.0585 -0.2176 0.8163 0.0618 -0.2216 0.8168 0.0609 -0.2179 0.8145 0.0571 -0.2174 0.8190 0.0544 -0.2164 0.8230 0.0559 -0.2185 0.8198 0.0547 -0.2151 0.8258 0.0586 -0.2129 0.8218 0.0586 -0.2139 0.8223 0.0605 -0.2140 0.8237 0.0563 -0.2186 0.8281 0.0685 -0.2180 0.8257 0.0707 -0.2165 0.8266 0.0685 -0.2137 0.8204 0.0582 -0.2158 0.8243 0.0685 -0.2166 0.8232 0.0677 -0.2204 0.8246 0.0693 -0.2202 0.8228 0.0675 -0.2202 0.8149 0.0547 -0.2149 0.8173 0.0617 -0.2180 0.8196 0.0640 -0.2221 0.8206 0.0637 -0.2216 0.8186 0.0619 -0.2237 0.8219 0.0610 -0.2238 0.8209 0.0609 -0.2223 0.8222 0.0588 -0.2142 0.8225 0.0621 -0.2161 0.8277 0.0608 -0.2146 0.8263 0.0602 -0.2158 0.8266 0.0628 -0.2149 0.8243 0.0638 -0.2140 0.8196 0.0573 -0.2176 0.8163 0.0617 -0.2199 0.8149 0.0593 -0.2212 0.8184 0.0557 -0.2170 0.8223 0.0665 -0.2176 0.8211 0.0651 -0.2228 0.8259 0.0647 -0.2223 0.8270 0.0637 -0.2207 0.8172 0.0540 -0.2148 0.8232 0.0660 -0.2194 0.8288 0.0630 -0.2229 0.8255 0.0618 -0.2217 0.8251 0.0605 -0.2231 0.8232 0.0602 -0.2214 0.8224 0.0673 -0.2207 0.8146 0.0552 -0.2223 0.8179 0.0612 -0.2143 0.8206 0.0562 -0.2211 0.8285 0.0635 -0.2211 0.8216 0.0651 -0.2162 0.8175 0.0563 -0.2156 0.8160 0.0590 -0.2134 0.8187 0.0585 -0.2204 0.8265 0.0691 -0.2223 0.8242 0.0670 -0.2176 0.8280 0.0657 -0.2163 0.8260 0.0653 -0.2184 0.8167 0.0545 -0.2184 0.8143 0.0587 -0.2208 0.8287 0.0639 -0.2183 0.8145 0.0567 -0.2166 0.8181 0.0556 -0.2163 0.8270 0.0596 -0.2219 0.8263 0.0665 -0.2186 0.8255 0.0587 -0.2206 0.8247 0.0594 -0.2198 0.8262 0.0600 -0.2194 0.8241 0.0582 -0.2176 0.8236 0.0569 -0.2212 0.8149 0.0576 -0.2192 0.8142 0.0568 -0.2220 0.8153 0.0579 -0.2158 0.8252 0.0670 -0.2207 0.8217 0.0574 -0.2197 0.8210 0.0564 -0.2210 0.8272 0.0674 -0.2210 0.8266 0.0610 -0.2186 0.8280 0.0608" />
                    </IndexedFaceSet>
                  </Shape>
                  </HAnimSegment>
</HAnimJoint>
<HAnimJoint DEF="Joe_r_distal_interphalangeal_2" name="r_distal_interphalangeal_2">
<HAnimSegment DEF="Joe_r_distal_phalanx_2" name="r_distal_phalanx_2">
<TouchSensor description="r_distal_phalanx_2">
</TouchSensor>
<Shape>
                    <Appearance USE="Bone" />
                    <IndexedFaceSet coordIndex="7 11 17 -1 11 24 17 -1 10 26 9 -1 16 19 10 -1 16 27 19 -1 28 29 30 -1 28 31 29 -1 18 3 4 -1 4 12 18 -1 13 12 35 -1 4 35 12 -1 13 35 36 -1 36 37 13 -1 38 37 36 -1 40 1 41 -1 13 18 12 -1 14 44 13 -1 14 0 2 -1 14 13 44 -1 14 2 43 -1 14 43 13 -1 1 40 2 -1 0 42 20 -1 1 39 41 -1 35 4 36 -1 2 40 34 -1 40 46 34 -1 2 34 3 -1 34 33 3 -1 4 3 33 -1 47 45 22 -1 47 39 45 -1 10 9 8 -1 15 10 8 -1 9 23 49 -1 9 5 23 -1 5 21 23 -1 50 51 52 -1 51 53 52 -1 54 49 22 -1 49 23 22 -1 1 0 20 -1 6 21 5 -1 10 15 16 -1 8 7 15 -1 8 11 7 -1 0 1 2 -1 47 21 55 -1 26 5 9 -1 56 55 21 -1 49 57 58 -1 49 54 57 -1 57 25 58 -1 25 57 59 -1 53 59 52 -1 53 25 59 -1 50 60 51 -1 50 29 60 -1 60 61 24 -1 60 62 61 -1 62 56 21 -1 62 31 56 -1 17 21 6 -1 17 61 21 -1 53 11 8 -1 53 51 11 -1 9 49 58 -1 58 8 9 -1 6 5 19 -1 48 17 19 -1 16 19 27 -1 17 16 7 -1 48 16 17 -1 59 38 32 -1 57 38 59 -1 38 54 63 -1 54 38 57 -1 32 50 52 -1 64 50 32 -1 39 56 41 -1 39 55 56 -1 30 4 65 -1 4 30 64 -1 28 65 46 -1 65 28 30 -1 4 33 65 -1 45 37 63 -1 45 20 37 -1 18 2 3 -1 13 43 18 -1 18 43 2 -1 0 20 42 -1 37 20 0 -1 63 37 38 -1 0 13 37 -1 32 36 4 -1 36 32 38 -1 33 46 65 -1 33 34 46 -1 40 28 46 -1 40 41 28 -1 4 64 32 -1 22 63 54 -1 22 45 63 -1 41 31 28 -1 41 56 31 -1 64 29 50 -1 30 29 64 -1 52 59 32 -1 7 16 15 -1 16 48 19 -1 19 17 6 -1 8 58 25 -1 8 25 53 -1 61 62 21 -1 29 62 60 -1 31 62 29 -1 17 24 61 -1 24 51 60 -1 11 51 24 -1 22 21 47 -1 22 23 21 -1 19 5 10 -1 20 39 1 -1 39 20 45 -1 13 0 14 -1 10 5 26 -1 39 47 55 -1" creaseAngle="1.5">
                      <Coordinate point="-0.1902 0.8094 0.0855 -0.1894 0.8050 0.0936 -0.1914 0.8102 0.0885 -0.1875 0.8169 0.0936 -0.1786 0.8111 0.0952 -0.1759 0.7757 0.1009 -0.1756 0.7749 0.1088 -0.1641 0.7804 0.1074 -0.1646 0.7846 0.1021 -0.1709 0.7791 0.0982 -0.1644 0.7762 0.0976 -0.1678 0.7859 0.1074 -0.1802 0.8137 0.0906 -0.1821 0.8124 0.0860 -0.1879 0.8099 0.0831 -0.1628 0.7775 0.0983 -0.1647 0.7754 0.1052 -0.1706 0.7791 0.1098 -0.1867 0.8168 0.0908 -0.1727 0.7729 0.1050 -0.1875 0.8036 0.0898 -0.1791 0.7842 0.1023 -0.1804 0.7935 0.0962 -0.1769 0.7860 0.0988 -0.1708 0.7849 0.1078 -0.1679 0.7914 0.1016 -0.1736 0.7768 0.0962 -0.1696 0.7732 0.1056 -0.1836 0.8025 0.1012 -0.1775 0.7975 0.1034 -0.1806 0.8039 0.1011 -0.1804 0.7962 0.1030 -0.1757 0.8066 0.0966 -0.1840 0.8153 0.0963 -0.1887 0.8125 0.0974 -0.1796 0.8091 0.0904 -0.1804 0.8055 0.0906 -0.1852 0.8044 0.0880 -0.1795 0.8001 0.0929 -0.1853 0.7989 0.0958 -0.1891 0.8062 0.0985 -0.1862 0.8011 0.1005 -0.1899 0.8087 0.0849 -0.1873 0.8156 0.0886 -0.1864 0.8112 0.0840 -0.1836 0.7985 0.0934 -0.1861 0.8078 0.0992 -0.1820 0.7933 0.0975 -0.1660 0.7757 0.1072 -0.1738 0.7867 0.0977 -0.1745 0.7986 0.1027 -0.1704 0.7914 0.1055 -0.1712 0.7991 0.1007 -0.1676 0.7920 0.1029 -0.1779 0.7942 0.0951 -0.1828 0.7934 0.0985 -0.1829 0.7948 0.1022 -0.1764 0.7951 0.0956 -0.1720 0.7877 0.0981 -0.1717 0.7984 0.0993 -0.1737 0.7901 0.1061 -0.1743 0.7836 0.1073 -0.1766 0.7889 0.1055 -0.1811 0.7990 0.0924 -0.1779 0.8050 0.1002 -0.1830 0.8090 0.0993" />
                    </IndexedFaceSet>
                  </Shape>
                  </HAnimSegment>
</HAnimJoint>
<HAnimJoint DEF="Joe_r_proximal_interphalangeal_2" name="r_proximal_interphalangeal_2">
<HAnimSegment DEF="Joe_r_middle_phalanx_2" name="r_middle_phalanx_2">
<TouchSensor description="r_middle_phalanx_2">
</TouchSensor>
<Shape>
                    <Appearance USE="Bone" />
                    <IndexedFaceSet coordIndex="4 6 5 -1 17 18 9 -1 17 19 18 -1 17 20 16 -1 21 22 23 -1 25 26 27 -1 33 37 34 -1 33 28 37 -1 6 4 39 -1 4 5 29 -1 27 10 41 -1 27 42 10 -1 45 46 47 -1 48 47 8 -1 36 6 49 -1 50 51 52 -1 51 53 52 -1 42 27 26 -1 55 56 57 -1 58 52 53 -1 58 59 52 -1 8 62 48 -1 8 63 62 -1 13 64 9 -1 7 65 12 -1 66 15 16 -1 8 2 66 -1 67 8 16 -1 16 63 67 -1 68 16 69 -1 16 70 63 -1 71 72 21 -1 73 74 75 -1 76 77 73 -1 78 38 0 -1 36 49 40 -1 79 40 39 -1 54 40 32 -1 31 54 32 -1 31 30 54 -1 81 79 4 -1 81 82 79 -1 80 81 4 -1 80 29 34 -1 33 34 29 -1 40 49 39 -1 0 1 36 -1 0 5 6 -1 73 38 78 -1 77 28 35 -1 35 28 38 -1 73 75 84 -1 85 58 53 -1 85 86 58 -1 16 44 43 -1 67 63 8 -1 14 2 3 -1 66 14 15 -1 11 12 10 -1 63 70 62 -1 88 41 10 -1 89 90 91 -1 89 92 90 -1 41 56 50 -1 93 94 21 -1 68 95 70 -1 68 60 95 -1 41 50 52 -1 85 78 36 -1 0 38 5 -1 6 36 1 -1 13 9 18 -1 74 96 97 -1 38 28 5 -1 73 84 76 -1 35 73 77 -1 24 34 37 -1 54 30 24 -1 68 69 98 -1 8 7 2 -1 56 51 50 -1 56 55 51 -1 69 17 98 -1 16 17 69 -1 16 20 17 -1 70 16 68 -1 72 71 90 -1 54 21 100 -1 31 24 30 -1 22 24 23 -1 96 101 97 -1 96 56 101 -1 12 65 10 -1 10 42 26 -1 60 68 26 -1 45 97 101 -1 84 97 91 -1 75 97 84 -1 6 1 0 -1 72 93 21 -1 61 95 60 -1 61 102 95 -1 103 93 61 -1 103 94 93 -1 25 60 26 -1 27 103 25 -1 103 27 59 -1 92 72 90 -1 92 102 72 -1 48 92 89 -1 48 62 92 -1 56 104 101 -1 104 56 41 -1 47 89 45 -1 47 48 89 -1 8 46 87 -1 8 47 46 -1 70 95 62 -1 10 26 9 -1 10 65 88 -1 87 88 7 -1 7 8 87 -1 16 14 44 -1 16 15 14 -1 9 98 17 -1 3 44 14 -1 3 43 44 -1 13 3 2 -1 3 13 19 -1 96 57 56 -1 76 84 91 -1 58 21 94 -1 86 21 58 -1 85 74 73 -1 100 21 86 -1 21 23 71 -1 99 77 23 -1 99 83 77 -1 73 35 38 -1 73 78 85 -1 6 39 49 -1 36 40 54 -1 24 99 23 -1 24 37 99 -1 77 37 28 -1 83 37 77 -1 80 4 29 -1 4 79 39 -1 82 80 34 -1 82 31 79 -1 82 24 31 -1 82 34 24 -1 37 83 99 -1 54 85 36 -1 54 100 85 -1 76 23 77 -1 71 23 76 -1 100 86 85 -1 91 71 76 -1 90 71 91 -1 74 97 75 -1 85 57 74 -1 85 55 57 -1 3 19 43 -1 13 2 11 -1 19 17 16 -1 26 98 9 -1 68 98 26 -1 16 8 66 -1 7 88 65 -1 11 2 12 -1 10 9 64 -1 87 104 88 -1 87 46 104 -1 45 91 97 -1 45 89 91 -1 102 62 95 -1 102 92 62 -1 94 59 58 -1 103 59 94 -1 61 25 103 -1 25 61 60 -1 102 93 72 -1 61 93 102 -1 22 21 54 -1 52 27 41 -1 52 59 27 -1 51 85 53 -1 78 0 36 -1 46 101 104 -1 46 45 101 -1 57 96 74 -1 79 32 40 -1 31 32 79 -1 28 33 29 -1 22 54 24 -1 28 29 5 -1 80 82 81 -1 19 16 43 -1 18 19 13 -1 11 64 13 -1 11 10 64 -1 14 66 2 -1 7 12 2 -1 41 88 104 -1 55 85 51 -1" creaseAngle="1.5">
                      <Coordinate point="-0.2108 0.8057 0.0951 -0.2110 0.8047 0.0936 -0.2015 0.7597 0.1182 -0.1985 0.7554 0.1179 -0.2068 0.8099 0.0907 -0.2088 0.8103 0.0959 -0.2115 0.8103 0.0918 -0.2045 0.7631 0.1180 -0.2017 0.7670 0.1188 -0.2002 0.7583 0.1088 -0.2088 0.7614 0.1108 -0.2069 0.7574 0.1150 -0.2073 0.7578 0.1156 -0.2010 0.7540 0.1163 -0.1950 0.7607 0.1182 -0.1936 0.7631 0.1167 -0.1944 0.7628 0.1134 -0.1969 0.7590 0.1101 -0.1998 0.7554 0.1099 -0.1957 0.7555 0.1128 -0.1949 0.7617 0.1127 -0.2030 0.7933 0.0959 -0.2016 0.7977 0.0920 -0.2009 0.7970 0.0952 -0.2002 0.8027 0.0889 -0.2022 0.7719 0.1057 -0.2033 0.7649 0.1077 -0.2061 0.7718 0.1069 -0.2014 0.8092 0.0977 -0.2024 0.8124 0.0950 -0.2028 0.8023 0.0858 -0.2034 0.8039 0.0833 -0.2048 0.8028 0.0828 -0.1994 0.8104 0.0947 -0.1999 0.8094 0.0914 -0.2018 0.8077 0.0989 -0.2087 0.8022 0.0912 -0.1989 0.8057 0.0936 -0.2078 0.8075 0.0979 -0.2078 0.8098 0.0887 -0.2082 0.8064 0.0837 -0.2087 0.7714 0.1091 -0.2074 0.7658 0.1089 -0.1972 0.7563 0.1180 -0.1935 0.7598 0.1160 -0.2045 0.7806 0.1114 -0.2051 0.7729 0.1145 -0.2033 0.7738 0.1154 -0.2027 0.7738 0.1150 -0.2105 0.8070 0.0862 -0.2085 0.7788 0.1065 -0.2081 0.7872 0.1031 -0.2085 0.7786 0.1061 -0.2082 0.7870 0.1025 -0.2055 0.7986 0.0896 -0.2078 0.7875 0.1038 -0.2083 0.7791 0.1070 -0.2075 0.7877 0.1045 -0.2065 0.7858 0.1012 -0.2062 0.7784 0.1048 -0.2013 0.7721 0.1064 -0.2023 0.7784 0.1039 -0.2004 0.7734 0.1102 -0.1978 0.7684 0.1132 -0.2030 0.7565 0.1116 -0.2071 0.7608 0.1158 -0.1978 0.7622 0.1174 -0.1982 0.7672 0.1164 -0.1984 0.7674 0.1095 -0.1962 0.7643 0.1115 -0.1979 0.7681 0.1118 -0.2019 0.7932 0.0986 -0.2022 0.7851 0.1012 -0.2053 0.8018 0.1006 -0.2062 0.7952 0.1023 -0.2051 0.7959 0.1037 -0.2028 0.7951 0.1027 -0.2020 0.8007 0.1005 -0.2088 0.8033 0.0969 -0.2056 0.8073 0.0847 -0.2036 0.8101 0.0924 -0.2047 0.8078 0.0868 -0.2034 0.8073 0.0874 -0.2004 0.8016 0.0980 -0.2044 0.7959 0.1041 -0.2077 0.7960 0.0996 -0.2064 0.7928 0.0972 -0.2052 0.7678 0.1164 -0.2076 0.7655 0.1138 -0.2039 0.7805 0.1110 -0.2021 0.7860 0.1036 -0.2041 0.7880 0.1074 -0.2013 0.7793 0.1072 -0.2030 0.7850 0.1006 -0.2037 0.7849 0.1000 -0.2003 0.7724 0.1071 -0.2068 0.7881 0.1055 -0.2058 0.7883 0.1066 -0.1981 0.7635 0.1099 -0.1999 0.8002 0.0960 -0.2065 0.7957 0.0948 -0.2065 0.7801 0.1098 -0.2014 0.7784 0.1045 -0.2032 0.7784 0.1034 -0.2069 0.7722 0.1125" />
                    </IndexedFaceSet>
                  </Shape>
                  </HAnimSegment>
</HAnimJoint>
<HAnimJoint DEF="Joe_r_metacarpophalangeal_3" name="r_metacarpophalangeal_3">
<HAnimSegment DEF="Joe_r_proximal_phalanx_3" name="r_proximal_phalanx_3">
<TouchSensor description="r_proximal_phalanx_3">
</TouchSensor>
<Shape>
                    <Appearance USE="Bone" />
                    <IndexedFaceSet coordIndex="0 1 2 -1 7 8 9 -1 7 10 8 -1 15 12 16 -1 22 2 23 -1 22 24 2 -1 0 2 24 -1 31 32 33 -1 37 27 21 -1 20 39 19 -1 20 38 39 -1 40 41 42 -1 40 43 41 -1 44 45 46 -1 45 44 18 -1 47 18 48 -1 55 56 12 -1 12 15 16 -1 33 58 17 -1 9 4 58 -1 8 10 61 -1 62 63 64 -1 64 30 62 -1 66 2 1 -1 49 5 38 -1 69 37 38 -1 39 38 37 -1 49 25 67 -1 70 71 72 -1 71 73 72 -1 19 21 76 -1 67 24 22 -1 28 77 30 -1 78 73 79 -1 13 12 56 -1 13 17 12 -1 12 17 57 -1 52 57 17 -1 17 6 52 -1 46 45 53 -1 15 80 12 -1 3 53 45 -1 65 81 77 -1 65 82 81 -1 38 20 49 -1 3 83 50 -1 21 19 39 -1 34 35 65 -1 65 26 34 -1 84 85 43 -1 86 74 60 -1 86 87 74 -1 0 24 25 -1 3 11 4 -1 17 58 6 -1 22 23 67 -1 23 66 79 -1 23 2 66 -1 26 28 90 -1 28 30 64 -1 36 69 68 -1 18 54 55 -1 80 15 14 -1 14 18 59 -1 20 0 49 -1 49 0 25 -1 24 67 25 -1 27 90 91 -1 90 27 26 -1 92 84 93 -1 92 94 84 -1 86 95 87 -1 96 95 86 -1 70 97 98 -1 97 70 88 -1 94 99 51 -1 99 94 92 -1 93 43 60 -1 43 93 84 -1 75 100 101 -1 100 75 1 -1 35 79 65 -1 63 76 21 -1 76 63 62 -1 102 103 85 -1 102 104 103 -1 105 56 54 -1 85 103 44 -1 50 11 3 -1 47 83 3 -1 42 10 40 -1 42 61 10 -1 106 67 23 -1 82 107 81 -1 82 98 107 -1 12 52 15 -1 12 57 52 -1 50 48 14 -1 18 3 45 -1 47 3 18 -1 104 44 103 -1 104 105 44 -1 54 56 55 -1 109 58 33 -1 109 110 58 -1 13 56 31 -1 9 58 110 -1 4 9 111 -1 112 92 113 -1 92 112 99 -1 40 96 86 -1 10 96 40 -1 88 114 97 -1 114 88 7 -1 102 51 32 -1 102 94 51 -1 43 85 41 -1 110 7 9 -1 110 114 7 -1 115 110 109 -1 110 115 114 -1 75 66 1 -1 75 116 66 -1 117 100 0 -1 117 118 100 -1 119 19 76 -1 119 20 19 -1 30 118 117 -1 120 30 29 -1 27 91 21 -1 90 64 63 -1 90 28 64 -1 77 29 30 -1 77 81 29 -1 73 65 79 -1 71 65 73 -1 36 106 89 -1 68 106 36 -1 5 68 69 -1 29 112 120 -1 121 122 113 -1 101 122 121 -1 116 74 87 -1 116 75 74 -1 95 73 78 -1 73 95 72 -1 71 98 82 -1 98 71 70 -1 78 87 95 -1 78 116 87 -1 120 113 122 -1 120 112 113 -1 81 123 29 -1 123 81 107 -1 63 21 91 -1 39 37 21 -1 69 38 5 -1 68 49 67 -1 5 49 68 -1 23 89 106 -1 26 36 89 -1 26 27 36 -1 27 69 36 -1 27 37 69 -1 65 71 82 -1 77 28 65 -1 90 63 91 -1 122 30 120 -1 30 122 118 -1 62 117 124 -1 30 117 62 -1 0 119 124 -1 118 101 100 -1 118 122 101 -1 20 119 0 -1 99 109 32 -1 115 109 99 -1 85 94 102 -1 85 84 94 -1 99 32 51 -1 107 99 123 -1 107 125 99 -1 7 96 10 -1 43 86 60 -1 40 86 43 -1 113 93 121 -1 93 113 92 -1 111 9 8 -1 80 59 12 -1 80 14 59 -1 12 59 55 -1 33 13 31 -1 33 17 13 -1 56 32 31 -1 56 104 32 -1 56 105 104 -1 48 18 14 -1 8 53 111 -1 61 53 8 -1 108 50 52 -1 14 15 50 -1 59 18 55 -1 52 50 15 -1 18 44 54 -1 97 115 125 -1 97 114 115 -1 54 44 105 -1 1 0 100 -1 68 67 106 -1 46 61 42 -1 46 53 61 -1 50 47 48 -1 50 83 47 -1 50 4 11 -1 108 4 50 -1 46 41 44 -1 42 41 46 -1 44 41 85 -1 32 104 102 -1 32 109 33 -1 76 124 119 -1 62 124 76 -1 0 124 117 -1 79 34 23 -1 79 35 34 -1 101 74 75 -1 101 121 74 -1 123 99 112 -1 112 29 123 -1 98 125 107 -1 125 98 97 -1 70 7 88 -1 70 72 7 -1 96 72 95 -1 7 72 96 -1 60 121 93 -1 60 74 121 -1 99 125 115 -1 26 65 28 -1 6 108 52 -1 108 6 4 -1 111 3 4 -1 53 3 111 -1 6 58 4 -1 23 34 89 -1 34 26 89 -1 116 79 66 -1 79 116 78 -1" creaseAngle="1.5">
                      <Coordinate point="-0.2125 0.8066 0.0884 -0.2144 0.7991 0.0909 -0.2105 0.8009 0.0864 -0.2046 0.7574 0.0981 -0.2078 0.7557 0.0915 -0.2066 0.8071 0.0763 -0.2118 0.7533 0.0895 -0.2122 0.7724 0.0896 -0.2091 0.7643 0.0927 -0.2111 0.7612 0.0900 -0.2106 0.7713 0.0927 -0.2057 0.7535 0.0926 -0.2166 0.7498 0.0983 -0.2184 0.7536 0.0952 -0.2092 0.7474 0.0993 -0.2115 0.7469 0.0969 -0.2153 0.7492 0.0951 -0.2157 0.7537 0.0924 -0.2086 0.7538 0.1025 -0.2158 0.8136 0.0841 -0.2146 0.8133 0.0855 -0.2218 0.8084 0.0785 -0.2076 0.8028 0.0828 -0.2087 0.7986 0.0795 -0.2096 0.8046 0.0842 -0.2108 0.8068 0.0860 -0.2159 0.8035 0.0752 -0.2161 0.8064 0.0747 -0.2198 0.7982 0.0807 -0.2215 0.7910 0.0871 -0.2210 0.7987 0.0858 -0.2206 0.7562 0.0961 -0.2205 0.7615 0.0965 -0.2177 0.7572 0.0922 -0.2121 0.7981 0.0753 -0.2129 0.7965 0.0770 -0.2108 0.8045 0.0714 -0.2156 0.8081 0.0753 -0.2130 0.8108 0.0807 -0.2184 0.8111 0.0802 -0.2115 0.7726 0.0969 -0.2122 0.7663 0.1016 -0.2097 0.7661 0.0991 -0.2142 0.7729 0.0993 -0.2115 0.7590 0.1035 -0.2074 0.7595 0.1016 -0.2087 0.7634 0.1001 -0.2046 0.7556 0.0982 -0.2081 0.7480 0.0991 -0.2102 0.8081 0.0827 -0.2060 0.7494 0.0961 -0.2208 0.7714 0.0952 -0.2117 0.7506 0.0906 -0.2066 0.7619 0.0971 -0.2146 0.7541 0.1024 -0.2139 0.7520 0.1030 -0.2191 0.7546 0.0989 -0.2149 0.7525 0.0925 -0.2129 0.7589 0.0897 -0.2111 0.7492 0.1026 -0.2148 0.7786 0.0975 -0.2085 0.7651 0.0953 -0.2202 0.8038 0.0851 -0.2231 0.8043 0.0802 -0.2226 0.8020 0.0817 -0.2152 0.7952 0.0796 -0.2118 0.7973 0.0873 -0.2063 0.8020 0.0806 -0.2065 0.8047 0.0747 -0.2109 0.8081 0.0745 -0.2144 0.7807 0.0867 -0.2138 0.7890 0.0831 -0.2121 0.7814 0.0883 -0.2116 0.7900 0.0850 -0.2151 0.7844 0.0957 -0.2149 0.7931 0.0927 -0.2198 0.8065 0.0840 -0.2186 0.7955 0.0821 -0.2112 0.7905 0.0860 -0.2104 0.7955 0.0818 -0.2111 0.7467 0.0985 -0.2191 0.7901 0.0852 -0.2164 0.7893 0.0840 -0.2046 0.7549 0.0972 -0.2151 0.7727 0.0994 -0.2137 0.7661 0.1017 -0.2122 0.7781 0.0949 -0.2128 0.7834 0.0930 -0.2142 0.7757 0.0880 -0.2117 0.7995 0.0742 -0.2210 0.8017 0.0789 -0.2212 0.8046 0.0775 -0.2186 0.7777 0.0962 -0.2156 0.7784 0.0978 -0.2182 0.7722 0.0977 -0.2117 0.7818 0.0893 -0.2112 0.7768 0.0909 -0.2165 0.7757 0.0886 -0.2168 0.7810 0.0873 -0.2213 0.7745 0.0925 -0.2155 0.7992 0.0914 -0.2158 0.7931 0.0932 -0.2168 0.7649 0.0998 -0.2139 0.7609 0.1023 -0.2161 0.7605 0.1007 -0.2157 0.7578 0.1013 -0.2079 0.8008 0.0762 -0.2192 0.7814 0.0885 -0.2080 0.7497 0.0915 -0.2181 0.7628 0.0917 -0.2156 0.7636 0.0905 -0.2080 0.7605 0.0928 -0.2212 0.7827 0.0914 -0.2189 0.7837 0.0944 -0.2161 0.7702 0.0896 -0.2184 0.7701 0.0909 -0.2125 0.7922 0.0894 -0.2185 0.8020 0.0887 -0.2188 0.7987 0.0896 -0.2178 0.8083 0.0878 -0.2210 0.7920 0.0896 -0.2161 0.7845 0.0960 -0.2190 0.7928 0.0917 -0.2214 0.7822 0.0903 -0.2181 0.8051 0.0885 -0.2190 0.7759 0.0898" />
                    </IndexedFaceSet>
                  </Shape>
                  </HAnimSegment>
</HAnimJoint>
<HAnimJoint DEF="Joe_r_metacarpophalangeal_4" name="r_metacarpophalangeal_4">
<HAnimSegment DEF="Joe_r_proximal_phalanx_4" name="r_proximal_phalanx_4">
<TouchSensor description="r_proximal_phalanx_4">
</TouchSensor>
<Shape>
                    <Appearance USE="Bone" />
                    <IndexedFaceSet coordIndex="6 8 7 -1 21 23 22 -1 31 32 33 -1 13 26 35 -1 12 35 38 -1 39 38 26 -1 38 41 40 -1 42 43 44 -1 15 47 44 -1 15 48 47 -1 33 49 42 -1 33 50 49 -1 25 51 52 -1 51 53 52 -1 1 28 0 -1 1 27 12 -1 0 5 1 -1 29 30 24 -1 15 14 52 -1 55 56 34 -1 55 31 56 -1 55 34 57 -1 3 58 18 -1 3 59 17 -1 59 3 18 -1 61 43 42 -1 61 62 43 -1 66 6 7 -1 71 70 72 -1 7 8 11 -1 6 2 8 -1 63 74 11 -1 66 75 67 -1 67 76 6 -1 9 76 77 -1 9 64 76 -1 64 9 78 -1 62 61 63 -1 63 79 62 -1 49 61 42 -1 58 3 9 -1 47 48 31 -1 44 47 42 -1 39 14 22 -1 34 84 57 -1 48 52 53 -1 48 15 52 -1 5 27 1 -1 4 26 13 -1 12 5 13 -1 51 25 53 -1 12 13 35 -1 37 0 29 -1 29 36 37 -1 35 26 38 -1 31 33 47 -1 86 83 87 -1 87 88 86 -1 29 48 30 -1 14 85 52 -1 2 70 11 -1 6 89 2 -1 90 65 64 -1 70 73 72 -1 38 54 12 -1 82 19 94 -1 80 19 82 -1 12 27 5 -1 9 95 96 -1 88 97 98 -1 88 87 97 -1 67 75 98 -1 54 83 86 -1 12 54 99 -1 5 4 13 -1 54 40 83 -1 54 38 40 -1 50 32 101 -1 50 33 32 -1 102 103 104 -1 102 17 105 -1 17 102 10 -1 60 59 18 -1 5 36 100 -1 16 25 85 -1 37 5 0 -1 37 36 5 -1 36 29 24 -1 48 53 30 -1 84 0 28 -1 84 34 0 -1 14 26 16 -1 14 39 26 -1 34 56 29 -1 86 57 54 -1 86 55 57 -1 15 22 14 -1 15 44 22 -1 22 106 39 -1 33 42 47 -1 32 31 55 -1 55 88 107 -1 88 55 86 -1 40 23 108 -1 40 106 23 -1 91 3 10 -1 80 109 81 -1 96 109 80 -1 18 96 82 -1 96 18 58 -1 58 9 96 -1 20 21 110 -1 111 94 19 -1 111 112 94 -1 111 62 79 -1 111 110 62 -1 63 113 79 -1 63 92 113 -1 63 61 49 -1 63 11 70 -1 114 92 71 -1 92 114 113 -1 18 112 60 -1 94 112 18 -1 116 59 115 -1 116 105 59 -1 102 105 116 -1 78 90 64 -1 78 91 90 -1 117 96 95 -1 76 64 65 -1 67 77 76 -1 95 77 67 -1 96 97 109 -1 97 96 117 -1 76 68 6 -1 75 32 107 -1 32 75 101 -1 66 101 75 -1 7 74 66 -1 11 74 7 -1 116 45 102 -1 115 45 116 -1 45 115 73 -1 73 59 72 -1 115 59 73 -1 93 69 65 -1 89 69 93 -1 93 2 89 -1 73 2 45 -1 2 73 70 -1 45 93 46 -1 93 45 2 -1 103 93 65 -1 93 103 46 -1 89 68 69 -1 6 68 89 -1 114 72 59 -1 114 71 72 -1 65 104 103 -1 69 76 65 -1 69 68 76 -1 49 74 63 -1 74 49 50 -1 66 67 6 -1 107 98 75 -1 107 88 98 -1 87 109 97 -1 65 102 104 -1 65 90 102 -1 90 10 102 -1 91 10 90 -1 60 114 59 -1 113 60 112 -1 113 114 60 -1 79 112 111 -1 112 79 113 -1 110 43 62 -1 110 21 43 -1 19 110 111 -1 20 110 19 -1 108 109 87 -1 82 96 80 -1 81 108 23 -1 109 108 81 -1 3 91 9 -1 22 23 106 -1 87 83 40 -1 55 107 32 -1 41 106 40 -1 41 39 106 -1 54 84 99 -1 57 84 54 -1 29 56 48 -1 99 28 12 -1 99 84 28 -1 14 16 85 -1 1 12 28 -1 4 25 16 -1 4 5 24 -1 24 25 4 -1 25 52 85 -1 53 24 30 -1 25 24 53 -1 100 36 24 -1 21 44 43 -1 21 22 44 -1 59 105 17 -1 102 46 103 -1 45 46 102 -1 101 74 50 -1 66 74 101 -1 108 87 40 -1 41 38 39 -1 100 24 5 -1 0 34 29 -1 56 31 48 -1 95 67 117 -1 98 117 67 -1 98 97 117 -1 77 95 9 -1 4 16 26 -1 20 23 21 -1 23 20 81 -1 19 81 20 -1 19 80 81 -1 18 82 94 -1 3 17 10 -1 70 92 63 -1 70 71 92 -1 8 2 11 -1 91 78 9 -1" creaseAngle="1.5">
                      <Coordinate point="-0.2148 0.8020 0.0635 -0.2121 0.8069 0.0642 -0.2211 0.7528 0.0714 -0.2148 0.7545 0.0826 -0.2211 0.8096 0.0713 -0.2144 0.8080 0.0654 -0.2155 0.7587 0.0697 -0.2194 0.7621 0.0700 -0.2193 0.7561 0.0693 -0.2116 0.7586 0.0794 -0.2126 0.7481 0.0809 -0.2227 0.7589 0.0701 -0.2125 0.8042 0.0712 -0.2149 0.8070 0.0710 -0.2242 0.8001 0.0760 -0.2252 0.7999 0.0733 -0.2240 0.8065 0.0766 -0.2146 0.7489 0.0827 -0.2196 0.7584 0.0848 -0.2219 0.7689 0.0825 -0.2226 0.7772 0.0802 -0.2237 0.7849 0.0778 -0.2235 0.7930 0.0766 -0.2218 0.7848 0.0784 -0.2251 0.8077 0.0637 -0.2254 0.8087 0.0689 -0.2198 0.8070 0.0749 -0.2134 0.8085 0.0693 -0.2124 0.8026 0.0656 -0.2223 0.7993 0.0642 -0.2274 0.8031 0.0651 -0.2212 0.7905 0.0685 -0.2180 0.7833 0.0701 -0.2228 0.7832 0.0705 -0.2164 0.7966 0.0652 -0.2163 0.8040 0.0738 -0.2187 0.8065 0.0627 -0.2166 0.8048 0.0628 -0.2156 0.7980 0.0747 -0.2199 0.7999 0.0761 -0.2176 0.7925 0.0751 -0.2186 0.7972 0.0757 -0.2237 0.7837 0.0714 -0.2250 0.7848 0.0748 -0.2249 0.7921 0.0734 -0.2179 0.7460 0.0734 -0.2159 0.7473 0.0697 -0.2233 0.7909 0.0701 -0.2248 0.7974 0.0682 -0.2246 0.7753 0.0715 -0.2216 0.7750 0.0707 -0.2276 0.8079 0.0673 -0.2262 0.8045 0.0716 -0.2274 0.8041 0.0683 -0.2136 0.7975 0.0723 -0.2161 0.7913 0.0693 -0.2205 0.7952 0.0655 -0.2139 0.7958 0.0678 -0.2151 0.7593 0.0823 -0.2218 0.7528 0.0816 -0.2221 0.7568 0.0819 -0.2250 0.7754 0.0725 -0.2252 0.7764 0.0761 -0.2252 0.7648 0.0715 -0.2094 0.7542 0.0763 -0.2109 0.7505 0.0724 -0.2174 0.7646 0.0705 -0.2151 0.7663 0.0725 -0.2129 0.7577 0.0722 -0.2119 0.7533 0.0696 -0.2253 0.7557 0.0737 -0.2253 0.7566 0.0748 -0.2244 0.7510 0.0754 -0.2240 0.7500 0.0751 -0.2207 0.7645 0.0703 -0.2168 0.7754 0.0716 -0.2121 0.7580 0.0739 -0.2123 0.7591 0.0748 -0.2095 0.7536 0.0797 -0.2248 0.7672 0.0773 -0.2206 0.7691 0.0823 -0.2215 0.7771 0.0800 -0.2195 0.7643 0.0835 -0.2153 0.7916 0.0720 -0.2126 0.7988 0.0666 -0.2258 0.8050 0.0746 -0.2154 0.7914 0.0707 -0.2166 0.7841 0.0746 -0.2158 0.7841 0.0728 -0.2143 0.7543 0.0680 -0.2097 0.7500 0.0770 -0.2102 0.7516 0.0808 -0.2257 0.7638 0.0732 -0.2149 0.7501 0.0686 -0.2212 0.7638 0.0833 -0.2134 0.7643 0.0762 -0.2156 0.7661 0.0798 -0.2158 0.7763 0.0755 -0.2154 0.7760 0.0740 -0.2117 0.7994 0.0693 -0.2197 0.8082 0.0641 -0.2181 0.7750 0.0704 -0.2143 0.7457 0.0772 -0.2134 0.7467 0.0720 -0.2118 0.7469 0.0750 -0.2187 0.7475 0.0813 -0.2208 0.7929 0.0764 -0.2166 0.7836 0.0707 -0.2174 0.7842 0.0763 -0.2168 0.7765 0.0769 -0.2244 0.7768 0.0783 -0.2237 0.7679 0.0798 -0.2231 0.7632 0.0804 -0.2243 0.7628 0.0780 -0.2243 0.7573 0.0777 -0.2225 0.7495 0.0796 -0.2198 0.7467 0.0786 -0.2142 0.7683 0.0756" />
                    </IndexedFaceSet>
                  </Shape>
                  </HAnimSegment>
</HAnimJoint>
<HAnimJoint DEF="Joe_r_proximal_interphalangeal_5" name="r_proximal_interphalangeal_5">
<HAnimSegment DEF="Joe_r_middle_phalanx_5" name="r_middle_phalanx_5">
<TouchSensor description="r_middle_phalanx_5">
</TouchSensor>
<Shape>
                    <Appearance USE="Bone" />
                    <IndexedFaceSet coordIndex="0 1 2 -1 3 4 5 -1 6 7 8 -1 11 9 12 -1 15 13 16 -1 17 18 19 -1 21 22 23 -1 0 24 20 -1 10 9 32 -1 16 29 30 -1 4 35 23 -1 23 36 37 -1 36 38 37 -1 39 40 41 -1 39 42 40 -1 23 5 4 -1 22 5 23 -1 4 8 45 -1 46 45 47 -1 48 47 19 -1 49 8 17 -1 21 23 38 -1 50 19 18 -1 18 51 50 -1 37 38 23 -1 26 44 53 -1 26 53 32 -1 15 16 30 -1 55 56 11 -1 27 57 2 -1 58 34 33 -1 33 30 58 -1 25 12 43 -1 12 33 11 -1 29 16 13 -1 4 6 8 -1 51 21 50 -1 19 47 17 -1 7 18 8 -1 45 17 47 -1 46 47 48 -1 3 6 4 -1 46 52 45 -1 17 8 18 -1 38 41 40 -1 38 36 41 -1 39 29 42 -1 21 51 22 -1 39 58 30 -1 30 29 39 -1 10 32 31 -1 13 15 14 -1 12 9 10 -1 2 62 27 -1 9 27 26 -1 61 26 62 -1 32 53 31 -1 14 44 63 -1 34 64 55 -1 34 65 64 -1 13 62 29 -1 66 39 41 -1 39 66 58 -1 67 68 46 -1 36 68 67 -1 1 40 42 -1 1 0 40 -1 23 46 68 -1 23 52 46 -1 35 45 52 -1 6 69 7 -1 69 3 18 -1 6 3 69 -1 45 49 17 -1 45 8 49 -1 22 3 5 -1 22 51 3 -1 21 38 40 -1 46 66 67 -1 19 64 48 -1 19 59 64 -1 19 24 60 -1 19 50 24 -1 62 63 61 -1 33 12 30 -1 25 31 70 -1 25 54 12 -1 44 71 31 -1 70 31 71 -1 14 15 28 -1 27 56 57 -1 9 56 27 -1 11 56 9 -1 55 33 34 -1 33 55 11 -1 2 60 24 -1 57 60 2 -1 64 56 55 -1 59 56 64 -1 58 66 34 -1 59 57 56 -1 57 59 60 -1 24 0 2 -1 1 29 62 -1 29 1 42 -1 14 28 70 -1 12 15 30 -1 12 54 15 -1 54 28 15 -1 28 54 70 -1 44 70 71 -1 70 44 14 -1 54 25 70 -1 25 43 31 -1 31 12 10 -1 31 43 12 -1 44 61 63 -1 62 13 63 -1 50 20 24 -1 50 21 20 -1 59 19 60 -1 65 66 46 -1 18 3 51 -1 36 23 68 -1 53 44 31 -1 7 69 18 -1 45 35 4 -1 35 52 23 -1 40 20 21 -1 20 40 0 -1 67 41 36 -1 41 67 66 -1 34 66 65 -1 27 62 26 -1 46 64 65 -1 64 46 48 -1 44 26 61 -1 14 63 13 -1 26 32 9 -1 62 2 1 -1" creaseAngle="1.5">
                      <Coordinate point="-0.2255 0.7832 0.0598 -0.2240 0.7740 0.0609 -0.2230 0.7739 0.0622 -0.2257 0.8089 0.0612 -0.2228 0.8118 0.0514 -0.2260 0.8104 0.0560 -0.2230 0.8119 0.0582 -0.2138 0.8104 0.0595 -0.2152 0.8126 0.0553 -0.2128 0.7623 0.0587 -0.2093 0.7566 0.0562 -0.2134 0.7651 0.0554 -0.2125 0.7581 0.0509 -0.2243 0.7609 0.0582 -0.2224 0.7495 0.0563 -0.2207 0.7529 0.0496 -0.2215 0.7568 0.0496 -0.2140 0.8041 0.0580 -0.2195 0.8020 0.0627 -0.2180 0.7938 0.0594 -0.2266 0.7883 0.0584 -0.2274 0.7929 0.0567 -0.2276 0.7996 0.0568 -0.2267 0.8043 0.0511 -0.2239 0.7832 0.0612 -0.2119 0.7521 0.0496 -0.2162 0.7586 0.0626 -0.2175 0.7647 0.0627 -0.2197 0.7489 0.0515 -0.2243 0.7619 0.0520 -0.2182 0.7627 0.0497 -0.2116 0.7491 0.0572 -0.2124 0.7562 0.0599 -0.2149 0.7638 0.0513 -0.2170 0.7743 0.0530 -0.2209 0.8077 0.0487 -0.2271 0.7969 0.0520 -0.2267 0.8016 0.0509 -0.2273 0.8002 0.0516 -0.2251 0.7739 0.0526 -0.2271 0.7826 0.0547 -0.2258 0.7822 0.0531 -0.2263 0.7740 0.0546 -0.2110 0.7506 0.0509 -0.2181 0.7505 0.0610 -0.2175 0.8003 0.0525 -0.2184 0.7961 0.0529 -0.2158 0.7981 0.0551 -0.2171 0.7918 0.0554 -0.2136 0.8072 0.0544 -0.2236 0.7934 0.0612 -0.2269 0.8004 0.0606 -0.2187 0.8027 0.0509 -0.2173 0.7520 0.0611 -0.2183 0.7535 0.0481 -0.2154 0.7744 0.0551 -0.2157 0.7744 0.0570 -0.2186 0.7745 0.0620 -0.2210 0.7742 0.0520 -0.2168 0.7826 0.0571 -0.2192 0.7825 0.0611 -0.2197 0.7575 0.0640 -0.2233 0.7622 0.0607 -0.2231 0.7570 0.0597 -0.2165 0.7825 0.0555 -0.2179 0.7824 0.0540 -0.2197 0.7823 0.0535 -0.2221 0.7916 0.0525 -0.2242 0.7979 0.0513 -0.2189 0.8086 0.0626 -0.2161 0.7472 0.0524 -0.2149 0.7469 0.0577" />
                    </IndexedFaceSet>
                  </Shape>
                  </HAnimSegment>
</HAnimJoint>
<HAnimJoint DEF="Joe_r_interphalangeal_1" name="r_interphalangeal_1">
<HAnimSegment DEF="Joe_r_distal_phalanx_1" name="r_distal_phalanx_1">
<TouchSensor description="r_distal_phalanx_1">
</TouchSensor>
<Shape>
                    <Appearance USE="Bone" />
                    <IndexedFaceSet coordIndex="0 1 2 -1 3 4 5 -1 3 7 4 -1 3 13 15 -1 3 5 13 -1 17 18 16 -1 19 6 20 -1 22 20 6 -1 4 14 6 -1 13 2 23 -1 25 8 9 -1 9 12 11 -1 28 29 8 -1 17 13 5 -1 22 29 28 -1 22 30 29 -1 29 31 8 -1 29 26 31 -1 33 24 34 -1 35 11 34 -1 21 0 2 -1 7 0 14 -1 9 26 32 -1 1 0 2 -1 22 36 20 -1 22 28 36 -1 17 4 18 -1 0 21 6 -1 37 38 33 -1 13 17 24 -1 16 18 39 -1 28 10 36 -1 26 27 32 -1 17 5 4 -1 6 18 4 -1 40 18 6 -1 15 7 3 -1 7 15 13 -1 25 11 10 -1 9 11 25 -1 8 25 10 -1 34 11 12 -1 24 38 32 -1 32 37 9 -1 32 38 37 -1 31 26 9 -1 29 27 26 -1 30 27 29 -1 10 28 8 -1 41 36 10 -1 34 24 16 -1 40 39 18 -1 42 39 40 -1 43 11 44 -1 45 11 43 -1 43 19 41 -1 43 42 19 -1 10 11 45 -1 22 27 30 -1 22 6 27 -1 8 31 9 -1 12 9 37 -1 45 41 10 -1 45 43 41 -1 42 6 19 -1 42 40 6 -1 44 42 43 -1 44 39 42 -1 11 35 44 -1 17 16 24 -1 20 41 19 -1 20 36 41 -1 27 24 32 -1 12 33 34 -1 37 33 12 -1 23 2 0 -1 24 2 13 -1 24 27 2 -1 2 6 21 -1 2 27 6 -1 7 23 0 -1 7 13 23 -1 14 4 7 -1 16 44 35 -1 16 39 44 -1 16 35 34 -1 33 38 24 -1 0 6 14 -1" creaseAngle="1.5">
                      <Coordinate point="-0.1622 0.7488 0.1119 -0.1619 0.7514 0.1147 -0.1634 0.7587 0.1123 -0.1543 0.7525 0.1106 -0.1570 0.7567 0.1099 -0.1572 0.7574 0.1111 -0.1646 0.7572 0.1089 -0.1551 0.7516 0.1089 -0.1721 0.7725 0.1073 -0.1666 0.7752 0.1051 -0.1720 0.7704 0.1017 -0.1639 0.7741 0.1008 -0.1652 0.7753 0.1036 -0.1590 0.7567 0.1124 -0.1616 0.7504 0.1093 -0.1566 0.7543 0.1130 -0.1606 0.7649 0.1055 -0.1598 0.7628 0.1092 -0.1597 0.7606 0.1070 -0.1675 0.7623 0.1060 -0.1682 0.7623 0.1066 -0.1644 0.7539 0.1106 -0.1681 0.7626 0.1078 -0.1605 0.7503 0.1137 -0.1612 0.7641 0.1099 -0.1708 0.7719 0.1029 -0.1668 0.7693 0.1102 -0.1642 0.7617 0.1117 -0.1705 0.7660 0.1065 -0.1695 0.7678 0.1092 -0.1673 0.7636 0.1104 -0.1693 0.7738 0.1092 -0.1649 0.7702 0.1096 -0.1612 0.7703 0.1053 -0.1615 0.7698 0.1041 -0.1617 0.7694 0.1028 -0.1707 0.7654 0.1046 -0.1626 0.7753 0.1050 -0.1620 0.7710 0.1075 -0.1625 0.7640 0.1049 -0.1629 0.7591 0.1072 -0.1699 0.7657 0.1037 -0.1648 0.7630 0.1051 -0.1666 0.7671 0.1020 -0.1643 0.7680 0.1020 -0.1680 0.7700 0.0994" />
                    </IndexedFaceSet>
                  </Shape>
                  </HAnimSegment>
</HAnimJoint>
<HAnimJoint DEF="Joe_r_metacarpophalangeal_2" name="r_metacarpophalangeal_2">
<HAnimSegment DEF="Joe_r_proximal_phalanx_2" name="r_proximal_phalanx_2">
<TouchSensor description="r_proximal_phalanx_2">
</TouchSensor>
<Shape>
                    <Appearance USE="Bone" />
                    <IndexedFaceSet coordIndex="3 4 5 -1 11 12 5 -1 10 12 9 -1 15 7 21 -1 0 16 1 -1 23 24 17 -1 26 27 25 -1 28 22 2 -1 31 8 30 -1 30 32 31 -1 9 33 8 -1 17 24 1 -1 36 38 37 -1 3 39 36 -1 36 4 3 -1 40 34 35 -1 7 15 6 -1 42 43 14 -1 43 13 14 -1 41 28 2 -1 7 6 19 -1 6 45 46 -1 6 44 45 -1 2 22 20 -1 30 8 29 -1 50 1 16 -1 9 8 31 -1 51 10 9 -1 50 35 49 -1 1 50 49 -1 44 14 13 -1 13 45 44 -1 26 25 5 -1 25 46 5 -1 25 6 46 -1 53 40 50 -1 53 54 40 -1 20 48 55 -1 11 9 12 -1 20 19 6 -1 31 35 34 -1 35 17 18 -1 17 1 49 -1 53 52 56 -1 52 53 16 -1 27 10 51 -1 26 10 27 -1 43 41 57 -1 41 43 42 -1 27 58 25 -1 27 59 58 -1 29 8 23 -1 31 32 35 -1 53 50 16 -1 5 46 45 -1 39 43 61 -1 39 13 43 -1 57 0 62 -1 57 63 0 -1 38 62 37 -1 38 61 62 -1 4 9 11 -1 4 33 9 -1 9 64 51 -1 34 64 9 -1 49 35 17 -1 31 34 9 -1 20 55 2 -1 63 2 52 -1 63 41 2 -1 48 58 47 -1 60 58 48 -1 15 44 6 -1 41 42 28 -1 60 20 6 -1 60 48 20 -1 20 22 28 -1 19 20 7 -1 59 51 64 -1 59 27 51 -1 47 59 54 -1 47 58 59 -1 7 20 21 -1 28 21 20 -1 28 15 21 -1 15 14 44 -1 28 14 15 -1 28 42 14 -1 41 63 57 -1 36 37 23 -1 23 1 24 -1 23 37 1 -1 34 40 64 -1 11 5 4 -1 61 36 39 -1 61 38 36 -1 62 1 37 -1 62 0 1 -1 57 61 43 -1 61 57 62 -1 3 5 45 -1 64 54 59 -1 54 64 40 -1 17 35 18 -1 36 8 33 -1 36 23 8 -1 30 17 35 -1 30 35 32 -1 29 23 30 -1 2 56 52 -1 2 55 56 -1 17 30 23 -1 25 60 6 -1 25 58 60 -1 35 50 40 -1 63 16 0 -1 52 16 63 -1 4 36 33 -1 54 56 47 -1 54 53 56 -1 55 47 56 -1 55 48 47 -1 13 3 45 -1 3 13 39 -1 5 10 26 -1 5 12 10 -1" creaseAngle="1.5">
                      <Coordinate point="-0.1960 0.7425 0.1259 -0.1961 0.7508 0.1233 -0.1893 0.7283 0.1297 -0.2000 0.7393 0.1200 -0.2017 0.7460 0.1130 -0.1989 0.7388 0.1189 -0.1922 0.7249 0.1233 -0.1902 0.7178 0.1222 -0.2005 0.7524 0.1102 -0.2002 0.7472 0.1114 -0.1982 0.7431 0.1143 -0.2011 0.7449 0.1137 -0.1995 0.7431 0.1141 -0.1983 0.7329 0.1235 -0.1960 0.7264 0.1259 -0.1934 0.7212 0.1280 -0.1926 0.7426 0.1246 -0.1949 0.7578 0.1209 -0.1954 0.7592 0.1195 -0.1888 0.7204 0.1227 -0.1857 0.7224 0.1276 -0.1907 0.7168 0.1255 -0.1871 0.7217 0.1319 -0.2027 0.7522 0.1200 -0.1977 0.7541 0.1224 -0.1952 0.7325 0.1208 -0.1978 0.7384 0.1178 -0.1956 0.7393 0.1191 -0.1913 0.7225 0.1303 -0.2024 0.7534 0.1144 -0.1986 0.7548 0.1161 -0.1941 0.7513 0.1127 -0.1956 0.7544 0.1130 -0.2035 0.7487 0.1129 -0.1924 0.7507 0.1146 -0.1907 0.7533 0.1171 -0.2043 0.7486 0.1166 -0.2018 0.7503 0.1216 -0.2021 0.7489 0.1214 -0.2005 0.7395 0.1210 -0.1912 0.7480 0.1201 -0.1921 0.7285 0.1296 -0.1948 0.7274 0.1283 -0.1979 0.7342 0.1264 -0.1953 0.7260 0.1239 -0.1976 0.7326 0.1222 -0.1969 0.7323 0.1210 -0.1902 0.7354 0.1247 -0.1887 0.7294 0.1267 -0.1906 0.7536 0.1202 -0.1924 0.7489 0.1223 -0.1958 0.7444 0.1157 -0.1911 0.7363 0.1265 -0.1916 0.7426 0.1237 -0.1914 0.7422 0.1224 -0.1884 0.7299 0.1280 -0.1903 0.7361 0.1258 -0.1960 0.7351 0.1277 -0.1923 0.7336 0.1226 -0.1935 0.7402 0.1205 -0.1906 0.7276 0.1245 -0.2002 0.7408 0.1241 -0.1982 0.7418 0.1255 -0.1940 0.7358 0.1279 -0.1936 0.7458 0.1172" />
                    </IndexedFaceSet>
                  </Shape>
                  <Shape>
                    <Appearance USE="Bone" />
                    <IndexedFaceSet coordIndex="1 3 2 -1 4 5 6 -1 19 20 18 -1 3 21 22 -1 23 24 19 -1 23 25 24 -1 6 13 26 -1 15 11 17 -1 15 27 11 -1 15 21 0 -1 16 28 10 -1 29 22 14 -1 1 21 3 -1 1 0 21 -1 12 14 17 -1 6 7 4 -1 0 1 31 -1 0 8 30 -1 33 32 5 -1 33 2 32 -1 35 13 29 -1 12 10 28 -1 0 27 15 -1 0 16 9 -1 37 4 36 -1 2 31 1 -1 33 4 2 -1 35 14 20 -1 31 8 0 -1 36 38 16 -1 23 18 39 -1 23 19 18 -1 31 2 8 -1 4 38 36 -1 35 20 26 -1 32 29 34 -1 29 32 22 -1 26 25 7 -1 25 26 24 -1 32 34 5 -1 5 4 33 -1 9 10 0 -1 10 9 16 -1 39 14 40 -1 39 18 14 -1 15 14 21 -1 17 11 10 -1 14 15 17 -1 27 0 11 -1 16 12 28 -1 16 14 12 -1 40 16 39 -1 0 30 16 -1 34 6 5 -1 34 13 6 -1 7 6 26 -1 25 4 7 -1 35 26 13 -1 23 4 25 -1 38 4 23 -1 8 4 37 -1 8 2 4 -1 14 22 21 -1 20 14 18 -1 38 39 16 -1 38 23 39 -1 30 8 37 -1 20 24 26 -1 19 24 20 -1 30 36 16 -1 30 37 36 -1 34 29 13 -1 17 10 12 -1 40 14 16 -1 11 0 10 -1 29 14 35 -1 2 22 32 -1 2 3 22 -1" creaseAngle="1.5">
                      <Coordinate point="-0.1747 0.7153 0.1249 -0.1808 0.7212 0.1270 -0.1845 0.7243 0.1287 -0.1821 0.7201 0.1251 -0.1868 0.7229 0.1314 -0.1879 0.7242 0.1259 -0.1895 0.7217 0.1274 -0.1906 0.7211 0.1312 -0.1806 0.7209 0.1284 -0.1725 0.7129 0.1257 -0.1715 0.7110 0.1229 -0.1715 0.7119 0.1223 -0.1728 0.7097 0.1228 -0.1905 0.7201 0.1244 -0.1784 0.7120 0.1221 -0.1779 0.7130 0.1219 -0.1761 0.7124 0.1262 -0.1747 0.7106 0.1189 -0.1811 0.7124 0.1246 -0.1859 0.7155 0.1278 -0.1864 0.7151 0.1255 -0.1783 0.7161 0.1239 -0.1828 0.7193 0.1243 -0.1850 0.7162 0.1293 -0.1904 0.7179 0.1293 -0.1890 0.7192 0.1311 -0.1913 0.7184 0.1263 -0.1752 0.7135 0.1224 -0.1731 0.7094 0.1234 -0.1843 0.7177 0.1229 -0.1766 0.7159 0.1270 -0.1805 0.7213 0.1278 -0.1864 0.7231 0.1251 -0.1863 0.7252 0.1278 -0.1894 0.7213 0.1233 -0.1855 0.7163 0.1229 -0.1821 0.7184 0.1306 -0.1812 0.7195 0.1301 -0.1835 0.7174 0.1303 -0.1799 0.7130 0.1268 -0.1780 0.7119 0.1258" />
                    </IndexedFaceSet>
                  </Shape>
                  </HAnimSegment>
</HAnimJoint>
<HAnimJoint DEF="Joe_r_carpometacarpal_3" name="r_carpometacarpal_3">
<HAnimSegment DEF="Joe_r_metacarpal_3" name="r_metacarpal_3">
<TouchSensor description="r_metacarpal_3">
</TouchSensor>
<Shape>
                    <Appearance USE="Bone" />
                    <IndexedFaceSet coordIndex="2 3 1 -1 8 9 1 -1 1 10 8 -1 12 16 17 -1 12 18 16 -1 21 3 12 -1 3 2 12 -1 7 22 23 -1 7 1 22 -1 4 0 7 -1 13 25 14 -1 23 24 7 -1 23 15 24 -1 14 30 13 -1 21 12 11 -1 31 11 32 -1 31 21 11 -1 34 15 33 -1 37 38 39 -1 37 40 38 -1 15 41 42 -1 28 47 48 -1 28 26 47 -1 49 35 50 -1 38 35 49 -1 8 28 51 -1 8 10 28 -1 13 44 19 -1 15 53 24 -1 53 15 34 -1 52 15 54 -1 52 33 15 -1 35 52 30 -1 45 35 30 -1 45 50 35 -1 36 47 53 -1 46 55 49 -1 49 39 38 -1 46 56 55 -1 14 56 46 -1 8 12 9 -1 3 31 22 -1 21 31 3 -1 57 15 32 -1 43 17 56 -1 17 43 12 -1 58 25 57 -1 15 25 41 -1 57 25 15 -1 7 26 4 -1 10 1 20 -1 18 12 8 -1 20 28 10 -1 27 26 28 -1 1 7 0 -1 0 29 1 -1 4 29 0 -1 4 6 29 -1 31 23 22 -1 31 15 23 -1 22 1 3 -1 5 27 20 -1 27 4 26 -1 28 20 27 -1 28 48 51 -1 26 53 47 -1 11 25 58 -1 43 25 11 -1 56 14 43 -1 11 12 43 -1 32 58 57 -1 32 11 58 -1 16 56 17 -1 55 56 16 -1 16 49 55 -1 49 16 39 -1 40 51 48 -1 40 37 51 -1 52 35 33 -1 45 49 50 -1 53 34 36 -1 54 42 52 -1 15 42 54 -1 44 30 52 -1 52 19 44 -1 19 52 42 -1 46 49 45 -1 43 14 25 -1 25 13 41 -1 14 46 45 -1 14 45 30 -1 51 18 8 -1 37 18 51 -1 4 5 6 -1 6 1 29 -1 36 48 47 -1 48 36 40 -1 27 5 4 -1 2 1 9 -1 1 5 20 -1 1 6 5 -1 42 13 19 -1 42 41 13 -1 18 39 16 -1 18 37 39 -1 40 35 38 -1 40 36 35 -1 36 33 35 -1 36 34 33 -1 15 31 32 -1 44 13 30 -1 12 2 9 -1 26 24 53 -1 26 7 24 -1" creaseAngle="1.5">
                      <Coordinate point="-0.1915 0.7165 0.0974 -0.1955 0.7185 0.0954 -0.2016 0.7268 0.0934 -0.2006 0.7271 0.0942 -0.1873 0.7134 0.1005 -0.1917 0.7106 0.0955 -0.1910 0.7108 0.0936 -0.1925 0.7190 0.1019 -0.2038 0.7259 0.0944 -0.2025 0.7264 0.0937 -0.1977 0.7176 0.0948 -0.2061 0.7398 0.0914 -0.2068 0.7345 0.0923 -0.2094 0.7480 0.0973 -0.2136 0.7452 0.0932 -0.2020 0.7403 0.1014 -0.2127 0.7358 0.0948 -0.2109 0.7364 0.0924 -0.2096 0.7316 0.0949 -0.2071 0.7496 0.0993 -0.1957 0.7134 0.0962 -0.2037 0.7341 0.0934 -0.1992 0.7276 0.0976 -0.1978 0.7288 0.1010 -0.1981 0.7290 0.1025 -0.2073 0.7475 0.0944 -0.1954 0.7172 0.1022 -0.1949 0.7137 0.0998 -0.1988 0.7175 0.0982 -0.1886 0.7136 0.0949 -0.2134 0.7463 0.1043 -0.2024 0.7347 0.0969 -0.2038 0.7394 0.0965 -0.2066 0.7385 0.1047 -0.2045 0.7342 0.1041 -0.2108 0.7381 0.1039 -0.2079 0.7326 0.1030 -0.2103 0.7311 0.0974 -0.2127 0.7355 0.1003 -0.2132 0.7353 0.0972 -0.2099 0.7315 0.1002 -0.2043 0.7476 0.0992 -0.2041 0.7478 0.1016 -0.2103 0.7434 0.0901 -0.2104 0.7488 0.1037 -0.2161 0.7442 0.1015 -0.2168 0.7425 0.0962 -0.2045 0.7258 0.1020 -0.2056 0.7252 0.1000 -0.2154 0.7397 0.0994 -0.2121 0.7389 0.1035 -0.2058 0.7252 0.0974 -0.2083 0.7448 0.1054 -0.2018 0.7274 0.1036 -0.2068 0.7442 0.1049 -0.2149 0.7390 0.0947 -0.2133 0.7400 0.0920 -0.2051 0.7433 0.0960 -0.2056 0.7427 0.0929" />
                    </IndexedFaceSet>
                  </Shape>
                  <Shape>
                    <Appearance USE="Bone" />
                    <IndexedFaceSet coordIndex="4 5 6 -1 7 8 9 -1 9 10 7 -1 11 12 7 -1 15 9 16 -1 21 22 23 -1 2 19 3 -1 8 27 26 -1 23 28 21 -1 28 14 29 -1 28 23 14 -1 4 6 30 -1 2 3 24 -1 23 22 14 -1 31 32 15 -1 31 33 32 -1 8 7 12 -1 8 12 27 -1 13 17 14 -1 13 16 17 -1 0 4 30 -1 0 1 4 -1 0 2 24 -1 11 29 14 -1 14 17 11 -1 34 35 2 -1 3 18 4 -1 30 21 0 -1 21 36 0 -1 5 18 6 -1 5 20 18 -1 0 24 3 -1 27 11 17 -1 27 12 11 -1 16 26 17 -1 9 8 16 -1 15 16 13 -1 36 38 39 -1 40 2 0 -1 2 40 34 -1 41 19 35 -1 19 41 18 -1 36 42 38 -1 36 43 42 -1 44 45 40 -1 44 33 45 -1 35 31 25 -1 34 31 35 -1 35 25 46 -1 22 47 48 -1 47 22 21 -1 46 15 13 -1 25 15 46 -1 33 7 32 -1 33 44 7 -1 38 11 37 -1 42 11 38 -1 48 14 22 -1 48 13 14 -1 36 21 43 -1 45 34 40 -1 47 41 35 -1 3 1 0 -1 3 4 1 -1 18 3 19 -1 4 20 5 -1 4 18 20 -1 21 41 47 -1 18 30 6 -1 46 13 48 -1 11 28 29 -1 42 28 11 -1 44 39 7 -1 48 35 46 -1 35 48 47 -1 31 15 25 -1 34 33 31 -1 34 45 33 -1 40 39 44 -1 39 40 36 -1 43 28 42 -1 28 43 21 -1 21 30 18 -1 18 41 21 -1 2 35 19 -1 0 36 40 -1 39 37 7 -1 37 39 38 -1 10 15 32 -1 15 10 9 -1 10 32 7 -1 37 11 7 -1 26 16 8 -1 17 26 27 -1" creaseAngle="1.5">
                      <Coordinate point="-0.1883 0.7074 0.0500 -0.1872 0.7069 0.0510 -0.1887 0.7089 0.0468 -0.1852 0.7081 0.0466 -0.1846 0.7075 0.0511 -0.1830 0.7094 0.0520 -0.1855 0.7085 0.0527 -0.2006 0.7165 0.0518 -0.1988 0.7187 0.0497 -0.1997 0.7186 0.0461 -0.2024 0.7165 0.0489 -0.1973 0.7174 0.0558 -0.1985 0.7177 0.0531 -0.1963 0.7209 0.0492 -0.1957 0.7193 0.0551 -0.1989 0.7190 0.0457 -0.1967 0.7208 0.0487 -0.1954 0.7208 0.0534 -0.1855 0.7110 0.0501 -0.1870 0.7102 0.0466 -0.1849 0.7114 0.0521 -0.1895 0.7116 0.0528 -0.1923 0.7166 0.0527 -0.1923 0.7162 0.0532 -0.1862 0.7067 0.0462 -0.1948 0.7157 0.0466 -0.1972 0.7202 0.0507 -0.1972 0.7194 0.0525 -0.1930 0.7147 0.0543 -0.1965 0.7180 0.0559 -0.1863 0.7077 0.0523 -0.1961 0.7140 0.0470 -0.2024 0.7159 0.0486 -0.1971 0.7123 0.0483 -0.1914 0.7105 0.0473 -0.1914 0.7114 0.0472 -0.1919 0.7094 0.0517 -0.2008 0.7155 0.0538 -0.1960 0.7121 0.0531 -0.1967 0.7118 0.0518 -0.1925 0.7092 0.0500 -0.1890 0.7122 0.0498 -0.1944 0.7132 0.0542 -0.1913 0.7109 0.0533 -0.1971 0.7118 0.0502 -0.1934 0.7100 0.0481 -0.1939 0.7166 0.0479 -0.1906 0.7134 0.0499 -0.1931 0.7167 0.0501" />
                    </IndexedFaceSet>
                  </Shape>
                  </HAnimSegment>
</HAnimJoint>
<HAnimJoint DEF="Joe_r_carpometacarpal_4" name="r_carpometacarpal_4">
<HAnimSegment DEF="Joe_r_metacarpal_4" name="r_metacarpal_4">
<TouchSensor description="r_metacarpal_4">
</TouchSensor>
<Shape>
                    <Appearance USE="Bone" />
                    <IndexedFaceSet coordIndex="0 1 2 -1 2 3 0 -1 10 12 13 -1 14 15 16 -1 14 17 15 -1 18 16 15 -1 19 16 18 -1 24 25 6 -1 27 28 29 -1 30 31 11 -1 32 25 33 -1 34 6 25 -1 20 0 3 -1 20 35 0 -1 1 7 6 -1 3 2 36 -1 24 33 25 -1 24 38 33 -1 28 5 37 -1 39 31 30 -1 9 11 8 -1 12 10 26 -1 40 41 29 -1 4 3 36 -1 10 42 26 -1 43 11 31 -1 43 10 11 -1 39 14 31 -1 45 46 20 -1 47 46 45 -1 48 8 49 -1 5 6 7 -1 50 49 8 -1 49 50 51 -1 12 50 13 -1 20 23 22 -1 20 46 23 -1 52 51 53 -1 23 51 52 -1 40 52 53 -1 40 29 52 -1 42 41 26 -1 42 54 41 -1 55 54 42 -1 56 28 27 -1 56 54 57 -1 43 58 55 -1 58 31 14 -1 31 58 43 -1 57 19 56 -1 57 16 19 -1 59 60 45 -1 59 61 60 -1 44 18 59 -1 61 15 62 -1 61 18 15 -1 48 60 63 -1 47 60 48 -1 63 64 8 -1 63 62 64 -1 17 65 15 -1 30 8 64 -1 13 8 10 -1 30 11 9 -1 22 35 20 -1 22 37 35 -1 38 6 5 -1 38 24 6 -1 38 45 33 -1 38 44 45 -1 21 32 33 -1 4 32 21 -1 34 25 4 -1 7 37 5 -1 2 34 36 -1 1 34 2 -1 34 4 36 -1 6 34 1 -1 35 37 0 -1 20 33 45 -1 21 33 20 -1 25 32 4 -1 44 59 45 -1 5 44 38 -1 5 28 44 -1 37 66 28 -1 37 22 66 -1 20 3 4 -1 30 9 8 -1 30 64 65 -1 65 39 30 -1 17 39 65 -1 65 62 15 -1 62 65 64 -1 63 8 48 -1 63 61 62 -1 60 61 63 -1 59 18 61 -1 47 45 60 -1 14 57 58 -1 16 57 14 -1 44 56 19 -1 28 56 44 -1 57 55 58 -1 55 57 54 -1 56 41 54 -1 56 27 41 -1 43 55 42 -1 41 27 29 -1 52 28 66 -1 52 29 28 -1 40 12 26 -1 40 53 12 -1 12 53 51 -1 23 66 22 -1 23 52 66 -1 51 50 12 -1 23 49 51 -1 46 49 23 -1 8 13 50 -1 8 11 10 -1 49 47 48 -1 49 46 47 -1 21 20 4 -1 18 44 19 -1 39 17 14 -1 42 10 43 -1 37 7 0 -1 40 26 41 -1 0 7 1 -1" creaseAngle="1.5">
                      <Coordinate point="-0.2023 0.7161 0.0766 -0.1978 0.7128 0.0729 -0.1987 0.7129 0.0763 -0.1978 0.7173 0.0800 -0.1943 0.7197 0.0792 -0.2067 0.7227 0.0716 -0.1984 0.7167 0.0692 -0.2007 0.7140 0.0734 -0.2139 0.7467 0.0810 -0.2162 0.7504 0.0774 -0.2241 0.7464 0.0783 -0.2193 0.7490 0.0769 -0.2216 0.7408 0.0809 -0.2198 0.7458 0.0834 -0.2156 0.7434 0.0693 -0.2125 0.7395 0.0717 -0.2132 0.7389 0.0703 -0.2146 0.7439 0.0697 -0.2100 0.7340 0.0718 -0.2103 0.7336 0.0707 -0.2030 0.7242 0.0795 -0.2022 0.7253 0.0792 -0.2075 0.7245 0.0795 -0.2119 0.7318 0.0807 -0.1960 0.7187 0.0722 -0.1953 0.7182 0.0731 -0.2230 0.7404 0.0792 -0.2150 0.7297 0.0731 -0.2109 0.7246 0.0736 -0.2156 0.7291 0.0755 -0.2154 0.7485 0.0737 -0.2191 0.7485 0.0693 -0.1965 0.7201 0.0770 -0.2002 0.7229 0.0767 -0.1938 0.7155 0.0751 -0.2048 0.7192 0.0783 -0.1945 0.7135 0.0783 -0.2071 0.7199 0.0744 -0.2017 0.7224 0.0728 -0.2165 0.7494 0.0706 -0.2199 0.7341 0.0762 -0.2197 0.7343 0.0747 -0.2241 0.7409 0.0730 -0.2225 0.7458 0.0698 -0.2065 0.7276 0.0716 -0.2039 0.7277 0.0784 -0.2083 0.7344 0.0808 -0.2076 0.7351 0.0804 -0.2104 0.7402 0.0811 -0.2111 0.7397 0.0814 -0.2169 0.7425 0.0827 -0.2155 0.7372 0.0814 -0.2143 0.7300 0.0794 -0.2185 0.7354 0.0799 -0.2181 0.7357 0.0714 -0.2228 0.7405 0.0716 -0.2138 0.7305 0.0720 -0.2161 0.7371 0.0706 -0.2190 0.7417 0.0695 -0.2067 0.7292 0.0737 -0.2086 0.7350 0.0779 -0.2095 0.7346 0.0755 -0.2124 0.7401 0.0755 -0.2116 0.7404 0.0782 -0.2139 0.7446 0.0756 -0.2141 0.7443 0.0725 -0.2090 0.7250 0.0792" />
                    </IndexedFaceSet>
                  </Shape>
                  </HAnimSegment>
</HAnimJoint>
<HAnimJoint DEF="Joe_r_carpometacarpal_5" name="r_carpometacarpal_5">
<HAnimSegment DEF="Joe_r_metacarpal_5" name="r_metacarpal_5">
<TouchSensor description="r_metacarpal_5">
</TouchSensor>
<Shape>
                    <Appearance USE="Bone" />
                    <IndexedFaceSet coordIndex="0 12 10 -1 12 11 10 -1 14 0 8 -1 15 0 14 -1 10 16 17 -1 17 9 10 -1 20 0 15 -1 3 7 19 -1 22 4 19 -1 19 23 22 -1 2 9 17 -1 18 24 25 -1 18 26 24 -1 1 14 8 -1 26 31 24 -1 26 32 31 -1 33 7 3 -1 5 23 19 -1 7 5 19 -1 16 18 2 -1 36 37 30 -1 38 31 35 -1 35 39 38 -1 17 16 2 -1 13 9 2 -1 22 6 4 -1 6 40 4 -1 41 42 36 -1 42 43 36 -1 28 1 18 -1 1 2 18 -1 10 11 29 -1 44 45 5 -1 45 44 46 -1 43 33 49 -1 33 43 42 -1 5 34 6 -1 4 40 51 -1 22 5 6 -1 22 23 5 -1 53 27 8 -1 9 13 10 -1 24 38 21 -1 24 31 38 -1 34 39 35 -1 36 52 37 -1 54 30 55 -1 30 54 56 -1 57 44 47 -1 57 58 44 -1 12 59 60 -1 12 21 59 -1 48 61 62 -1 12 60 63 -1 15 14 25 -1 24 15 25 -1 34 64 65 -1 64 34 35 -1 52 66 37 -1 52 67 66 -1 48 41 68 -1 48 42 41 -1 62 47 48 -1 57 47 62 -1 69 34 46 -1 39 34 69 -1 7 33 48 -1 33 3 50 -1 49 50 3 -1 49 33 50 -1 67 51 40 -1 51 67 52 -1 67 6 65 -1 6 67 40 -1 70 39 69 -1 70 38 39 -1 60 57 62 -1 63 61 68 -1 55 66 71 -1 55 37 66 -1 64 71 66 -1 64 32 71 -1 21 70 59 -1 32 54 71 -1 26 54 32 -1 11 63 72 -1 63 11 12 -1 20 12 0 -1 10 56 16 -1 10 29 56 -1 1 28 14 -1 1 8 27 -1 13 2 73 -1 0 27 53 -1 73 0 13 -1 30 56 29 -1 2 0 73 -1 2 27 0 -1 1 27 2 -1 26 18 54 -1 8 0 53 -1 21 38 70 -1 35 32 64 -1 35 31 32 -1 30 41 36 -1 30 72 41 -1 72 68 41 -1 72 63 68 -1 69 59 70 -1 69 58 59 -1 65 6 34 -1 4 51 52 -1 52 3 4 -1 52 49 3 -1 46 34 45 -1 7 48 47 -1 3 19 4 -1 71 54 55 -1 58 46 44 -1 69 46 58 -1 61 48 68 -1 36 43 52 -1 65 66 67 -1 66 65 64 -1 14 18 25 -1 14 28 18 -1 63 62 61 -1 63 60 62 -1 21 20 15 -1 20 21 12 -1 58 60 59 -1 60 58 57 -1 47 5 7 -1 13 0 10 -1 37 55 30 -1 16 54 18 -1 56 54 16 -1 15 24 21 -1 49 52 43 -1 45 34 5 -1 33 42 48 -1 5 47 44 -1 72 29 11 -1 30 29 72 -1" creaseAngle="1.5">
                      <Coordinate point="-0.2036 0.7190 0.0532 -0.1996 0.7215 0.0510 -0.1999 0.7205 0.0473 -0.2228 0.7464 0.0513 -0.2184 0.7490 0.0531 -0.2209 0.7432 0.0593 -0.2158 0.7469 0.0568 -0.2230 0.7450 0.0561 -0.1970 0.7209 0.0536 -0.2035 0.7194 0.0480 -0.2060 0.7234 0.0489 -0.2086 0.7244 0.0506 -0.2084 0.7237 0.0530 -0.2026 0.7176 0.0498 -0.1996 0.7223 0.0548 -0.2027 0.7227 0.0561 -0.2044 0.7238 0.0491 -0.2020 0.7218 0.0473 -0.2040 0.7242 0.0504 -0.2231 0.7464 0.0530 -0.2062 0.7212 0.0532 -0.2053 0.7257 0.0566 -0.2174 0.7485 0.0570 -0.2214 0.7464 0.0579 -0.2053 0.7277 0.0558 -0.2030 0.7252 0.0552 -0.2059 0.7275 0.0531 -0.1986 0.7194 0.0505 -0.2015 0.7226 0.0520 -0.2079 0.7267 0.0495 -0.2114 0.7340 0.0492 -0.2095 0.7339 0.0567 -0.2098 0.7340 0.0537 -0.2226 0.7416 0.0505 -0.2147 0.7432 0.0590 -0.2120 0.7386 0.0574 -0.2144 0.7388 0.0482 -0.2131 0.7393 0.0487 -0.2094 0.7340 0.0575 -0.2121 0.7383 0.0582 -0.2154 0.7472 0.0536 -0.2172 0.7368 0.0491 -0.2202 0.7404 0.0490 -0.2179 0.7422 0.0485 -0.2190 0.7394 0.0586 -0.2182 0.7424 0.0600 -0.2170 0.7408 0.0594 -0.2215 0.7390 0.0557 -0.2217 0.7390 0.0532 -0.2193 0.7441 0.0490 -0.2226 0.7437 0.0497 -0.2156 0.7465 0.0504 -0.2156 0.7445 0.0493 -0.1977 0.7182 0.0529 -0.2066 0.7278 0.0502 -0.2107 0.7345 0.0493 -0.2073 0.7275 0.0493 -0.2172 0.7347 0.0566 -0.2160 0.7358 0.0580 -0.2127 0.7316 0.0573 -0.2142 0.7306 0.0548 -0.2183 0.7344 0.0529 -0.2178 0.7343 0.0548 -0.2146 0.7307 0.0523 -0.2123 0.7393 0.0543 -0.2142 0.7439 0.0548 -0.2125 0.7396 0.0514 -0.2143 0.7444 0.0524 -0.2181 0.7354 0.0509 -0.2143 0.7371 0.0586 -0.2110 0.7327 0.0578 -0.2103 0.7343 0.0514 -0.2135 0.7322 0.0497 -0.2003 0.7174 0.0487" />
                    </IndexedFaceSet>
                  </Shape>
                  </HAnimSegment>
</HAnimJoint>
<HAnimJoint DEF="Joe_r_carpometacarpal_2" name="r_carpometacarpal_2">
<HAnimSegment DEF="Joe_r_metacarpal_2" name="r_metacarpal_2">
<TouchSensor description="r_metacarpal_2">
</TouchSensor>
<Shape>
                    <Appearance USE="Bone" />
                    <IndexedFaceSet coordIndex="0 1 2 -1 3 4 0 -1 5 6 7 -1 21 22 23 -1 9 18 20 -1 13 27 17 -1 9 26 18 -1 22 25 30 -1 31 32 33 -1 23 29 28 -1 34 35 8 -1 9 37 36 -1 7 38 5 -1 24 28 29 -1 0 19 39 -1 0 40 19 -1 3 41 5 -1 16 11 42 -1 8 16 42 -1 43 22 30 -1 22 15 25 -1 15 22 4 -1 6 41 0 -1 5 41 6 -1 5 38 37 -1 36 26 9 -1 26 36 44 -1 35 45 8 -1 46 45 35 -1 22 2 1 -1 2 22 21 -1 0 4 1 -1 25 14 18 -1 3 12 15 -1 38 7 49 -1 33 49 31 -1 33 38 49 -1 40 0 2 -1 46 32 45 -1 29 50 51 -1 29 52 50 -1 2 23 53 -1 23 2 21 -1 20 47 9 -1 47 48 17 -1 5 17 3 -1 49 6 39 -1 49 7 6 -1 36 38 54 -1 37 38 36 -1 25 44 30 -1 25 26 44 -1 23 22 52 -1 31 39 19 -1 39 31 49 -1 55 34 56 -1 55 54 34 -1 29 51 57 -1 53 28 11 -1 33 32 46 -1 58 8 59 -1 24 57 59 -1 16 8 32 -1 54 35 34 -1 42 11 10 -1 25 15 14 -1 17 13 47 -1 17 27 13 -1 48 20 18 -1 48 47 20 -1 12 18 14 -1 48 18 12 -1 47 13 9 -1 17 48 3 -1 13 5 9 -1 8 10 24 -1 8 42 10 -1 10 11 28 -1 24 59 8 -1 53 23 28 -1 29 57 24 -1 51 59 57 -1 51 58 59 -1 45 32 8 -1 32 11 16 -1 58 50 56 -1 50 58 51 -1 46 38 33 -1 22 50 52 -1 22 43 50 -1 44 54 55 -1 54 44 36 -1 22 1 4 -1 12 3 48 -1 32 19 11 -1 32 31 19 -1 2 11 40 -1 53 11 2 -1 23 52 29 -1 56 8 58 -1 8 56 34 -1 43 56 50 -1 56 43 55 -1 17 5 13 -1 15 12 14 -1 25 18 26 -1 39 6 0 -1 46 54 38 -1 46 35 54 -1 3 0 41 -1 3 15 4 -1 55 30 44 -1 55 43 30 -1 28 24 10 -1 5 37 9 -1 40 11 19 -1" creaseAngle="1.5">
                      <Coordinate point="-0.1722 0.7084 0.0925 -0.1746 0.7087 0.0921 -0.1809 0.7115 0.0930 -0.1662 0.7064 0.0892 -0.1718 0.7071 0.0907 -0.1646 0.7082 0.0941 -0.1703 0.7088 0.0945 -0.1710 0.7093 0.0966 -0.1862 0.7103 0.1020 -0.1642 0.7041 0.0956 -0.1882 0.7127 0.0946 -0.1839 0.7143 0.0971 -0.1648 0.7048 0.0875 -0.1617 0.7074 0.0954 -0.1638 0.7029 0.0880 -0.1677 0.7057 0.0891 -0.1857 0.7146 0.1007 -0.1629 0.7074 0.0911 -0.1653 0.7027 0.0920 -0.1797 0.7129 0.0966 -0.1629 0.7032 0.0931 -0.1815 0.7102 0.0911 -0.1743 0.7062 0.0902 -0.1833 0.7091 0.0911 -0.1899 0.7085 0.0973 -0.1691 0.7035 0.0905 -0.1684 0.7038 0.0937 -0.1619 0.7083 0.0940 -0.1874 0.7133 0.0943 -0.1872 0.7087 0.0923 -0.1726 0.7041 0.0927 -0.1792 0.7130 0.0988 -0.1830 0.7137 0.1009 -0.1793 0.7122 0.0997 -0.1811 0.7074 0.0997 -0.1802 0.7093 0.1008 -0.1695 0.7067 0.0968 -0.1692 0.7072 0.0968 -0.1721 0.7091 0.0974 -0.1735 0.7101 0.0952 -0.1801 0.7125 0.0954 -0.1666 0.7071 0.0922 -0.1874 0.7124 0.0994 -0.1762 0.7045 0.0934 -0.1720 0.7044 0.0947 -0.1833 0.7109 0.1024 -0.1798 0.7107 0.1002 -0.1610 0.7054 0.0930 -0.1621 0.7046 0.0905 -0.1731 0.7104 0.0963 -0.1828 0.7056 0.0949 -0.1867 0.7062 0.0956 -0.1828 0.7063 0.0924 -0.1853 0.7133 0.0934 -0.1743 0.7070 0.0980 -0.1756 0.7049 0.0959 -0.1821 0.7059 0.0976 -0.1886 0.7068 0.0960 -0.1863 0.7069 0.0988 -0.1882 0.7075 0.0992" />
                    </IndexedFaceSet>
                  </Shape>
                  <Shape>
                    <Appearance USE="Bone" />
                    <IndexedFaceSet coordIndex="4 5 6 -1 14 15 16 -1 14 3 15 -1 13 6 5 -1 19 20 4 -1 22 23 8 -1 8 12 17 -1 14 10 12 -1 25 4 20 -1 10 11 12 -1 30 15 3 -1 30 31 15 -1 1 21 24 -1 32 33 34 -1 33 32 35 -1 31 36 15 -1 5 7 8 -1 39 7 38 -1 28 18 27 -1 2 18 28 -1 19 36 41 -1 36 19 4 -1 30 28 31 -1 43 10 12 -1 10 43 12 -1 44 4 25 -1 5 4 44 -1 45 28 27 -1 45 41 28 -1 38 9 37 -1 21 46 47 -1 48 46 21 -1 27 18 49 -1 45 9 20 -1 45 49 9 -1 8 17 40 -1 40 16 6 -1 16 10 14 -1 37 9 0 -1 29 1 49 -1 9 49 1 -1 5 8 13 -1 30 2 28 -1 34 7 32 -1 33 3 22 -1 33 2 3 -1 35 48 2 -1 35 46 48 -1 38 5 44 -1 5 38 7 -1 51 46 52 -1 51 47 46 -1 21 51 24 -1 49 18 29 -1 0 51 37 -1 0 24 51 -1 21 29 18 -1 0 1 24 -1 12 11 10 -1 12 3 14 -1 8 12 42 -1 12 8 23 -1 26 10 16 -1 8 40 13 -1 10 26 12 -1 50 17 12 -1 40 17 50 -1 13 40 6 -1 1 0 9 -1 1 29 21 -1 44 9 38 -1 21 47 51 -1 32 39 52 -1 7 39 32 -1 18 2 48 -1 22 34 33 -1 31 41 36 -1 31 28 41 -1 50 16 40 -1 12 22 3 -1 16 50 26 -1 50 12 26 -1 25 20 9 -1 27 49 45 -1 18 48 21 -1 52 37 51 -1 52 39 37 -1 35 52 46 -1 35 32 52 -1 12 8 42 -1 9 44 25 -1 12 23 22 -1 41 20 19 -1 41 45 20 -1 39 38 37 -1 22 7 34 -1 7 22 8 -1 4 6 16 -1 4 15 36 -1 4 16 15 -1 2 30 3 -1 2 33 35 -1" creaseAngle="1.5">
                      <Coordinate point="-0.1942 0.7135 0.0776 -0.1938 0.7163 0.0725 -0.1783 0.7104 0.0680 -0.1722 0.7101 0.0676 -0.1759 0.7133 0.0736 -0.1751 0.7123 0.0757 -0.1675 0.7133 0.0739 -0.1770 0.7108 0.0757 -0.1698 0.7091 0.0750 -0.1909 0.7177 0.0771 -0.1665 0.7107 0.0662 -0.1681 0.7081 0.0663 -0.1687 0.7072 0.0689 -0.1655 0.7116 0.0752 -0.1677 0.7114 0.0666 -0.1715 0.7116 0.0708 -0.1684 0.7120 0.0710 -0.1665 0.7077 0.0721 -0.1884 0.7136 0.0678 -0.1772 0.7136 0.0733 -0.1851 0.7166 0.0748 -0.1920 0.7129 0.0683 -0.1723 0.7078 0.0706 -0.1696 0.7074 0.0714 -0.1955 0.7113 0.0729 -0.1849 0.7162 0.0773 -0.1652 0.7098 0.0682 -0.1858 0.7155 0.0704 -0.1789 0.7131 0.0704 -0.1936 0.7160 0.0692 -0.1757 0.7116 0.0687 -0.1753 0.7121 0.0699 -0.1802 0.7084 0.0734 -0.1767 0.7082 0.0704 -0.1763 0.7083 0.0727 -0.1805 0.7083 0.0707 -0.1761 0.7132 0.0724 -0.1917 0.7118 0.0781 -0.1855 0.7137 0.0781 -0.1863 0.7112 0.0776 -0.1647 0.7104 0.0724 -0.1774 0.7134 0.0722 -0.1674 0.7079 0.0744 -0.1700 0.7093 0.0663 -0.1851 0.7153 0.0779 -0.1855 0.7160 0.0725 -0.1876 0.7089 0.0713 -0.1918 0.7094 0.0716 -0.1873 0.7100 0.0689 -0.1902 0.7174 0.0713 -0.1656 0.7096 0.0703 -0.1932 0.7099 0.0738 -0.1873 0.7090 0.0743" />
                    </IndexedFaceSet>
                  </Shape>
                  <Shape>
                    <Appearance USE="Bone" />
                    <IndexedFaceSet coordIndex="1 3 0 -1 11 13 14 -1 13 15 14 -1 12 22 4 -1 22 2 4 -1 22 12 2 -1 23 12 21 -1 14 3 11 -1 25 3 1 -1 24 18 4 -1 11 16 26 -1 27 28 29 -1 29 30 27 -1 18 24 25 -1 16 11 25 -1 3 25 11 -1 6 8 7 -1 7 27 32 -1 9 13 31 -1 8 6 34 -1 34 9 8 -1 30 32 27 -1 32 30 6 -1 7 28 27 -1 29 35 26 -1 31 35 29 -1 10 30 0 -1 0 5 2 -1 23 12 1 -1 21 12 23 -1 36 0 30 -1 26 13 11 -1 24 16 25 -1 1 12 19 -1 0 3 14 -1 10 15 33 -1 15 34 33 -1 4 2 5 -1 5 24 4 -1 5 16 24 -1 28 31 29 -1 31 28 7 -1 20 4 17 -1 12 4 20 -1 16 36 26 -1 36 16 5 -1 7 32 6 -1 12 1 2 -1 12 23 1 -1 10 33 30 -1 9 15 13 -1 19 25 1 -1 19 18 25 -1 19 17 18 -1 17 19 20 -1 17 4 18 -1 19 12 20 -1 13 26 35 -1 14 15 0 -1 36 5 0 -1 0 15 10 -1 2 1 0 -1 30 33 6 -1 26 30 29 -1 26 36 30 -1 13 35 31 -1 6 33 34 -1 7 8 31 -1 9 34 15 -1 8 9 31 -1" creaseAngle="1.5">
                      <Coordinate point="-0.1785 0.7075 0.0487 -0.1747 0.7091 0.0507 -0.1754 0.7082 0.0480 -0.1766 0.7092 0.0505 -0.1747 0.7101 0.0464 -0.1760 0.7094 0.0468 -0.1840 0.7085 0.0476 -0.1842 0.7098 0.0474 -0.1834 0.7106 0.0513 -0.1816 0.7100 0.0527 -0.1807 0.7064 0.0481 -0.1784 0.7102 0.0504 -0.1727 0.7096 0.0482 -0.1811 0.7110 0.0507 -0.1788 0.7086 0.0507 -0.1808 0.7074 0.0511 -0.1777 0.7108 0.0481 -0.1725 0.7118 0.0482 -0.1742 0.7127 0.0486 -0.1739 0.7099 0.0509 -0.1724 0.7105 0.0492 -0.1726 0.7095 0.0487 -0.1741 0.7101 0.0463 -0.1740 0.7082 0.0496 -0.1755 0.7118 0.0474 -0.1762 0.7113 0.0497 -0.1804 0.7107 0.0480 -0.1827 0.7097 0.0451 -0.1840 0.7124 0.0491 -0.1824 0.7115 0.0472 -0.1819 0.7073 0.0459 -0.1845 0.7117 0.0492 -0.1834 0.7084 0.0449 -0.1828 0.7067 0.0469 -0.1823 0.7076 0.0509 -0.1814 0.7115 0.0488 -0.1799 0.7089 0.0466" />
                    </IndexedFaceSet>
                  </Shape>
                </HAnimSegment>
</HAnimJoint>
<HAnimJoint DEF="Joe_r_metacarpophalangeal_1" name="r_metacarpophalangeal_1">
<HAnimSegment DEF="Joe_r_proximal_phalanx_1" name="r_proximal_phalanx_1">
<TouchSensor description="r_proximal_phalanx_1">
</TouchSensor>
<Shape>
                    <Appearance USE="Bone" />
                    <IndexedFaceSet coordIndex="2 4 3 -1 5 10 9 -1 15 0 4 -1 15 16 0 -1 9 10 1 -1 19 14 0 -1 7 8 11 -1 22 20 2 -1 26 27 17 -1 21 0 1 -1 25 9 1 -1 1 16 25 -1 10 24 1 -1 18 19 0 -1 20 22 14 -1 27 7 6 -1 11 27 28 -1 8 27 11 -1 28 29 10 -1 27 6 17 -1 6 31 17 -1 7 31 6 -1 32 7 12 -1 9 25 33 -1 29 34 10 -1 34 26 35 -1 26 34 29 -1 7 11 33 -1 4 17 13 -1 15 13 12 -1 15 4 13 -1 4 36 17 -1 35 24 34 -1 24 35 23 -1 24 10 34 -1 24 21 1 -1 2 23 4 -1 2 14 22 -1 0 21 18 -1 5 9 11 -1 16 1 0 -1 13 32 12 -1 11 9 33 -1 29 27 26 -1 29 30 27 -1 27 8 7 -1 13 31 32 -1 18 2 20 -1 4 0 14 -1 2 3 14 -1 4 14 3 -1 23 2 24 -1 21 24 2 -1 4 35 36 -1 23 35 4 -1 16 12 25 -1 12 16 15 -1 13 17 31 -1 2 18 21 -1 36 26 17 -1 36 35 26 -1 12 33 25 -1 33 12 7 -1 7 32 31 -1 27 29 28 -1 27 30 29 -1 28 10 5 -1 28 5 11 -1 14 18 20 -1 14 19 18 -1" creaseAngle="1.5">
                      <Coordinate point="-0.1555 0.7422 0.1193 -0.1585 0.7451 0.1165 -0.1545 0.7396 0.1163 -0.1525 0.7403 0.1172 -0.1539 0.7452 0.1173 -0.1627 0.7504 0.1150 -0.1530 0.7515 0.1120 -0.1566 0.7527 0.1144 -0.1570 0.7517 0.1108 -0.1616 0.7488 0.1167 -0.1612 0.7480 0.1143 -0.1597 0.7518 0.1144 -0.1564 0.7497 0.1165 -0.1539 0.7495 0.1159 -0.1530 0.7397 0.1188 -0.1563 0.7468 0.1175 -0.1576 0.7465 0.1176 -0.1523 0.7490 0.1137 -0.1560 0.7379 0.1184 -0.1546 0.7407 0.1199 -0.1544 0.7365 0.1182 -0.1566 0.7411 0.1178 -0.1525 0.7374 0.1174 -0.1553 0.7441 0.1152 -0.1570 0.7445 0.1153 -0.1602 0.7495 0.1170 -0.1556 0.7481 0.1119 -0.1561 0.7506 0.1104 -0.1611 0.7504 0.1121 -0.1589 0.7483 0.1121 -0.1585 0.7487 0.1115 -0.1535 0.7509 0.1146 -0.1551 0.7513 0.1153 -0.1598 0.7512 0.1165 -0.1584 0.7470 0.1135 -0.1554 0.7471 0.1135 -0.1531 0.7472 0.1147" />
                    </IndexedFaceSet>
                  </Shape>
                  </HAnimSegment>
</HAnimJoint>
<HAnimJoint DEF="Joe_r_carpometacarpal_1" name="r_carpometacarpal_1">
<HAnimSegment DEF="Joe_r_metacarpal_1" name="r_metacarpal_1">
<TouchSensor description="r_metacarpal_1">
</TouchSensor>
<Shape>
                    <Appearance USE="Bone" />
                    <IndexedFaceSet coordIndex="6 7 8 -1 9 10 11 -1 12 7 13 -1 16 17 15 -1 18 19 20 -1 14 24 25 -1 23 0 1 -1 24 14 26 -1 28 27 21 -1 28 21 25 -1 31 8 32 -1 32 33 31 -1 21 22 23 -1 27 19 18 -1 34 18 20 -1 8 7 12 -1 34 8 35 -1 36 31 5 -1 11 37 35 -1 11 10 37 -1 1 0 23 -1 26 0 3 -1 23 14 21 -1 4 8 5 -1 6 39 7 -1 7 9 13 -1 12 11 35 -1 8 12 35 -1 4 31 33 -1 5 31 4 -1 36 8 31 -1 33 7 4 -1 15 33 20 -1 32 34 20 -1 10 34 37 -1 15 20 40 -1 16 3 0 -1 0 14 23 -1 16 0 41 -1 17 29 7 -1 30 29 17 -1 35 8 38 -1 30 18 10 -1 18 30 42 -1 19 3 20 -1 26 25 24 -1 26 3 25 -1 21 27 22 -1 28 19 27 -1 2 41 0 -1 2 42 41 -1 17 7 15 -1 18 42 2 -1 8 34 32 -1 14 25 21 -1 37 34 35 -1 36 5 8 -1 15 7 33 -1 10 29 30 -1 28 3 19 -1 3 28 25 -1 0 22 27 -1 0 23 22 -1 2 27 18 -1 2 0 27 -1 16 15 40 -1 42 30 41 -1 16 30 17 -1 16 41 30 -1 40 3 16 -1 40 20 3 -1 10 18 34 -1 20 33 32 -1 29 10 9 -1 12 9 11 -1 13 9 12 -1 7 39 4 -1 39 8 4 -1 6 8 39 -1 7 29 9 -1 35 38 8 -1 14 0 26 -1" creaseAngle="1.5">
                      <Coordinate point="-0.1643 0.7066 0.1188 -0.1635 0.7070 0.1189 -0.1649 0.7080 0.1196 -0.1658 0.7065 0.1162 -0.1729 0.7069 0.1197 -0.1733 0.7072 0.1195 -0.1727 0.7109 0.1200 -0.1712 0.7080 0.1223 -0.1728 0.7119 0.1199 -0.1691 0.7112 0.1236 -0.1678 0.7114 0.1220 -0.1691 0.7130 0.1227 -0.1706 0.7118 0.1222 -0.1711 0.7102 0.1220 -0.1624 0.7062 0.1161 -0.1696 0.7062 0.1209 -0.1670 0.7066 0.1197 -0.1688 0.7068 0.1217 -0.1670 0.7098 0.1191 -0.1658 0.7083 0.1164 -0.1687 0.7086 0.1183 -0.1624 0.7088 0.1149 -0.1629 0.7095 0.1165 -0.1617 0.7079 0.1173 -0.1639 0.7059 0.1146 -0.1638 0.7070 0.1140 -0.1649 0.7058 0.1163 -0.1645 0.7092 0.1172 -0.1645 0.7082 0.1145 -0.1686 0.7095 0.1233 -0.1679 0.7085 0.1227 -0.1720 0.7079 0.1179 -0.1710 0.7103 0.1182 -0.1712 0.7064 0.1191 -0.1695 0.7114 0.1193 -0.1708 0.7134 0.1211 -0.1732 0.7101 0.1189 -0.1696 0.7129 0.1204 -0.1729 0.7124 0.1197 -0.1730 0.7082 0.1203 -0.1682 0.7064 0.1199 -0.1671 0.7073 0.1209 -0.1665 0.7087 0.1210" />
                    </IndexedFaceSet>
                  </Shape>
                  <Shape>
                    <Appearance USE="Bone" />
                    <IndexedFaceSet coordIndex="7 9 8 -1 10 6 11 -1 15 16 14 -1 17 19 18 -1 12 13 23 -1 12 1 0 -1 12 22 1 -1 23 13 25 -1 26 12 0 -1 27 20 21 -1 5 6 28 -1 27 21 23 -1 29 16 7 -1 16 30 7 -1 31 28 32 -1 32 14 31 -1 21 20 22 -1 1 19 17 -1 28 6 10 -1 34 7 8 -1 8 9 34 -1 25 26 3 -1 7 36 29 -1 6 5 4 -1 11 7 10 -1 10 7 34 -1 14 35 31 -1 35 14 4 -1 34 9 28 -1 35 28 31 -1 5 28 35 -1 14 29 37 -1 32 9 39 -1 17 38 1 -1 17 33 38 -1 18 27 40 -1 14 41 15 -1 15 3 26 -1 42 41 14 -1 33 39 9 -1 17 39 33 -1 38 33 9 -1 43 38 30 -1 17 18 3 -1 15 26 0 -1 18 19 20 -1 25 2 23 -1 27 18 20 -1 0 43 15 -1 0 1 43 -1 1 20 19 -1 16 29 14 -1 37 36 4 -1 29 36 37 -1 38 43 1 -1 3 40 2 -1 3 18 40 -1 28 9 32 -1 7 38 9 -1 12 23 24 -1 22 12 24 -1 42 17 3 -1 5 35 4 -1 38 7 30 -1 40 23 2 -1 40 27 23 -1 1 22 20 -1 22 24 21 -1 24 23 21 -1 3 2 25 -1 17 42 39 -1 15 30 16 -1 43 30 15 -1 42 3 41 -1 26 13 12 -1 3 15 41 -1 39 14 32 -1 39 42 14 -1 14 37 4 -1 10 34 28 -1 36 7 11 -1 36 6 4 -1 11 6 36 -1 13 26 25 -1" creaseAngle="1.5">
                      <Coordinate point="-0.1528 0.7032 0.0888 -0.1540 0.7050 0.0896 -0.1533 0.7043 0.0852 -0.1551 0.7038 0.0868 -0.1625 0.7032 0.0884 -0.1628 0.7054 0.0886 -0.1621 0.7050 0.0905 -0.1589 0.7058 0.0936 -0.1591 0.7070 0.0937 -0.1596 0.7082 0.0906 -0.1615 0.7073 0.0919 -0.1611 0.7062 0.0922 -0.1502 0.7040 0.0872 -0.1503 0.7040 0.0866 -0.1597 0.7025 0.0886 -0.1564 0.7030 0.0890 -0.1587 0.7028 0.0914 -0.1563 0.7059 0.0878 -0.1542 0.7059 0.0866 -0.1548 0.7060 0.0884 -0.1520 0.7068 0.0876 -0.1514 0.7071 0.0868 -0.1499 0.7054 0.0880 -0.1514 0.7052 0.0843 -0.1498 0.7062 0.0860 -0.1530 0.7034 0.0858 -0.1536 0.7031 0.0871 -0.1523 0.7065 0.0850 -0.1626 0.7082 0.0896 -0.1599 0.7035 0.0924 -0.1577 0.7045 0.0925 -0.1611 0.7048 0.0867 -0.1604 0.7070 0.0879 -0.1578 0.7068 0.0893 -0.1613 0.7088 0.0908 -0.1622 0.7048 0.0872 -0.1611 0.7038 0.0919 -0.1613 0.7025 0.0902 -0.1569 0.7062 0.0908 -0.1591 0.7061 0.0881 -0.1536 0.7059 0.0855 -0.1575 0.7029 0.0880 -0.1579 0.7041 0.0873 -0.1562 0.7045 0.0909" />
                    </IndexedFaceSet>
                  </Shape>
                  <Shape>
                    <Appearance USE="Bone" />
                    <IndexedFaceSet coordIndex="7 8 9 -1 8 10 9 -1 11 6 12 -1 0 17 16 -1 2 3 18 -1 0 1 2 -1 13 14 3 -1 13 19 23 -1 25 13 21 -1 26 19 22 -1 29 17 8 -1 17 30 8 -1 31 32 33 -1 10 2 18 -1 27 6 11 -1 35 7 9 -1 9 10 35 -1 15 4 3 -1 15 14 24 -1 38 5 39 -1 11 12 38 -1 27 11 35 -1 27 37 6 -1 38 7 11 -1 11 7 35 -1 36 31 5 -1 34 35 10 -1 27 34 32 -1 36 32 31 -1 37 32 36 -1 40 41 5 -1 33 10 42 -1 34 10 33 -1 40 16 41 -1 38 39 29 -1 16 40 0 -1 0 15 24 -1 25 13 1 -1 21 13 25 -1 17 29 39 -1 15 0 40 -1 44 15 40 -1 18 42 10 -1 45 8 30 -1 2 8 45 -1 18 4 15 -1 18 3 4 -1 19 3 2 -1 3 22 13 -1 2 13 20 -1 1 13 2 -1 3 19 26 -1 7 38 8 -1 0 2 45 -1 16 39 41 -1 17 39 16 -1 29 8 38 -1 19 2 28 -1 32 34 33 -1 27 32 37 -1 13 22 19 -1 37 36 5 -1 13 1 24 -1 13 25 1 -1 3 26 22 -1 20 28 2 -1 20 19 28 -1 20 23 19 -1 23 20 13 -1 15 3 14 -1 8 43 10 -1 8 2 43 -1 18 44 42 -1 15 44 18 -1 0 30 17 -1 45 30 0 -1 24 1 0 -1 2 10 43 -1 42 31 33 -1 42 44 31 -1 40 31 44 -1 41 39 5 -1 35 34 27 -1 31 40 5 -1 6 37 5 -1 38 6 5 -1 6 38 12 -1 13 24 14 -1" creaseAngle="1.5">
                      <Coordinate point="-0.1593 0.7086 0.0691 -0.1554 0.7103 0.0699 -0.1576 0.7113 0.0704 -0.1566 0.7123 0.0669 -0.1567 0.7118 0.0670 -0.1650 0.7073 0.0674 -0.1658 0.7090 0.0688 -0.1645 0.7111 0.0741 -0.1622 0.7103 0.0733 -0.1644 0.7123 0.0737 -0.1634 0.7124 0.0715 -0.1660 0.7112 0.0717 -0.1656 0.7093 0.0701 -0.1532 0.7120 0.0671 -0.1566 0.7103 0.0674 -0.1591 0.7098 0.0675 -0.1615 0.7070 0.0690 -0.1617 0.7075 0.0711 -0.1605 0.7118 0.0685 -0.1551 0.7146 0.0683 -0.1535 0.7130 0.0701 -0.1529 0.7117 0.0685 -0.1540 0.7134 0.0657 -0.1529 0.7139 0.0681 -0.1559 0.7100 0.0686 -0.1542 0.7102 0.0693 -0.1554 0.7140 0.0663 -0.1672 0.7115 0.0692 -0.1562 0.7133 0.0698 -0.1627 0.7079 0.0725 -0.1615 0.7093 0.0727 -0.1633 0.7091 0.0663 -0.1664 0.7118 0.0679 -0.1641 0.7118 0.0677 -0.1653 0.7131 0.0694 -0.1664 0.7126 0.0719 -0.1651 0.7092 0.0664 -0.1665 0.7101 0.0670 -0.1646 0.7084 0.0720 -0.1646 0.7073 0.0700 -0.1619 0.7080 0.0671 -0.1627 0.7068 0.0686 -0.1615 0.7116 0.0684 -0.1598 0.7118 0.0705 -0.1616 0.7097 0.0672 -0.1596 0.7100 0.0714" />
                    </IndexedFaceSet>
                  </Shape>
                  </HAnimSegment>
</HAnimJoint>
</HAnimJoint>
          </HAnimJoint>
        </HAnimJoint>
      </HAnimJoint>
    </HAnimHumanoid>
    <TimeSensor DEF="n_Time" cycleInterval="3.25" enabled="false" loop="true" />
    <BooleanToggle DEF="ToggleTouch" />
    <OrientationInterpolator DEF="r_shoulderRotInterp" key="0 0.25 0.4 0.5 0.6 0.8 1" keyValue="0 0 1 0 -1.65 0 -1.05 1.5 -1.65 0 -1.05 2.5 -1.65 0 -1.05 2.6 -1.65 0 -1.05 2.4 -1.65 0 -1.05 1.4 0 0 1 0" />
    <OrientationInterpolator DEF="r_elbowRotInterp" key="0 0.25 0.49 0.71 1" keyValue="-1 0 0 0.975 -0.99 0.09 0.02 1.55 -1 0 0 1.55 -0.99 0.19 -0.18 1.35 -1 0 0 0.975" />
    <OrientationInterpolator DEF="r_wristRotInterp" key="0 0.2 0.3 0.4 0.5 0.8 1" keyValue="0 0 1 0 0 0 1 0 0 0 0.1 1 0 0 -0.05 1 0 0 0.2 1 0 0 1 0 0 0 1 0" />
    <OrientationInterpolator DEF="l_shoulderRotInterp" key="0 0.22 0.49 0.75 1" keyValue="1.99 -0.074 5.25 1.5 1.99 -0.092 5.44 0.3 -1.99 0.136 5.25 1.85 1.99 -0.081 5.38 0.4 1.99 -0.074 5.25 1.5" />
    <OrientationInterpolator DEF="l_elbowRotInterp" key="0 0.22 0.49 0.745 1" keyValue="-1 0 0 1.85 -0.99 -0.19 0.18 1.35 -1 1 0 1.975 -0.99 -0.09 -0.02 1.55 -1 0 0 1.85" />
    <OrientationInterpolator DEF="l_wristRotInterp" key="0 0.25 0.25 0.5 0.75 0.85 1" keyValue="-0.25 -1 0.08 0.14 0.25 1 -0.08 0.14 0 0 1 0 0 0 1 0 0.25 1 -0.08 -0.14 -0.25 -1 0.08 0.14 -0.25 -1 0.08 0.14" />
    <OrientationInterpolator DEF="headRotInterp" key="0 0.254 0.491 0.71 1" keyValue="1 0 0 0.08 1 0 0 0.12 1 0 0 0.3 1 0 0 0.3 1 0 0 0.08" />
    <OrientationInterpolator DEF="mandRotInterp" key="0 0.25 0.4 0.65 0.71 1" keyValue="0 0 1 0 -0.7 0 0 0.5 -0.3 0 0 0.6 -0.6 0 0 0.5 -0.75 0 0 0.5 0 0 1 0" />
    <PositionInterpolator DEF="chestScaleInterp" key="0 0.2 0.5 0.65 1" keyValue="1 1 1 1.055 1 1.0175 1.07 1 1.02 1.095 1 1.035 1 1 1" />
    <OrientationInterpolator DEF="upper_bodyRotInterp" key="0 0.2545 0.5 0.766 1" keyValue="0.97 0.65 0.086 0.5 0.9 0.003 -0.02 0.38 0.95 -0.68 -0.086 0.5 0.9 0.004 -0.025 0.4 0.97 0.65 0.086 0.5" />
    <OrientationInterpolator DEF="whole_bodyRotInterp" key="0 0.25 0.5 0.65 0.75 0.8 1" keyValue="1 0 0 0.06 1 0 0 0.18 1 0 0 0.06 1 0 0 -0.05 1 0 0 -0.11 1 0 0 -0.09 1 0 0 0.06" />
    <PositionInterpolator DEF="whole_bodyTranInterp" key="0 0.18 0.3 0.34 0.5 0.69 0.72 0.78 1" keyValue="0 -0.01 0 0 -0.032 0 0 -0.039 0 0 -0.037 0 0 -0.02 0 0 -0.034 0 0 -0.039 0 0 -0.037 0 0 -0.01 0" />
    <Transform DEF="Circle0">
      <Shape>
        <Appearance>
          <Material diffuseColor="0.9 0 0.7" emissiveColor="0.424956 0.483976 1" />
        </Appearance>
        <IndexedLineSet DEF="Orbit1" coordIndex="0 1 2 3 4 5 6 7 8 9 10 11 12 13 14 15 16 17 18 19 20 21 22 23 24 25 26 27 28 29 30 31 32 33 34 35 36 37 38 39 40 41 42 43 44 45 46 47 48 49 50 51 52 53 54 55 56 57 58 59 60 -1">
          <Coordinate point="1 0 0 0.995 0 -0.105 0.979 0 -0.208 0.951 0 -0.309 0.914 0 -0.407 0.866 0 -0.5 0.809 0 -0.588 0.743 0 -0.669 0.669 0 -0.743 0.588 0 -0.809 0.5 0 -0.866 0.407 0 -0.914 0.309 0 -0.951 0.208 0 -0.978 0.105 0 -0.995 0 0 -1 -0.105 0 -0.994522 -0.208 0 -0.978 -0.309 0 -0.951 -0.407 0 -0.914 -0.5 0 -0.866 -0.588 0 -0.809 -0.669 0 -0.743 -0.743 0 -0.669 -0.809 0 -0.588 -0.866 0 -0.5 -0.914 0 -0.407 -0.951 0 -0.309 -0.978 0 -0.208 -0.995 0 -0.105 -1 0 0 -0.995 0 0.105 -0.978 0 0.208 -0.951 0 0.309 -0.914 0 0.407 -0.866 0 0.5 -0.809 0 0.588 -0.743 0 0.669 -0.669 0 0.743 -0.588 0 0.809 -0.5 0 0.866 -0.407 0 0.914 -0.309 0 0.951 -0.208 0 0.978 -0.105 0 0.995 0 0 1 0.105 0 0.995 0.208 0 0.978 0.309 0 0.951 0.407 0 0.914 0.5 0 0.866 0.588 0 0.809 0.669 0 0.743 0.743 0 0.669 0.809 0 0.588 0.866 0 0.5 0.914 0 0.407 0.951 0 0.309 0.978 0 0.208 0.995 0 0.104 1 0 0" />
        </IndexedLineSet>
      </Shape>
    </Transform>
    <ROUTE fromField="isOver" fromNode="GoTimer" toField="set_boolean" toNode="ToggleTouch" />
    <ROUTE fromField="toggle_changed" fromNode="ToggleTouch" toField="set_enabled" toNode="n_Time" />
    <ROUTE fromField="fraction_changed" fromNode="n_Time" toField="set_fraction" toNode="chestScaleInterp" />
    <ROUTE fromField="value_changed" fromNode="chestScaleInterp" toField="set_scale" toNode="Breath" />
    <ROUTE fromField="fraction_changed" fromNode="n_Time" toField="set_fraction" toNode="r_wristRotInterp" />
    <ROUTE fromField="fraction_changed" fromNode="n_Time" toField="set_fraction" toNode="r_elbowRotInterp" />
    <ROUTE fromField="fraction_changed" fromNode="n_Time" toField="set_fraction" toNode="r_shoulderRotInterp" />
    <ROUTE fromField="fraction_changed" fromNode="n_Time" toField="set_fraction" toNode="l_wristRotInterp" />
    <ROUTE fromField="fraction_changed" fromNode="n_Time" toField="set_fraction" toNode="l_elbowRotInterp" />
    <ROUTE fromField="fraction_changed" fromNode="n_Time" toField="set_fraction" toNode="l_shoulderRotInterp" />
    <ROUTE fromField="fraction_changed" fromNode="n_Time" toField="set_fraction" toNode="headRotInterp" />
    <ROUTE fromField="fraction_changed" fromNode="n_Time" toField="set_fraction" toNode="mandRotInterp" />
    <ROUTE fromField="value_changed" fromNode="r_wristRotInterp" toField="set_rotation" toNode="Joe_r_wrist" />
    <ROUTE fromField="value_changed" fromNode="r_elbowRotInterp" toField="set_rotation" toNode="Joe_r_elbow" />
    <ROUTE fromField="value_changed" fromNode="r_shoulderRotInterp" toField="set_rotation" toNode="Joe_r_shoulder" />
    <ROUTE fromField="value_changed" fromNode="l_wristRotInterp" toField="set_rotation" toNode="Joe_l_wrist" />
    <ROUTE fromField="value_changed" fromNode="l_elbowRotInterp" toField="set_rotation" toNode="Joe_l_elbow" />
    <ROUTE fromField="value_changed" fromNode="l_shoulderRotInterp" toField="set_rotation" toNode="Joe_l_shoulder" />
    <ROUTE fromField="value_changed" fromNode="headRotInterp" toField="set_rotation" toNode="Joe_skullbase" />
    <ROUTE fromField="value_changed" fromNode="mandRotInterp" toField="set_rotation" toNode="Joe_vc4" />
    <ROUTE fromField="fraction_changed" fromNode="n_Time" toField="set_fraction" toNode="upper_bodyRotInterp" />
    <ROUTE fromField="fraction_changed" fromNode="n_Time" toField="set_fraction" toNode="whole_bodyRotInterp" />
    <ROUTE fromField="fraction_changed" fromNode="n_Time" toField="set_fraction" toNode="whole_bodyTranInterp" />
    <ROUTE fromField="value_changed" fromNode="upper_bodyRotInterp" toField="set_rotation" toNode="Joe_vc4" />
    <ROUTE fromField="value_changed" fromNode="whole_bodyRotInterp" toField="set_rotation" toNode="Joe_HumanoidRoot" />
    <ROUTE fromField="value_changed" fromNode="whole_bodyTranInterp" toField="set_translation" toNode="Joe_HumanoidRoot" />
  </Scene>
</X3D>